timestamp,goldstein_score_mean,avg_tone_mean,event_count_total,verbal_coop_count,material_coop_count,verbal_conflict_count,material_conflict_count,protest_count,country_iso3,conflict_cooperation_ratio,conflict_intensity_pct
2024-01-07,0.3350000000000001,-2.252804410047137,18,10,2,2,4,0,AFG,0.5384615384615384,0.33333314814825105
2024-01-14,-2.088888888888889,-5.27700228892616,11,4,0,7,0,0,AFG,1.6,0.6363630578517656
2023-12-17,1.4,-3.78637303227858,2,2,0,0,0,0,AFR,0.3333333333333333,0.0
2023-12-24,,,0,0,0,0,0,0,AFR,1.0,0.0
2023-12-31,-2.0,-7.421875,1,0,0,1,0,0,AFR,2.0,0.9999900000999989
2024-01-07,-0.8014728327228328,-3.6518215229427153,69,29,10,20,10,0,AFR,0.775,0.434782545683689
2024-01-14,0.6463581360596286,-2.9081378074039783,173,107,21,33,12,1,AFR,0.35658914728682173,0.26011559190083283
2024-01-07,7.0,4.26470588235294,1,1,0,0,0,0,AGO,0.5,0.0
2024-01-14,5.0,2.26824457593689,9,0,9,0,0,0,AGO,0.1,0.0
2024-01-07,-10.0,-1.24326564442602,2,0,0,0,2,0,ALB,3.0,0.9999950000249999
2024-01-14,-2.0,-0.26666666666666,2,0,0,2,0,0,ALB,3.0,0.9999950000249999
2023-12-17,1.0,-2.9038112522686,1,1,0,0,0,0,ARE,0.5,0.0
2023-12-24,,,0,0,0,0,0,0,ARE,1.0,0.0
2023-12-31,,,0,0,0,0,0,0,ARE,1.0,0.0
2024-01-07,0.339047619047619,1.1198172166449765,23,18,0,3,2,1,ARE,0.3157894736842105,0.21739120982990878
2024-01-14,3.5633333333333335,-1.5268563484752722,51,38,12,1,0,0,ARE,0.0392156862745098,0.01960783929258053
2024-01-07,3.6666666666666665,1.13513513513513,3,1,2,0,0,0,ARG,0.25,0.0
2024-01-14,2.995,-0.6869642922854451,8,7,1,0,0,0,ARG,0.1111111111111111,0.0
2024-01-07,1.2837037037037036,-0.80799666099429,23,14,3,1,5,0,ARM,0.3888888888888889,0.26086945179589055
2024-01-14,2.3514285714285714,-0.33853662634657056,19,16,0,1,2,0,ARM,0.23529411764705882,0.15789465373965592
2024-01-14,8.0,6.06060606060606,2,2,0,0,0,0,ATG,0.3333333333333333,0.0
2023-01-08,-2.0,-0.46838407494145,1,0,0,1,0,0,AUS,2.0,0.9999900000999989
2023-01-15,-0.4,-4.0,1,1,0,0,0,0,AUS,0.5,0.0
2023-01-22,,,0,0,0,0,0,0,AUS,1.0,0.0
2023-01-29,,,0,0,0,0,0,0,AUS,1.0,0.0
2023-02-05,,,0,0,0,0,0,0,AUS,1.0,0.0
2023-02-12,,,0,0,0,0,0,0,AUS,1.0,0.0
2023-02-19,,,0,0,0,0,0,0,AUS,1.0,0.0
2023-02-26,,,0,0,0,0,0,0,AUS,1.0,0.0
2023-03-05,,,0,0,0,0,0,0,AUS,1.0,0.0
2023-03-12,,,0,0,0,0,0,0,AUS,1.0,0.0
2023-03-19,,,0,0,0,0,0,0,AUS,1.0,0.0
2023-03-26,,,0,0,0,0,0,0,AUS,1.0,0.0
2023-04-02,,,0,0,0,0,0,0,AUS,1.0,0.0
2023-04-09,,,0,0,0,0,0,0,AUS,1.0,0.0
2023-04-16,,,0,0,0,0,0,0,AUS,1.0,0.0
2023-04-23,,,0,0,0,0,0,0,AUS,1.0,0.0
2023-04-30,,,0,0,0,0,0,0,AUS,1.0,0.0
2023-05-07,,,0,0,0,0,0,0,AUS,1.0,0.0
2023-05-14,,,0,0,0,0,0,0,AUS,1.0,0.0
2023-05-21,,,0,0,0,0,0,0,AUS,1.0,0.0
2023-05-28,,,0,0,0,0,0,0,AUS,1.0,0.0
2023-06-04,,,0,0,0,0,0,0,AUS,1.0,0.0
2023-06-11,,,0,0,0,0,0,0,AUS,1.0,0.0
2023-06-18,,,0,0,0,0,0,0,AUS,1.0,0.0
2023-06-25,,,0,0,0,0,0,0,AUS,1.0,0.0
2023-07-02,,,0,0,0,0,0,0,AUS,1.0,0.0
2023-07-09,,,0,0,0,0,0,0,AUS,1.0,0.0
2023-07-16,,,0,0,0,0,0,0,AUS,1.0,0.0
2023-07-23,,,0,0,0,0,0,0,AUS,1.0,0.0
2023-07-30,,,0,0,0,0,0,0,AUS,1.0,0.0
2023-08-06,,,0,0,0,0,0,0,AUS,1.0,0.0
2023-08-13,,,0,0,0,0,0,0,AUS,1.0,0.0
2023-08-20,,,0,0,0,0,0,0,AUS,1.0,0.0
2023-08-27,,,0,0,0,0,0,0,AUS,1.0,0.0
2023-09-03,,,0,0,0,0,0,0,AUS,1.0,0.0
2023-09-10,,,0,0,0,0,0,0,AUS,1.0,0.0
2023-09-17,,,0,0,0,0,0,0,AUS,1.0,0.0
2023-09-24,,,0,0,0,0,0,0,AUS,1.0,0.0
2023-10-01,,,0,0,0,0,0,0,AUS,1.0,0.0
2023-10-08,,,0,0,0,0,0,0,AUS,1.0,0.0
2023-10-15,,,0,0,0,0,0,0,AUS,1.0,0.0
2023-10-22,,,0,0,0,0,0,0,AUS,1.0,0.0
2023-10-29,,,0,0,0,0,0,0,AUS,1.0,0.0
2023-11-05,,,0,0,0,0,0,0,AUS,1.0,0.0
2023-11-12,,,0,0,0,0,0,0,AUS,1.0,0.0
2023-11-19,,,0,0,0,0,0,0,AUS,1.0,0.0
2023-11-26,,,0,0,0,0,0,0,AUS,1.0,0.0
2023-12-03,,,0,0,0,0,0,0,AUS,1.0,0.0
2023-12-10,-7.2,-3.77002827521207,2,0,0,0,2,0,AUS,3.0,0.9999950000249999
2023-12-17,,,0,0,0,0,0,0,AUS,1.0,0.0
2023-12-24,,,0,0,0,0,0,0,AUS,1.0,0.0
2023-12-31,,,0,0,0,0,0,0,AUS,1.0,0.0
2024-01-07,1.1326448193278553,-2.865998422685225,162,114,19,18,11,1,AUS,0.22388059701492538,0.17901233462886823
2024-01-14,1.2097985494986994,-0.8555514120458267,202,142,20,24,16,0,AUS,0.25153374233128833,0.198019792177238
2024-01-07,-5.333333333333333,-0.6321210999573568,3,1,0,0,2,0,AUT,1.5,0.6666644444518518
2024-01-14,0.85625,-0.04147522029366002,10,10,0,0,0,0,AUT,0.09090909090909091,0.0
2024-01-07,3.272222222222222,-1.6991451624369065,14,9,4,1,0,0,AZE,0.14285714285714285,0.0714285204081997
2024-01-14,-1.7041666666666666,-3.8597972972973,19,8,2,0,9,0,AZE,0.9090909090909091,0.4736839612189678
2024-01-14,-1.3199999999999998,-6.80851063829787,10,0,2,3,5,0,BDI,3.0,0.7999992000008
2023-12-10,-7.2,-3.77002827521207,2,0,0,0,2,0,BEL,3.0,0.9999950000249999
2023-12-17,,,0,0,0,0,0,0,BEL,1.0,0.0
2023-12-24,,,0,0,0,0,0,0,BEL,1.0,0.0
2023-12-31,,,0,0,0,0,0,0,BEL,1.0,0.0
2024-01-07,2.815757575757576,-4.7693211316616475,25,16,0,9,0,0,BEL,0.5882352941176471,0.3599998560000576
2024-01-14,1.2121212121212122,-1.6544849947287064,17,11,4,0,2,0,BEL,0.1875,0.11764698961941787
2024-01-07,3.46,-3.5647279549718496,5,4,1,0,0,0,BEN,0.16666666666666666,0.0
2024-01-14,-2.025,-0.700278925930275,4,2,0,2,0,0,BEN,1.0,0.49999875000312505
2024-01-14,-5.0,-3.0701754385965,2,0,0,2,0,0,BFA,3.0,0.9999950000249999
2024-01-07,0.7933333333333336,-4.9320799317816135,18,10,1,3,4,0,BGD,0.6666666666666666,0.3888886728396262
2024-01-14,0.5336363636363636,-2.5272965198062134,29,13,6,8,2,2,BGD,0.55,0.3448274673008733
2024-01-07,6.276470588235294,3.9560800396713702,19,19,0,0,0,0,BGR,0.05,0.0
2024-01-14,4.0,-1.67224080267559,5,5,0,0,0,0,BGR,0.16666666666666666,0.0
2023-12-10,-7.2,-3.77002827521207,2,0,0,0,2,0,BHR,3.0,0.9999950000249999
2023-12-17,,,0,0,0,0,0,0,BHR,1.0,0.0
2023-12-24,,,0,0,0,0,0,0,BHR,1.0,0.0
2023-12-31,,,0,0,0,0,0,0,BHR,1.0,0.0
2024-01-07,2.2142857142857144,-7.196012895666282,41,35,0,6,0,0,BHR,0.19444444444444445,0.146341427721603
2024-01-14,1.6333333333333333,-3.7910227891681396,10,9,0,0,1,0,BHR,0.2,0.0999999000001
2024-01-07,1.1028571428571428,-2.4587801259168574,14,2,6,5,1,0,BHS,0.7777777777777778,0.42857112244919826
2024-01-14,1.4666666666666668,-1.24400566656988,5,3,0,2,0,0,BHS,0.75,0.39999920000160005
2024-01-07,-2.119642857142857,-3.071553994714389,20,6,5,2,7,0,BLR,0.8333333333333334,0.4499997750001125
2024-01-14,8.0,-1.1441647597254,1,1,0,0,0,0,BLR,0.5,0.0
2024-01-07,0.25,3.9932432432432474,4,2,1,1,0,0,BLZ,0.5,0.24999937500156252
2024-01-14,3.0,0.33112582781457,1,1,0,0,0,0,BLZ,0.5,0.0
2024-01-07,2.7333333333333334,1.047139172795875,4,4,0,0,0,0,BMU,0.2,0.0
2024-01-14,-4.4,0.69444444444444,1,0,0,1,0,0,BMU,2.0,0.9999900000999989
2024-01-07,0.4299999999999998,-2.1145915665403123,9,6,2,1,0,0,BOL,0.2222222222222222,0.11111098765445816
2024-01-14,4.883333333333334,-5.5706612484308335,17,15,2,0,0,0,BOL,0.05555555555555555,0.0
2024-01-07,4.716,0.631493321472156,16,8,8,0,0,0,BRA,0.058823529411764705,0.0
2024-01-14,0.4083333333333334,-0.4428581338328126,22,14,8,0,0,0,BRA,0.043478260869565216,0.0
2024-01-07,1.9,4.661925057131749,6,5,0,0,1,0,BRB,0.3333333333333333,0.16666638888935187
2024-01-07,0.9916666666666667,0.88269321621833,11,7,1,2,1,0,BTN,0.4444444444444444,0.2727270247936138
2024-01-14,0.0,9.13978494623656,1,1,0,0,0,0,BTN,0.5,0.0
2024-01-07,3.6999999999999997,-0.43859649122807,6,6,0,0,0,0,BWA,0.14285714285714285,0.0
2024-01-14,5.266666666666667,2.045847030462421,9,0,9,0,0,0,BWA,0.1,0.0
2023-01-08,-0.20000000000000004,-1.4895860407720465,3,2,0,1,0,0,CAN,0.6666666666666666,0.3333322222259259
2023-01-15,3.5,1.9950489259678053,4,2,1,1,0,0,CAN,0.5,0.24999937500156252
2023-01-22,,,0,0,0,0,0,0,CAN,1.0,0.0
2023-01-29,,,0,0,0,0,0,0,CAN,1.0,0.0
2023-02-05,,,0,0,0,0,0,0,CAN,1.0,0.0
2023-02-12,,,0,0,0,0,0,0,CAN,1.0,0.0
2023-02-19,,,0,0,0,0,0,0,CAN,1.0,0.0
2023-02-26,,,0,0,0,0,0,0,CAN,1.0,0.0
2023-03-05,,,0,0,0,0,0,0,CAN,1.0,0.0
2023-03-12,,,0,0,0,0,0,0,CAN,1.0,0.0
2023-03-19,,,0,0,0,0,0,0,CAN,1.0,0.0
2023-03-26,,,0,0,0,0,0,0,CAN,1.0,0.0
2023-04-02,,,0,0,0,0,0,0,CAN,1.0,0.0
2023-04-09,,,0,0,0,0,0,0,CAN,1.0,0.0
2023-04-16,,,0,0,0,0,0,0,CAN,1.0,0.0
2023-04-23,,,0,0,0,0,0,0,CAN,1.0,0.0
2023-04-30,,,0,0,0,0,0,0,CAN,1.0,0.0
2023-05-07,,,0,0,0,0,0,0,CAN,1.0,0.0
2023-05-14,,,0,0,0,0,0,0,CAN,1.0,0.0
2023-05-21,,,0,0,0,0,0,0,CAN,1.0,0.0
2023-05-28,,,0,0,0,0,0,0,CAN,1.0,0.0
2023-06-04,,,0,0,0,0,0,0,CAN,1.0,0.0
2023-06-11,,,0,0,0,0,0,0,CAN,1.0,0.0
2023-06-18,,,0,0,0,0,0,0,CAN,1.0,0.0
2023-06-25,,,0,0,0,0,0,0,CAN,1.0,0.0
2023-07-02,,,0,0,0,0,0,0,CAN,1.0,0.0
2023-07-09,,,0,0,0,0,0,0,CAN,1.0,0.0
2023-07-16,,,0,0,0,0,0,0,CAN,1.0,0.0
2023-07-23,,,0,0,0,0,0,0,CAN,1.0,0.0
2023-07-30,,,0,0,0,0,0,0,CAN,1.0,0.0
2023-08-06,,,0,0,0,0,0,0,CAN,1.0,0.0
2023-08-13,,,0,0,0,0,0,0,CAN,1.0,0.0
2023-08-20,,,0,0,0,0,0,0,CAN,1.0,0.0
2023-08-27,,,0,0,0,0,0,0,CAN,1.0,0.0
2023-09-03,,,0,0,0,0,0,0,CAN,1.0,0.0
2023-09-10,,,0,0,0,0,0,0,CAN,1.0,0.0
2023-09-17,,,0,0,0,0,0,0,CAN,1.0,0.0
2023-09-24,,,0,0,0,0,0,0,CAN,1.0,0.0
2023-10-01,,,0,0,0,0,0,0,CAN,1.0,0.0
2023-10-08,,,0,0,0,0,0,0,CAN,1.0,0.0
2023-10-15,,,0,0,0,0,0,0,CAN,1.0,0.0
2023-10-22,,,0,0,0,0,0,0,CAN,1.0,0.0
2023-10-29,,,0,0,0,0,0,0,CAN,1.0,0.0
2023-11-05,,,0,0,0,0,0,0,CAN,1.0,0.0
2023-11-12,,,0,0,0,0,0,0,CAN,1.0,0.0
2023-11-19,,,0,0,0,0,0,0,CAN,1.0,0.0
2023-11-26,,,0,0,0,0,0,0,CAN,1.0,0.0
2023-12-03,,,0,0,0,0,0,0,CAN,1.0,0.0
2023-12-10,-7.2,-3.77002827521207,2,0,0,0,2,0,CAN,3.0,0.9999950000249999
2023-12-17,,,0,0,0,0,0,0,CAN,1.0,0.0
2023-12-24,,,0,0,0,0,0,0,CAN,1.0,0.0
2023-12-31,,,0,0,0,0,0,0,CAN,1.0,0.0
2024-01-07,0.5807712984183572,-2.52564825650831,367,230,37,49,51,1,CAN,0.376865671641791,0.2724795566081865
2024-01-14,0.8771446476658618,-2.7188222046049395,436,287,58,48,43,2,CAN,0.2658959537572254,0.2087155915432204
2024-01-07,2.3833333333333333,2.784356730566179,8,7,0,0,1,0,CHE,0.25,0.12499984375019532
2024-01-14,2.3625,1.9894547521520909,15,9,6,0,0,0,CHE,0.0625,0.0
2024-01-14,-0.9500000000000002,-4.240190129278443,6,3,0,3,0,0,CHL,1.0,0.4999991666680556
2023-01-01,3.5,-0.8,1,1,0,0,0,0,CHN,0.5,0.0
2023-01-08,-3.8,-1.234443973519125,4,1,0,0,3,0,CHN,2.0,0.7499981250046875
2023-01-15,1.0,-2.50403877221325,2,2,0,0,0,0,CHN,0.3333333333333333,0.0
2023-01-22,,,0,0,0,0,0,0,CHN,1.0,0.0
2023-01-29,,,0,0,0,0,0,0,CHN,1.0,0.0
2023-02-05,,,0,0,0,0,0,0,CHN,1.0,0.0
2023-02-12,,,0,0,0,0,0,0,CHN,1.0,0.0
2023-02-19,,,0,0,0,0,0,0,CHN,1.0,0.0
2023-02-26,,,0,0,0,0,0,0,CHN,1.0,0.0
2023-03-05,,,0,0,0,0,0,0,CHN,1.0,0.0
2023-03-12,,,0,0,0,0,0,0,CHN,1.0,0.0
2023-03-19,,,0,0,0,0,0,0,CHN,1.0,0.0
2023-03-26,,,0,0,0,0,0,0,CHN,1.0,0.0
2023-04-02,,,0,0,0,0,0,0,CHN,1.0,0.0
2023-04-09,,,0,0,0,0,0,0,CHN,1.0,0.0
2023-04-16,,,0,0,0,0,0,0,CHN,1.0,0.0
2023-04-23,,,0,0,0,0,0,0,CHN,1.0,0.0
2023-04-30,,,0,0,0,0,0,0,CHN,1.0,0.0
2023-05-07,,,0,0,0,0,0,0,CHN,1.0,0.0
2023-05-14,,,0,0,0,0,0,0,CHN,1.0,0.0
2023-05-21,,,0,0,0,0,0,0,CHN,1.0,0.0
2023-05-28,,,0,0,0,0,0,0,CHN,1.0,0.0
2023-06-04,,,0,0,0,0,0,0,CHN,1.0,0.0
2023-06-11,,,0,0,0,0,0,0,CHN,1.0,0.0
2023-06-18,,,0,0,0,0,0,0,CHN,1.0,0.0
2023-06-25,,,0,0,0,0,0,0,CHN,1.0,0.0
2023-07-02,,,0,0,0,0,0,0,CHN,1.0,0.0
2023-07-09,,,0,0,0,0,0,0,CHN,1.0,0.0
2023-07-16,,,0,0,0,0,0,0,CHN,1.0,0.0
2023-07-23,,,0,0,0,0,0,0,CHN,1.0,0.0
2023-07-30,,,0,0,0,0,0,0,CHN,1.0,0.0
2023-08-06,,,0,0,0,0,0,0,CHN,1.0,0.0
2023-08-13,,,0,0,0,0,0,0,CHN,1.0,0.0
2023-08-20,,,0,0,0,0,0,0,CHN,1.0,0.0
2023-08-27,,,0,0,0,0,0,0,CHN,1.0,0.0
2023-09-03,,,0,0,0,0,0,0,CHN,1.0,0.0
2023-09-10,,,0,0,0,0,0,0,CHN,1.0,0.0
2023-09-17,,,0,0,0,0,0,0,CHN,1.0,0.0
2023-09-24,,,0,0,0,0,0,0,CHN,1.0,0.0
2023-10-01,,,0,0,0,0,0,0,CHN,1.0,0.0
2023-10-08,,,0,0,0,0,0,0,CHN,1.0,0.0
2023-10-15,,,0,0,0,0,0,0,CHN,1.0,0.0
2023-10-22,,,0,0,0,0,0,0,CHN,1.0,0.0
2023-10-29,,,0,0,0,0,0,0,CHN,1.0,0.0
2023-11-05,,,0,0,0,0,0,0,CHN,1.0,0.0
2023-11-12,,,0,0,0,0,0,0,CHN,1.0,0.0
2023-11-19,,,0,0,0,0,0,0,CHN,1.0,0.0
2023-11-26,,,0,0,0,0,0,0,CHN,1.0,0.0
2023-12-03,,,0,0,0,0,0,0,CHN,1.0,0.0
2023-12-10,,,0,0,0,0,0,0,CHN,1.0,0.0
2023-12-17,,,0,0,0,0,0,0,CHN,1.0,0.0
2023-12-24,,,0,0,0,0,0,0,CHN,1.0,0.0
2023-12-31,0.4,-0.8,1,1,0,0,0,0,CHN,0.5,0.0
2024-01-07,0.986359049202955,-1.5448087413085594,205,121,39,27,18,1,CHN,0.2857142857142857,0.21951218441403977
2024-01-14,1.3683692240537144,-1.3339911821271622,279,177,35,44,23,1,CHN,0.3192488262910798,0.24014336056833835
2024-01-14,4.0,0.83507306889352,1,1,0,0,0,0,CIV,0.5,0.0
2024-01-14,5.0,-3.09477756286267,1,0,1,0,0,0,CMR,0.5,0.0
2024-01-07,-3.66,-2.975009564005625,13,6,0,1,6,0,COD,1.1428571428571428,0.5384611242606736
2024-01-14,2.0100000000000002,-1.566902230124819,13,9,1,0,3,0,COD,0.36363636363636365,0.23076905325457442
2023-12-17,-3.2,-5.83333333333334,5,0,0,5,0,0,COG,6.0,0.9999980000040001
2023-12-24,,,0,0,0,0,0,0,COG,1.0,0.0
2023-12-31,,,0,0,0,0,0,0,COG,1.0,0.0
2024-01-07,0.5722222222222222,2.305346493955134,10,2,0,8,0,0,COG,3.0,0.7999992000008
2024-01-14,-4.0,-5.83333333333334,1,0,0,1,0,0,COG,2.0,0.9999900000999989
2024-01-07,1.5999999999999999,1.84331797235023,2,2,0,0,0,0,COK,0.3333333333333333,0.0
2024-01-07,0.3999999999999999,-2.9773562128315127,11,3,2,3,3,0,COL,1.1666666666666667,0.5454540495872277
2024-01-14,-1.1583333333333332,-8.759927834592489,20,6,2,0,12,0,COL,1.4444444444444444,0.59999970000015
2024-01-14,3.4,-5.54016620498615,2,2,0,0,0,0,COM,0.3333333333333333,0.0
2024-01-14,-3.5,2.106866328263945,2,1,0,0,1,0,CPV,1.0,0.49999750001249993
2024-01-14,3.0999999999999996,5.350839165169996,2,2,0,0,0,0,CRI,0.3333333333333333,0.0
2024-01-07,1.6633333333333333,-3.507507968605149,10,5,4,1,0,0,CUB,0.2,0.0999999000001
2024-01-14,0.238235294117647,-4.742287845608137,18,7,0,8,3,0,CUB,1.5,0.611110771605127
2024-01-14,-10.0,0.96618357487923,1,0,0,0,1,0,CYM,2.0,0.9999900000999989
2024-01-07,1.5,-3.792645104120515,2,0,2,0,0,0,CYP,0.3333333333333333,0.0
2024-01-07,0.95,1.49884580330726,2,2,0,0,0,0,CZE,0.3333333333333333,0.0
2024-01-14,6.75,1.27795527156549,4,3,1,0,0,0,CZE,0.2,0.0
2023-12-10,-7.2,-3.77002827521207,2,0,0,0,2,0,DEU,3.0,0.9999950000249999
2023-12-17,,,0,0,0,0,0,0,DEU,1.0,0.0
2023-12-24,,,0,0,0,0,0,0,DEU,1.0,0.0
2023-12-31,,,0,0,0,0,0,0,DEU,1.0,0.0
2024-01-07,-0.9713492063492065,-2.8247750431895233,81,38,8,16,19,0,DEU,0.7659574468085106,0.43209871208657874
2024-01-14,0.2082683982683983,-3.2104693098747368,61,29,11,12,9,1,DEU,0.5365853658536586,0.3442622386455346
2023-12-31,-10.0,-5.91497227356747,1,0,0,0,1,0,DJI,2.0,0.9999900000999989
2024-01-07,0.6893333333333334,-4.627345606945939,22,11,1,9,1,0,DJI,0.8461538461538461,0.4545452479339782
2024-01-14,-0.17179962894248618,-4.612803844900873,39,23,4,2,10,0,DJI,0.4642857142857143,0.30769222879686436
2024-01-07,-4.0,-0.36101083032491,1,0,0,0,1,0,DMA,2.0,0.9999900000999989
2023-12-10,-7.2,-3.77002827521207,2,0,0,0,2,0,DNK,3.0,0.9999950000249999
2023-12-17,,,0,0,0,0,0,0,DNK,1.0,0.0
2023-12-24,,,0,0,0,0,0,0,DNK,1.0,0.0
2023-12-31,,,0,0,0,0,0,0,DNK,1.0,0.0
2024-01-07,0.5617589893100098,-0.7845527092530161,89,53,17,9,10,0,DNK,0.28169014084507044,0.21348312208054807
2024-01-14,-0.1996753246753246,2.5303120876895586,26,8,12,3,3,0,DNK,0.3333333333333333,0.23076914201186846
2023-12-10,7.0,4.05209840810419,1,0,1,0,0,0,DOM,0.5,0.0
2023-12-17,,,0,0,0,0,0,0,DOM,1.0,0.0
2023-12-24,,,0,0,0,0,0,0,DOM,1.0,0.0
2023-12-31,,,0,0,0,0,0,0,DOM,1.0,0.0
2024-01-07,-1.6666666666666667,-4.050705143881957,3,2,0,0,1,0,DOM,0.6666666666666666,0.3333322222259259
2024-01-14,3.0,11.3636363636364,1,1,0,0,0,0,DOM,0.5,0.0
2024-01-07,0.5,-4.248594642629297,11,9,1,0,1,0,DZA,0.18181818181818182,0.09090900826453795
2024-01-14,0.8199999999999998,1.9715650004396,6,5,1,0,0,0,DZA,0.14285714285714285,0.0
2023-01-15,-5.3,-8.038857263547506,6,0,0,2,4,0,ECU,7.0,0.9999983333361112
2023-01-22,,,0,0,0,0,0,0,ECU,1.0,0.0
2023-01-29,,,0,0,0,0,0,0,ECU,1.0,0.0
2023-02-05,,,0,0,0,0,0,0,ECU,1.0,0.0
2023-02-12,,,0,0,0,0,0,0,ECU,1.0,0.0
2023-02-19,,,0,0,0,0,0,0,ECU,1.0,0.0
2023-02-26,,,0,0,0,0,0,0,ECU,1.0,0.0
2023-03-05,,,0,0,0,0,0,0,ECU,1.0,0.0
2023-03-12,,,0,0,0,0,0,0,ECU,1.0,0.0
2023-03-19,,,0,0,0,0,0,0,ECU,1.0,0.0
2023-03-26,,,0,0,0,0,0,0,ECU,1.0,0.0
2023-04-02,,,0,0,0,0,0,0,ECU,1.0,0.0
2023-04-09,,,0,0,0,0,0,0,ECU,1.0,0.0
2023-04-16,,,0,0,0,0,0,0,ECU,1.0,0.0
2023-04-23,,,0,0,0,0,0,0,ECU,1.0,0.0
2023-04-30,,,0,0,0,0,0,0,ECU,1.0,0.0
2023-05-07,,,0,0,0,0,0,0,ECU,1.0,0.0
2023-05-14,,,0,0,0,0,0,0,ECU,1.0,0.0
2023-05-21,,,0,0,0,0,0,0,ECU,1.0,0.0
2023-05-28,,,0,0,0,0,0,0,ECU,1.0,0.0
2023-06-04,,,0,0,0,0,0,0,ECU,1.0,0.0
2023-06-11,,,0,0,0,0,0,0,ECU,1.0,0.0
2023-06-18,,,0,0,0,0,0,0,ECU,1.0,0.0
2023-06-25,,,0,0,0,0,0,0,ECU,1.0,0.0
2023-07-02,,,0,0,0,0,0,0,ECU,1.0,0.0
2023-07-09,,,0,0,0,0,0,0,ECU,1.0,0.0
2023-07-16,,,0,0,0,0,0,0,ECU,1.0,0.0
2023-07-23,,,0,0,0,0,0,0,ECU,1.0,0.0
2023-07-30,,,0,0,0,0,0,0,ECU,1.0,0.0
2023-08-06,,,0,0,0,0,0,0,ECU,1.0,0.0
2023-08-13,,,0,0,0,0,0,0,ECU,1.0,0.0
2023-08-20,,,0,0,0,0,0,0,ECU,1.0,0.0
2023-08-27,,,0,0,0,0,0,0,ECU,1.0,0.0
2023-09-03,,,0,0,0,0,0,0,ECU,1.0,0.0
2023-09-10,,,0,0,0,0,0,0,ECU,1.0,0.0
2023-09-17,,,0,0,0,0,0,0,ECU,1.0,0.0
2023-09-24,,,0,0,0,0,0,0,ECU,1.0,0.0
2023-10-01,,,0,0,0,0,0,0,ECU,1.0,0.0
2023-10-08,,,0,0,0,0,0,0,ECU,1.0,0.0
2023-10-15,,,0,0,0,0,0,0,ECU,1.0,0.0
2023-10-22,,,0,0,0,0,0,0,ECU,1.0,0.0
2023-10-29,,,0,0,0,0,0,0,ECU,1.0,0.0
2023-11-05,,,0,0,0,0,0,0,ECU,1.0,0.0
2023-11-12,,,0,0,0,0,0,0,ECU,1.0,0.0
2023-11-19,,,0,0,0,0,0,0,ECU,1.0,0.0
2023-11-26,,,0,0,0,0,0,0,ECU,1.0,0.0
2023-12-03,,,0,0,0,0,0,0,ECU,1.0,0.0
2023-12-10,,,0,0,0,0,0,0,ECU,1.0,0.0
2023-12-17,,,0,0,0,0,0,0,ECU,1.0,0.0
2023-12-24,,,0,0,0,0,0,0,ECU,1.0,0.0
2023-12-31,,,0,0,0,0,0,0,ECU,1.0,0.0
2024-01-07,,,0,0,0,0,0,0,ECU,1.0,0.0
2024-01-14,-1.7479880952380953,-8.86376729333688,68,31,6,1,30,0,ECU,0.8421052631578947,0.45588228589966384
2023-01-15,0.0,2.58236865538735,1,1,0,0,0,0,EGY,0.5,0.0
2023-01-22,,,0,0,0,0,0,0,EGY,1.0,0.0
2023-01-29,,,0,0,0,0,0,0,EGY,1.0,0.0
2023-02-05,,,0,0,0,0,0,0,EGY,1.0,0.0
2023-02-12,,,0,0,0,0,0,0,EGY,1.0,0.0
2023-02-19,,,0,0,0,0,0,0,EGY,1.0,0.0
2023-02-26,,,0,0,0,0,0,0,EGY,1.0,0.0
2023-03-05,,,0,0,0,0,0,0,EGY,1.0,0.0
2023-03-12,,,0,0,0,0,0,0,EGY,1.0,0.0
2023-03-19,,,0,0,0,0,0,0,EGY,1.0,0.0
2023-03-26,,,0,0,0,0,0,0,EGY,1.0,0.0
2023-04-02,,,0,0,0,0,0,0,EGY,1.0,0.0
2023-04-09,,,0,0,0,0,0,0,EGY,1.0,0.0
2023-04-16,,,0,0,0,0,0,0,EGY,1.0,0.0
2023-04-23,,,0,0,0,0,0,0,EGY,1.0,0.0
2023-04-30,,,0,0,0,0,0,0,EGY,1.0,0.0
2023-05-07,,,0,0,0,0,0,0,EGY,1.0,0.0
2023-05-14,,,0,0,0,0,0,0,EGY,1.0,0.0
2023-05-21,,,0,0,0,0,0,0,EGY,1.0,0.0
2023-05-28,,,0,0,0,0,0,0,EGY,1.0,0.0
2023-06-04,,,0,0,0,0,0,0,EGY,1.0,0.0
2023-06-11,,,0,0,0,0,0,0,EGY,1.0,0.0
2023-06-18,,,0,0,0,0,0,0,EGY,1.0,0.0
2023-06-25,,,0,0,0,0,0,0,EGY,1.0,0.0
2023-07-02,,,0,0,0,0,0,0,EGY,1.0,0.0
2023-07-09,,,0,0,0,0,0,0,EGY,1.0,0.0
2023-07-16,,,0,0,0,0,0,0,EGY,1.0,0.0
2023-07-23,,,0,0,0,0,0,0,EGY,1.0,0.0
2023-07-30,,,0,0,0,0,0,0,EGY,1.0,0.0
2023-08-06,,,0,0,0,0,0,0,EGY,1.0,0.0
2023-08-13,,,0,0,0,0,0,0,EGY,1.0,0.0
2023-08-20,,,0,0,0,0,0,0,EGY,1.0,0.0
2023-08-27,,,0,0,0,0,0,0,EGY,1.0,0.0
2023-09-03,,,0,0,0,0,0,0,EGY,1.0,0.0
2023-09-10,,,0,0,0,0,0,0,EGY,1.0,0.0
2023-09-17,,,0,0,0,0,0,0,EGY,1.0,0.0
2023-09-24,,,0,0,0,0,0,0,EGY,1.0,0.0
2023-10-01,,,0,0,0,0,0,0,EGY,1.0,0.0
2023-10-08,,,0,0,0,0,0,0,EGY,1.0,0.0
2023-10-15,,,0,0,0,0,0,0,EGY,1.0,0.0
2023-10-22,,,0,0,0,0,0,0,EGY,1.0,0.0
2023-10-29,,,0,0,0,0,0,0,EGY,1.0,0.0
2023-11-05,,,0,0,0,0,0,0,EGY,1.0,0.0
2023-11-12,,,0,0,0,0,0,0,EGY,1.0,0.0
2023-11-19,,,0,0,0,0,0,0,EGY,1.0,0.0
2023-11-26,,,0,0,0,0,0,0,EGY,1.0,0.0
2023-12-03,,,0,0,0,0,0,0,EGY,1.0,0.0
2023-12-10,,,0,0,0,0,0,0,EGY,1.0,0.0
2023-12-17,,,0,0,0,0,0,0,EGY,1.0,0.0
2023-12-24,,,0,0,0,0,0,0,EGY,1.0,0.0
2023-12-31,,,0,0,0,0,0,0,EGY,1.0,0.0
2024-01-07,1.6275595238095237,-4.994912342132305,59,43,5,5,6,0,EGY,0.24489795918367346,0.18644064636599214
2024-01-14,1.899272504456328,-3.061180485212773,95,65,20,9,1,0,EGY,0.12790697674418605,0.1052631468144056
2023-01-08,4.7,-1.9565298368472002,5,5,0,0,0,0,ESP,0.16666666666666666,0.0
2023-01-15,,,0,0,0,0,0,0,ESP,1.0,0.0
2023-01-22,,,0,0,0,0,0,0,ESP,1.0,0.0
2023-01-29,,,0,0,0,0,0,0,ESP,1.0,0.0
2023-02-05,,,0,0,0,0,0,0,ESP,1.0,0.0
2023-02-12,,,0,0,0,0,0,0,ESP,1.0,0.0
2023-02-19,,,0,0,0,0,0,0,ESP,1.0,0.0
2023-02-26,,,0,0,0,0,0,0,ESP,1.0,0.0
2023-03-05,,,0,0,0,0,0,0,ESP,1.0,0.0
2023-03-12,,,0,0,0,0,0,0,ESP,1.0,0.0
2023-03-19,,,0,0,0,0,0,0,ESP,1.0,0.0
2023-03-26,,,0,0,0,0,0,0,ESP,1.0,0.0
2023-04-02,,,0,0,0,0,0,0,ESP,1.0,0.0
2023-04-09,,,0,0,0,0,0,0,ESP,1.0,0.0
2023-04-16,,,0,0,0,0,0,0,ESP,1.0,0.0
2023-04-23,,,0,0,0,0,0,0,ESP,1.0,0.0
2023-04-30,,,0,0,0,0,0,0,ESP,1.0,0.0
2023-05-07,,,0,0,0,0,0,0,ESP,1.0,0.0
2023-05-14,,,0,0,0,0,0,0,ESP,1.0,0.0
2023-05-21,,,0,0,0,0,0,0,ESP,1.0,0.0
2023-05-28,,,0,0,0,0,0,0,ESP,1.0,0.0
2023-06-04,,,0,0,0,0,0,0,ESP,1.0,0.0
2023-06-11,,,0,0,0,0,0,0,ESP,1.0,0.0
2023-06-18,,,0,0,0,0,0,0,ESP,1.0,0.0
2023-06-25,,,0,0,0,0,0,0,ESP,1.0,0.0
2023-07-02,,,0,0,0,0,0,0,ESP,1.0,0.0
2023-07-09,,,0,0,0,0,0,0,ESP,1.0,0.0
2023-07-16,,,0,0,0,0,0,0,ESP,1.0,0.0
2023-07-23,,,0,0,0,0,0,0,ESP,1.0,0.0
2023-07-30,,,0,0,0,0,0,0,ESP,1.0,0.0
2023-08-06,,,0,0,0,0,0,0,ESP,1.0,0.0
2023-08-13,,,0,0,0,0,0,0,ESP,1.0,0.0
2023-08-20,,,0,0,0,0,0,0,ESP,1.0,0.0
2023-08-27,,,0,0,0,0,0,0,ESP,1.0,0.0
2023-09-03,,,0,0,0,0,0,0,ESP,1.0,0.0
2023-09-10,,,0,0,0,0,0,0,ESP,1.0,0.0
2023-09-17,,,0,0,0,0,0,0,ESP,1.0,0.0
2023-09-24,,,0,0,0,0,0,0,ESP,1.0,0.0
2023-10-01,,,0,0,0,0,0,0,ESP,1.0,0.0
2023-10-08,,,0,0,0,0,0,0,ESP,1.0,0.0
2023-10-15,,,0,0,0,0,0,0,ESP,1.0,0.0
2023-10-22,,,0,0,0,0,0,0,ESP,1.0,0.0
2023-10-29,,,0,0,0,0,0,0,ESP,1.0,0.0
2023-11-05,,,0,0,0,0,0,0,ESP,1.0,0.0
2023-11-12,,,0,0,0,0,0,0,ESP,1.0,0.0
2023-11-19,,,0,0,0,0,0,0,ESP,1.0,0.0
2023-11-26,,,0,0,0,0,0,0,ESP,1.0,0.0
2023-12-03,,,0,0,0,0,0,0,ESP,1.0,0.0
2023-12-10,,,0,0,0,0,0,0,ESP,1.0,0.0
2023-12-17,4.0,0.45662100456621,1,1,0,0,0,0,ESP,0.5,0.0
2023-12-24,,,0,0,0,0,0,0,ESP,1.0,0.0
2023-12-31,,,0,0,0,0,0,0,ESP,1.0,0.0
2024-01-07,1.8916666666666666,0.17850355750645494,17,10,4,1,2,0,ESP,0.26666666666666666,0.1764704844291268
2024-01-14,0.46083333333333326,0.6655646714010679,27,17,0,8,2,0,ESP,0.6111111111111112,0.37037023319620993
2024-01-14,2.2857142857142856,-2.1437578814628,7,7,0,0,0,0,EST,0.125,0.0
2023-12-31,6.0,1.07816711590297,4,4,0,0,0,0,ETH,0.2,0.0
2024-01-07,2.4966666666666666,-0.9165523528377699,31,22,4,0,5,0,ETH,0.2222222222222222,0.16129027055152564
2023-01-08,6.4,2.01612903225806,1,0,1,0,0,0,EUR,0.5,0.0
2023-01-15,,,0,0,0,0,0,0,EUR,1.0,0.0
2023-01-22,,,0,0,0,0,0,0,EUR,1.0,0.0
2023-01-29,,,0,0,0,0,0,0,EUR,1.0,0.0
2023-02-05,,,0,0,0,0,0,0,EUR,1.0,0.0
2023-02-12,,,0,0,0,0,0,0,EUR,1.0,0.0
2023-02-19,,,0,0,0,0,0,0,EUR,1.0,0.0
2023-02-26,,,0,0,0,0,0,0,EUR,1.0,0.0
2023-03-05,,,0,0,0,0,0,0,EUR,1.0,0.0
2023-03-12,,,0,0,0,0,0,0,EUR,1.0,0.0
2023-03-19,,,0,0,0,0,0,0,EUR,1.0,0.0
2023-03-26,,,0,0,0,0,0,0,EUR,1.0,0.0
2023-04-02,,,0,0,0,0,0,0,EUR,1.0,0.0
2023-04-09,,,0,0,0,0,0,0,EUR,1.0,0.0
2023-04-16,,,0,0,0,0,0,0,EUR,1.0,0.0
2023-04-23,,,0,0,0,0,0,0,EUR,1.0,0.0
2023-04-30,,,0,0,0,0,0,0,EUR,1.0,0.0
2023-05-07,,,0,0,0,0,0,0,EUR,1.0,0.0
2023-05-14,,,0,0,0,0,0,0,EUR,1.0,0.0
2023-05-21,,,0,0,0,0,0,0,EUR,1.0,0.0
2023-05-28,,,0,0,0,0,0,0,EUR,1.0,0.0
2023-06-04,,,0,0,0,0,0,0,EUR,1.0,0.0
2023-06-11,,,0,0,0,0,0,0,EUR,1.0,0.0
2023-06-18,,,0,0,0,0,0,0,EUR,1.0,0.0
2023-06-25,,,0,0,0,0,0,0,EUR,1.0,0.0
2023-07-02,,,0,0,0,0,0,0,EUR,1.0,0.0
2023-07-09,,,0,0,0,0,0,0,EUR,1.0,0.0
2023-07-16,,,0,0,0,0,0,0,EUR,1.0,0.0
2023-07-23,,,0,0,0,0,0,0,EUR,1.0,0.0
2023-07-30,,,0,0,0,0,0,0,EUR,1.0,0.0
2023-08-06,,,0,0,0,0,0,0,EUR,1.0,0.0
2023-08-13,,,0,0,0,0,0,0,EUR,1.0,0.0
2023-08-20,,,0,0,0,0,0,0,EUR,1.0,0.0
2023-08-27,,,0,0,0,0,0,0,EUR,1.0,0.0
2023-09-03,,,0,0,0,0,0,0,EUR,1.0,0.0
2023-09-10,,,0,0,0,0,0,0,EUR,1.0,0.0
2023-09-17,,,0,0,0,0,0,0,EUR,1.0,0.0
2023-09-24,,,0,0,0,0,0,0,EUR,1.0,0.0
2023-10-01,,,0,0,0,0,0,0,EUR,1.0,0.0
2023-10-08,,,0,0,0,0,0,0,EUR,1.0,0.0
2023-10-15,,,0,0,0,0,0,0,EUR,1.0,0.0
2023-10-22,,,0,0,0,0,0,0,EUR,1.0,0.0
2023-10-29,,,0,0,0,0,0,0,EUR,1.0,0.0
2023-11-05,,,0,0,0,0,0,0,EUR,1.0,0.0
2023-11-12,,,0,0,0,0,0,0,EUR,1.0,0.0
2023-11-19,,,0,0,0,0,0,0,EUR,1.0,0.0
2023-11-26,,,0,0,0,0,0,0,EUR,1.0,0.0
2023-12-03,,,0,0,0,0,0,0,EUR,1.0,0.0
2023-12-10,1.5,-2.81385281385282,2,2,0,0,0,0,EUR,0.3333333333333333,0.0
2023-12-17,,,0,0,0,0,0,0,EUR,1.0,0.0
2023-12-24,,,0,0,0,0,0,0,EUR,1.0,0.0
2023-12-31,,,0,0,0,0,0,0,EUR,1.0,0.0
2024-01-07,2.0853535353535353,-4.712305618587764,37,28,5,3,1,0,EUR,0.14705882352941177,0.1081080788897084
2024-01-14,2.312763650914911,-1.5380118608560325,53,25,13,1,14,0,EUR,0.41025641025641024,0.28301881452475197
2024-01-07,2.873333333333333,0.998719300720693,18,16,1,1,0,0,FIN,0.1111111111111111,0.055555524691375174
2024-01-14,6.166666666666666,-3.805970149253726,7,4,3,0,0,0,FIN,0.125,0.0
2024-01-07,0.0,0.0,1,1,0,0,0,0,FJI,0.5,0.0
2024-01-14,6.0,3.33333333333334,1,0,1,0,0,0,FJI,0.5,0.0
2023-01-01,3.4,0.0,1,1,0,0,0,0,FRA,0.5,0.0
2023-01-08,,,0,0,0,0,0,0,FRA,1.0,0.0
2023-01-15,,,0,0,0,0,0,0,FRA,1.0,0.0
2023-01-22,,,0,0,0,0,0,0,FRA,1.0,0.0
2023-01-29,,,0,0,0,0,0,0,FRA,1.0,0.0
2023-02-05,,,0,0,0,0,0,0,FRA,1.0,0.0
2023-02-12,,,0,0,0,0,0,0,FRA,1.0,0.0
2023-02-19,,,0,0,0,0,0,0,FRA,1.0,0.0
2023-02-26,,,0,0,0,0,0,0,FRA,1.0,0.0
2023-03-05,,,0,0,0,0,0,0,FRA,1.0,0.0
2023-03-12,,,0,0,0,0,0,0,FRA,1.0,0.0
2023-03-19,,,0,0,0,0,0,0,FRA,1.0,0.0
2023-03-26,,,0,0,0,0,0,0,FRA,1.0,0.0
2023-04-02,,,0,0,0,0,0,0,FRA,1.0,0.0
2023-04-09,,,0,0,0,0,0,0,FRA,1.0,0.0
2023-04-16,,,0,0,0,0,0,0,FRA,1.0,0.0
2023-04-23,,,0,0,0,0,0,0,FRA,1.0,0.0
2023-04-30,,,0,0,0,0,0,0,FRA,1.0,0.0
2023-05-07,,,0,0,0,0,0,0,FRA,1.0,0.0
2023-05-14,,,0,0,0,0,0,0,FRA,1.0,0.0
2023-05-21,,,0,0,0,0,0,0,FRA,1.0,0.0
2023-05-28,,,0,0,0,0,0,0,FRA,1.0,0.0
2023-06-04,,,0,0,0,0,0,0,FRA,1.0,0.0
2023-06-11,,,0,0,0,0,0,0,FRA,1.0,0.0
2023-06-18,,,0,0,0,0,0,0,FRA,1.0,0.0
2023-06-25,,,0,0,0,0,0,0,FRA,1.0,0.0
2023-07-02,,,0,0,0,0,0,0,FRA,1.0,0.0
2023-07-09,,,0,0,0,0,0,0,FRA,1.0,0.0
2023-07-16,,,0,0,0,0,0,0,FRA,1.0,0.0
2023-07-23,,,0,0,0,0,0,0,FRA,1.0,0.0
2023-07-30,,,0,0,0,0,0,0,FRA,1.0,0.0
2023-08-06,,,0,0,0,0,0,0,FRA,1.0,0.0
2023-08-13,,,0,0,0,0,0,0,FRA,1.0,0.0
2023-08-20,,,0,0,0,0,0,0,FRA,1.0,0.0
2023-08-27,,,0,0,0,0,0,0,FRA,1.0,0.0
2023-09-03,,,0,0,0,0,0,0,FRA,1.0,0.0
2023-09-10,,,0,0,0,0,0,0,FRA,1.0,0.0
2023-09-17,,,0,0,0,0,0,0,FRA,1.0,0.0
2023-09-24,,,0,0,0,0,0,0,FRA,1.0,0.0
2023-10-01,,,0,0,0,0,0,0,FRA,1.0,0.0
2023-10-08,,,0,0,0,0,0,0,FRA,1.0,0.0
2023-10-15,,,0,0,0,0,0,0,FRA,1.0,0.0
2023-10-22,,,0,0,0,0,0,0,FRA,1.0,0.0
2023-10-29,,,0,0,0,0,0,0,FRA,1.0,0.0
2023-11-05,,,0,0,0,0,0,0,FRA,1.0,0.0
2023-11-12,,,0,0,0,0,0,0,FRA,1.0,0.0
2023-11-19,,,0,0,0,0,0,0,FRA,1.0,0.0
2023-11-26,,,0,0,0,0,0,0,FRA,1.0,0.0
2023-12-03,,,0,0,0,0,0,0,FRA,1.0,0.0
2023-12-10,,,0,0,0,0,0,0,FRA,1.0,0.0
2023-12-17,,,0,0,0,0,0,0,FRA,1.0,0.0
2023-12-24,,,0,0,0,0,0,0,FRA,1.0,0.0
2023-12-31,,,0,0,0,0,0,0,FRA,1.0,0.0
2024-01-07,2.530251035196687,-2.184639518610818,63,41,8,6,8,0,FRA,0.3,0.2222221869488592
2024-01-14,0.8622148453398453,-1.4220853876408488,119,80,18,7,14,0,FRA,0.2222222222222222,0.17647057340583416
2024-01-07,4.0,0.753768844221105,3,3,0,0,0,0,FSM,0.25,0.0
2024-01-14,4.0,0.753768844221105,1,1,0,0,0,0,FSM,0.5,0.0
2023-01-08,-0.7749999999999999,-2.8005181063798226,5,4,0,1,0,0,GBR,0.4,0.19999960000080003
2023-01-15,-0.42499999999999993,-2.702779586970765,9,5,1,1,2,0,GBR,0.5714285714285714,0.3333329629633745
2023-01-22,,,0,0,0,0,0,0,GBR,1.0,0.0
2023-01-29,,,0,0,0,0,0,0,GBR,1.0,0.0
2023-02-05,,,0,0,0,0,0,0,GBR,1.0,0.0
2023-02-12,,,0,0,0,0,0,0,GBR,1.0,0.0
2023-02-19,,,0,0,0,0,0,0,GBR,1.0,0.0
2023-02-26,,,0,0,0,0,0,0,GBR,1.0,0.0
2023-03-05,,,0,0,0,0,0,0,GBR,1.0,0.0
2023-03-12,,,0,0,0,0,0,0,GBR,1.0,0.0
2023-03-19,,,0,0,0,0,0,0,GBR,1.0,0.0
2023-03-26,,,0,0,0,0,0,0,GBR,1.0,0.0
2023-04-02,,,0,0,0,0,0,0,GBR,1.0,0.0
2023-04-09,,,0,0,0,0,0,0,GBR,1.0,0.0
2023-04-16,,,0,0,0,0,0,0,GBR,1.0,0.0
2023-04-23,,,0,0,0,0,0,0,GBR,1.0,0.0
2023-04-30,,,0,0,0,0,0,0,GBR,1.0,0.0
2023-05-07,,,0,0,0,0,0,0,GBR,1.0,0.0
2023-05-14,,,0,0,0,0,0,0,GBR,1.0,0.0
2023-05-21,,,0,0,0,0,0,0,GBR,1.0,0.0
2023-05-28,,,0,0,0,0,0,0,GBR,1.0,0.0
2023-06-04,,,0,0,0,0,0,0,GBR,1.0,0.0
2023-06-11,,,0,0,0,0,0,0,GBR,1.0,0.0
2023-06-18,,,0,0,0,0,0,0,GBR,1.0,0.0
2023-06-25,,,0,0,0,0,0,0,GBR,1.0,0.0
2023-07-02,,,0,0,0,0,0,0,GBR,1.0,0.0
2023-07-09,,,0,0,0,0,0,0,GBR,1.0,0.0
2023-07-16,,,0,0,0,0,0,0,GBR,1.0,0.0
2023-07-23,,,0,0,0,0,0,0,GBR,1.0,0.0
2023-07-30,,,0,0,0,0,0,0,GBR,1.0,0.0
2023-08-06,,,0,0,0,0,0,0,GBR,1.0,0.0
2023-08-13,,,0,0,0,0,0,0,GBR,1.0,0.0
2023-08-20,,,0,0,0,0,0,0,GBR,1.0,0.0
2023-08-27,,,0,0,0,0,0,0,GBR,1.0,0.0
2023-09-03,,,0,0,0,0,0,0,GBR,1.0,0.0
2023-09-10,,,0,0,0,0,0,0,GBR,1.0,0.0
2023-09-17,,,0,0,0,0,0,0,GBR,1.0,0.0
2023-09-24,,,0,0,0,0,0,0,GBR,1.0,0.0
2023-10-01,,,0,0,0,0,0,0,GBR,1.0,0.0
2023-10-08,,,0,0,0,0,0,0,GBR,1.0,0.0
2023-10-15,,,0,0,0,0,0,0,GBR,1.0,0.0
2023-10-22,,,0,0,0,0,0,0,GBR,1.0,0.0
2023-10-29,,,0,0,0,0,0,0,GBR,1.0,0.0
2023-11-05,,,0,0,0,0,0,0,GBR,1.0,0.0
2023-11-12,,,0,0,0,0,0,0,GBR,1.0,0.0
2023-11-19,,,0,0,0,0,0,0,GBR,1.0,0.0
2023-11-26,,,0,0,0,0,0,0,GBR,1.0,0.0
2023-12-03,,,0,0,0,0,0,0,GBR,1.0,0.0
2023-12-10,-8.6,-4.737363130894625,4,0,0,0,4,0,GBR,5.0,0.9999975000062501
2023-12-17,,,0,0,0,0,0,0,GBR,1.0,0.0
2023-12-24,,,0,0,0,0,0,0,GBR,1.0,0.0
2023-12-31,-2.96,-1.41242937853107,5,0,0,5,0,0,GBR,6.0,0.9999980000040001
2024-01-07,0.4398784629346804,-3.1037370640592776,337,229,38,42,28,1,GBR,0.26492537313432835,0.20771512736750367
2024-01-14,-0.32673824067747315,-2.41074206431051,379,217,33,66,63,19,GBR,0.5179282868525896,0.34036938415911916
2023-01-08,-5.0,-1.02040816326531,1,0,0,1,0,0,GHA,2.0,0.9999900000999989
2023-01-15,0.6,-1.0462074978204,3,2,0,1,0,0,GHA,0.6666666666666666,0.3333322222259259
2023-01-22,,,0,0,0,0,0,0,GHA,1.0,0.0
2023-01-29,,,0,0,0,0,0,0,GHA,1.0,0.0
2023-02-05,,,0,0,0,0,0,0,GHA,1.0,0.0
2023-02-12,,,0,0,0,0,0,0,GHA,1.0,0.0
2023-02-19,,,0,0,0,0,0,0,GHA,1.0,0.0
2023-02-26,,,0,0,0,0,0,0,GHA,1.0,0.0
2023-03-05,,,0,0,0,0,0,0,GHA,1.0,0.0
2023-03-12,,,0,0,0,0,0,0,GHA,1.0,0.0
2023-03-19,,,0,0,0,0,0,0,GHA,1.0,0.0
2023-03-26,,,0,0,0,0,0,0,GHA,1.0,0.0
2023-04-02,,,0,0,0,0,0,0,GHA,1.0,0.0
2023-04-09,,,0,0,0,0,0,0,GHA,1.0,0.0
2023-04-16,,,0,0,0,0,0,0,GHA,1.0,0.0
2023-04-23,,,0,0,0,0,0,0,GHA,1.0,0.0
2023-04-30,,,0,0,0,0,0,0,GHA,1.0,0.0
2023-05-07,,,0,0,0,0,0,0,GHA,1.0,0.0
2023-05-14,,,0,0,0,0,0,0,GHA,1.0,0.0
2023-05-21,,,0,0,0,0,0,0,GHA,1.0,0.0
2023-05-28,,,0,0,0,0,0,0,GHA,1.0,0.0
2023-06-04,,,0,0,0,0,0,0,GHA,1.0,0.0
2023-06-11,,,0,0,0,0,0,0,GHA,1.0,0.0
2023-06-18,,,0,0,0,0,0,0,GHA,1.0,0.0
2023-06-25,,,0,0,0,0,0,0,GHA,1.0,0.0
2023-07-02,,,0,0,0,0,0,0,GHA,1.0,0.0
2023-07-09,,,0,0,0,0,0,0,GHA,1.0,0.0
2023-07-16,,,0,0,0,0,0,0,GHA,1.0,0.0
2023-07-23,,,0,0,0,0,0,0,GHA,1.0,0.0
2023-07-30,,,0,0,0,0,0,0,GHA,1.0,0.0
2023-08-06,,,0,0,0,0,0,0,GHA,1.0,0.0
2023-08-13,,,0,0,0,0,0,0,GHA,1.0,0.0
2023-08-20,,,0,0,0,0,0,0,GHA,1.0,0.0
2023-08-27,,,0,0,0,0,0,0,GHA,1.0,0.0
2023-09-03,,,0,0,0,0,0,0,GHA,1.0,0.0
2023-09-10,,,0,0,0,0,0,0,GHA,1.0,0.0
2023-09-17,,,0,0,0,0,0,0,GHA,1.0,0.0
2023-09-24,,,0,0,0,0,0,0,GHA,1.0,0.0
2023-10-01,,,0,0,0,0,0,0,GHA,1.0,0.0
2023-10-08,,,0,0,0,0,0,0,GHA,1.0,0.0
2023-10-15,,,0,0,0,0,0,0,GHA,1.0,0.0
2023-10-22,,,0,0,0,0,0,0,GHA,1.0,0.0
2023-10-29,,,0,0,0,0,0,0,GHA,1.0,0.0
2023-11-05,,,0,0,0,0,0,0,GHA,1.0,0.0
2023-11-12,,,0,0,0,0,0,0,GHA,1.0,0.0
2023-11-19,,,0,0,0,0,0,0,GHA,1.0,0.0
2023-11-26,,,0,0,0,0,0,0,GHA,1.0,0.0
2023-12-03,,,0,0,0,0,0,0,GHA,1.0,0.0
2023-12-10,,,0,0,0,0,0,0,GHA,1.0,0.0
2023-12-17,,,0,0,0,0,0,0,GHA,1.0,0.0
2023-12-24,,,0,0,0,0,0,0,GHA,1.0,0.0
2023-12-31,,,0,0,0,0,0,0,GHA,1.0,0.0
2024-01-07,1.5833333333333335,0.6567104324961203,10,4,2,0,4,0,GHA,0.7142857142857143,0.3999996000004
2024-01-14,3.2541666666666664,-0.38193577570935855,21,14,7,0,0,0,GHA,0.045454545454545456,0.0
2024-01-07,1.9,-1.50943396226415,2,2,0,0,0,0,GIN,0.3333333333333333,0.0
2024-01-07,-2.0,-9.47487778006126,3,0,0,3,0,0,GMB,4.0,0.9999966666777778
2024-01-14,-2.0,-8.5166784953868,3,0,0,3,0,0,GMB,4.0,0.9999966666777778
2024-01-14,3.4,2.28758169934641,1,1,0,0,0,0,GNQ,0.5,0.0
2023-01-08,0.0,-5.31177829099307,2,2,0,0,0,0,GRC,0.3333333333333333,0.0
2023-01-15,,,0,0,0,0,0,0,GRC,1.0,0.0
2023-01-22,,,0,0,0,0,0,0,GRC,1.0,0.0
2023-01-29,,,0,0,0,0,0,0,GRC,1.0,0.0
2023-02-05,,,0,0,0,0,0,0,GRC,1.0,0.0
2023-02-12,,,0,0,0,0,0,0,GRC,1.0,0.0
2023-02-19,,,0,0,0,0,0,0,GRC,1.0,0.0
2023-02-26,,,0,0,0,0,0,0,GRC,1.0,0.0
2023-03-05,,,0,0,0,0,0,0,GRC,1.0,0.0
2023-03-12,,,0,0,0,0,0,0,GRC,1.0,0.0
2023-03-19,,,0,0,0,0,0,0,GRC,1.0,0.0
2023-03-26,,,0,0,0,0,0,0,GRC,1.0,0.0
2023-04-02,,,0,0,0,0,0,0,GRC,1.0,0.0
2023-04-09,,,0,0,0,0,0,0,GRC,1.0,0.0
2023-04-16,,,0,0,0,0,0,0,GRC,1.0,0.0
2023-04-23,,,0,0,0,0,0,0,GRC,1.0,0.0
2023-04-30,,,0,0,0,0,0,0,GRC,1.0,0.0
2023-05-07,,,0,0,0,0,0,0,GRC,1.0,0.0
2023-05-14,,,0,0,0,0,0,0,GRC,1.0,0.0
2023-05-21,,,0,0,0,0,0,0,GRC,1.0,0.0
2023-05-28,,,0,0,0,0,0,0,GRC,1.0,0.0
2023-06-04,,,0,0,0,0,0,0,GRC,1.0,0.0
2023-06-11,,,0,0,0,0,0,0,GRC,1.0,0.0
2023-06-18,,,0,0,0,0,0,0,GRC,1.0,0.0
2023-06-25,,,0,0,0,0,0,0,GRC,1.0,0.0
2023-07-02,,,0,0,0,0,0,0,GRC,1.0,0.0
2023-07-09,,,0,0,0,0,0,0,GRC,1.0,0.0
2023-07-16,,,0,0,0,0,0,0,GRC,1.0,0.0
2023-07-23,,,0,0,0,0,0,0,GRC,1.0,0.0
2023-07-30,,,0,0,0,0,0,0,GRC,1.0,0.0
2023-08-06,,,0,0,0,0,0,0,GRC,1.0,0.0
2023-08-13,,,0,0,0,0,0,0,GRC,1.0,0.0
2023-08-20,,,0,0,0,0,0,0,GRC,1.0,0.0
2023-08-27,,,0,0,0,0,0,0,GRC,1.0,0.0
2023-09-03,,,0,0,0,0,0,0,GRC,1.0,0.0
2023-09-10,,,0,0,0,0,0,0,GRC,1.0,0.0
2023-09-17,,,0,0,0,0,0,0,GRC,1.0,0.0
2023-09-24,,,0,0,0,0,0,0,GRC,1.0,0.0
2023-10-01,,,0,0,0,0,0,0,GRC,1.0,0.0
2023-10-08,,,0,0,0,0,0,0,GRC,1.0,0.0
2023-10-15,,,0,0,0,0,0,0,GRC,1.0,0.0
2023-10-22,,,0,0,0,0,0,0,GRC,1.0,0.0
2023-10-29,,,0,0,0,0,0,0,GRC,1.0,0.0
2023-11-05,,,0,0,0,0,0,0,GRC,1.0,0.0
2023-11-12,,,0,0,0,0,0,0,GRC,1.0,0.0
2023-11-19,,,0,0,0,0,0,0,GRC,1.0,0.0
2023-11-26,,,0,0,0,0,0,0,GRC,1.0,0.0
2023-12-03,,,0,0,0,0,0,0,GRC,1.0,0.0
2023-12-10,,,0,0,0,0,0,0,GRC,1.0,0.0
2023-12-17,,,0,0,0,0,0,0,GRC,1.0,0.0
2023-12-24,,,0,0,0,0,0,0,GRC,1.0,0.0
2023-12-31,,,0,0,0,0,0,0,GRC,1.0,0.0
2024-01-07,-1.332384403036577,-0.8943463073860856,53,46,2,3,2,0,GRC,0.12244897959183673,0.09433960484158399
2024-01-14,0.4744810744810745,-0.9222694167619266,35,16,5,7,7,0,GRC,0.6818181818181818,0.3999998857143183
2024-01-07,3.6714285714285713,-0.6860675896944528,7,5,2,0,0,0,GRD,0.125,0.0
2024-01-14,2.5,4.57256461232604,3,3,0,0,0,0,GRD,0.25,0.0
2024-01-07,1.6571428571428573,-5.4293909973521455,9,4,4,0,1,0,GTM,0.2222222222222222,0.11111098765445816
2024-01-14,7.0,-3.53130016051365,1,0,1,0,0,0,GTM,0.5,0.0
2024-01-07,-0.4,-1.41242937853107,2,2,0,0,0,0,GUY,0.3333333333333333,0.0
2024-01-14,4.2,-4.16444207154298,2,1,1,0,0,0,GUY,0.3333333333333333,0.0
2024-01-07,3.0,-1.24326564442602,2,2,0,0,0,0,HRV,0.3333333333333333,0.0
2024-01-14,1.9,3.97790055248619,1,1,0,0,0,0,HRV,0.5,0.0
2024-01-07,2.7047619047619045,-0.23564182442687334,10,8,2,0,0,0,HTI,0.09090909090909091,0.0
2024-01-14,0.9874074074074074,-1.32189792619837,18,10,0,4,4,0,HTI,0.8181818181818182,0.4444441975310014
2024-01-07,-2.0,-0.05026707886232995,16,10,0,3,3,0,HUN,0.6363636363636364,0.3749997656251465
2024-01-07,-1.2334615384615384,-5.566029874884645,27,14,2,4,7,0,IDN,0.7058823529411765,0.40740725651583093
2024-01-14,1.04,-0.6007047064237488,28,16,0,7,5,2,IDN,0.7647058823529411,0.42857127551025875
2023-01-08,2.8,-4.14201183431953,1,1,0,0,0,0,IND,0.5,0.0
2023-01-15,1.1333333333333333,3.7479074023842593,3,3,0,0,0,0,IND,0.25,0.0
2023-01-22,,,0,0,0,0,0,0,IND,1.0,0.0
2023-01-29,,,0,0,0,0,0,0,IND,1.0,0.0
2023-02-05,,,0,0,0,0,0,0,IND,1.0,0.0
2023-02-12,,,0,0,0,0,0,0,IND,1.0,0.0
2023-02-19,,,0,0,0,0,0,0,IND,1.0,0.0
2023-02-26,,,0,0,0,0,0,0,IND,1.0,0.0
2023-03-05,,,0,0,0,0,0,0,IND,1.0,0.0
2023-03-12,,,0,0,0,0,0,0,IND,1.0,0.0
2023-03-19,,,0,0,0,0,0,0,IND,1.0,0.0
2023-03-26,,,0,0,0,0,0,0,IND,1.0,0.0
2023-04-02,,,0,0,0,0,0,0,IND,1.0,0.0
2023-04-09,,,0,0,0,0,0,0,IND,1.0,0.0
2023-04-16,,,0,0,0,0,0,0,IND,1.0,0.0
2023-04-23,,,0,0,0,0,0,0,IND,1.0,0.0
2023-04-30,,,0,0,0,0,0,0,IND,1.0,0.0
2023-05-07,,,0,0,0,0,0,0,IND,1.0,0.0
2023-05-14,,,0,0,0,0,0,0,IND,1.0,0.0
2023-05-21,,,0,0,0,0,0,0,IND,1.0,0.0
2023-05-28,,,0,0,0,0,0,0,IND,1.0,0.0
2023-06-04,,,0,0,0,0,0,0,IND,1.0,0.0
2023-06-11,,,0,0,0,0,0,0,IND,1.0,0.0
2023-06-18,,,0,0,0,0,0,0,IND,1.0,0.0
2023-06-25,,,0,0,0,0,0,0,IND,1.0,0.0
2023-07-02,,,0,0,0,0,0,0,IND,1.0,0.0
2023-07-09,,,0,0,0,0,0,0,IND,1.0,0.0
2023-07-16,,,0,0,0,0,0,0,IND,1.0,0.0
2023-07-23,,,0,0,0,0,0,0,IND,1.0,0.0
2023-07-30,,,0,0,0,0,0,0,IND,1.0,0.0
2023-08-06,,,0,0,0,0,0,0,IND,1.0,0.0
2023-08-13,,,0,0,0,0,0,0,IND,1.0,0.0
2023-08-20,,,0,0,0,0,0,0,IND,1.0,0.0
2023-08-27,,,0,0,0,0,0,0,IND,1.0,0.0
2023-09-03,,,0,0,0,0,0,0,IND,1.0,0.0
2023-09-10,,,0,0,0,0,0,0,IND,1.0,0.0
2023-09-17,,,0,0,0,0,0,0,IND,1.0,0.0
2023-09-24,,,0,0,0,0,0,0,IND,1.0,0.0
2023-10-01,,,0,0,0,0,0,0,IND,1.0,0.0
2023-10-08,,,0,0,0,0,0,0,IND,1.0,0.0
2023-10-15,,,0,0,0,0,0,0,IND,1.0,0.0
2023-10-22,,,0,0,0,0,0,0,IND,1.0,0.0
2023-10-29,,,0,0,0,0,0,0,IND,1.0,0.0
2023-11-05,,,0,0,0,0,0,0,IND,1.0,0.0
2023-11-12,,,0,0,0,0,0,0,IND,1.0,0.0
2023-11-19,,,0,0,0,0,0,0,IND,1.0,0.0
2023-11-26,,,0,0,0,0,0,0,IND,1.0,0.0
2023-12-03,,,0,0,0,0,0,0,IND,1.0,0.0
2023-12-10,,,0,0,0,0,0,0,IND,1.0,0.0
2023-12-17,-5.0,0.0,1,0,0,1,0,0,IND,2.0,0.9999900000999989
2023-12-24,,,0,0,0,0,0,0,IND,1.0,0.0
2023-12-31,7.0,-7.64331210191083,1,1,0,0,0,0,IND,0.5,0.0
2024-01-07,0.27844969566774075,-1.36835183076179,71,43,6,13,9,0,IND,0.46,0.3098591112874491
2024-01-14,2.3233791585174073,0.3629573082883589,162,125,12,14,11,3,IND,0.18840579710144928,0.15432097812833467
2024-01-07,0.8159869281045754,-0.857166201466336,36,10,8,1,17,0,IRL,1.0,0.49999986111114963
2024-01-14,-2.3646825396825397,-1.6659709483909364,22,12,0,3,7,2,IRL,0.8461538461538461,0.4545452479339782
2023-01-15,-9.2,-7.07317073170732,2,0,0,0,2,0,IRN,3.0,0.9999950000249999
2023-01-22,,,0,0,0,0,0,0,IRN,1.0,0.0
2023-01-29,,,0,0,0,0,0,0,IRN,1.0,0.0
2023-02-05,,,0,0,0,0,0,0,IRN,1.0,0.0
2023-02-12,,,0,0,0,0,0,0,IRN,1.0,0.0
2023-02-19,,,0,0,0,0,0,0,IRN,1.0,0.0
2023-02-26,,,0,0,0,0,0,0,IRN,1.0,0.0
2023-03-05,,,0,0,0,0,0,0,IRN,1.0,0.0
2023-03-12,,,0,0,0,0,0,0,IRN,1.0,0.0
2023-03-19,,,0,0,0,0,0,0,IRN,1.0,0.0
2023-03-26,,,0,0,0,0,0,0,IRN,1.0,0.0
2023-04-02,,,0,0,0,0,0,0,IRN,1.0,0.0
2023-04-09,,,0,0,0,0,0,0,IRN,1.0,0.0
2023-04-16,,,0,0,0,0,0,0,IRN,1.0,0.0
2023-04-23,,,0,0,0,0,0,0,IRN,1.0,0.0
2023-04-30,,,0,0,0,0,0,0,IRN,1.0,0.0
2023-05-07,,,0,0,0,0,0,0,IRN,1.0,0.0
2023-05-14,,,0,0,0,0,0,0,IRN,1.0,0.0
2023-05-21,,,0,0,0,0,0,0,IRN,1.0,0.0
2023-05-28,,,0,0,0,0,0,0,IRN,1.0,0.0
2023-06-04,,,0,0,0,0,0,0,IRN,1.0,0.0
2023-06-11,,,0,0,0,0,0,0,IRN,1.0,0.0
2023-06-18,,,0,0,0,0,0,0,IRN,1.0,0.0
2023-06-25,,,0,0,0,0,0,0,IRN,1.0,0.0
2023-07-02,,,0,0,0,0,0,0,IRN,1.0,0.0
2023-07-09,,,0,0,0,0,0,0,IRN,1.0,0.0
2023-07-16,,,0,0,0,0,0,0,IRN,1.0,0.0
2023-07-23,,,0,0,0,0,0,0,IRN,1.0,0.0
2023-07-30,,,0,0,0,0,0,0,IRN,1.0,0.0
2023-08-06,,,0,0,0,0,0,0,IRN,1.0,0.0
2023-08-13,,,0,0,0,0,0,0,IRN,1.0,0.0
2023-08-20,,,0,0,0,0,0,0,IRN,1.0,0.0
2023-08-27,,,0,0,0,0,0,0,IRN,1.0,0.0
2023-09-03,,,0,0,0,0,0,0,IRN,1.0,0.0
2023-09-10,,,0,0,0,0,0,0,IRN,1.0,0.0
2023-09-17,,,0,0,0,0,0,0,IRN,1.0,0.0
2023-09-24,,,0,0,0,0,0,0,IRN,1.0,0.0
2023-10-01,,,0,0,0,0,0,0,IRN,1.0,0.0
2023-10-08,,,0,0,0,0,0,0,IRN,1.0,0.0
2023-10-15,,,0,0,0,0,0,0,IRN,1.0,0.0
2023-10-22,,,0,0,0,0,0,0,IRN,1.0,0.0
2023-10-29,,,0,0,0,0,0,0,IRN,1.0,0.0
2023-11-05,,,0,0,0,0,0,0,IRN,1.0,0.0
2023-11-12,,,0,0,0,0,0,0,IRN,1.0,0.0
2023-11-19,,,0,0,0,0,0,0,IRN,1.0,0.0
2023-11-26,,,0,0,0,0,0,0,IRN,1.0,0.0
2023-12-03,,,0,0,0,0,0,0,IRN,1.0,0.0
2023-12-10,,,0,0,0,0,0,0,IRN,1.0,0.0
2023-12-17,,,0,0,0,0,0,0,IRN,1.0,0.0
2023-12-24,,,0,0,0,0,0,0,IRN,1.0,0.0
2023-12-31,,,0,0,0,0,0,0,IRN,1.0,0.0
2024-01-07,-3.3985903996471913,-6.252731235303966,189,84,13,36,56,2,IRN,0.9489795918367347,0.48677246101733007
2024-01-14,-0.19903448863076195,-4.63490338914354,119,47,20,27,25,1,IRN,0.7794117647058824,0.43697475319539886
2023-01-08,-9.5,-5.49338758901323,1,0,0,0,1,0,IRQ,2.0,0.9999900000999989
2023-01-15,,,0,0,0,0,0,0,IRQ,1.0,0.0
2023-01-22,,,0,0,0,0,0,0,IRQ,1.0,0.0
2023-01-29,,,0,0,0,0,0,0,IRQ,1.0,0.0
2023-02-05,,,0,0,0,0,0,0,IRQ,1.0,0.0
2023-02-12,,,0,0,0,0,0,0,IRQ,1.0,0.0
2023-02-19,,,0,0,0,0,0,0,IRQ,1.0,0.0
2023-02-26,,,0,0,0,0,0,0,IRQ,1.0,0.0
2023-03-05,,,0,0,0,0,0,0,IRQ,1.0,0.0
2023-03-12,,,0,0,0,0,0,0,IRQ,1.0,0.0
2023-03-19,,,0,0,0,0,0,0,IRQ,1.0,0.0
2023-03-26,,,0,0,0,0,0,0,IRQ,1.0,0.0
2023-04-02,,,0,0,0,0,0,0,IRQ,1.0,0.0
2023-04-09,,,0,0,0,0,0,0,IRQ,1.0,0.0
2023-04-16,,,0,0,0,0,0,0,IRQ,1.0,0.0
2023-04-23,,,0,0,0,0,0,0,IRQ,1.0,0.0
2023-04-30,,,0,0,0,0,0,0,IRQ,1.0,0.0
2023-05-07,,,0,0,0,0,0,0,IRQ,1.0,0.0
2023-05-14,,,0,0,0,0,0,0,IRQ,1.0,0.0
2023-05-21,,,0,0,0,0,0,0,IRQ,1.0,0.0
2023-05-28,,,0,0,0,0,0,0,IRQ,1.0,0.0
2023-06-04,,,0,0,0,0,0,0,IRQ,1.0,0.0
2023-06-11,,,0,0,0,0,0,0,IRQ,1.0,0.0
2023-06-18,,,0,0,0,0,0,0,IRQ,1.0,0.0
2023-06-25,,,0,0,0,0,0,0,IRQ,1.0,0.0
2023-07-02,,,0,0,0,0,0,0,IRQ,1.0,0.0
2023-07-09,,,0,0,0,0,0,0,IRQ,1.0,0.0
2023-07-16,,,0,0,0,0,0,0,IRQ,1.0,0.0
2023-07-23,,,0,0,0,0,0,0,IRQ,1.0,0.0
2023-07-30,,,0,0,0,0,0,0,IRQ,1.0,0.0
2023-08-06,,,0,0,0,0,0,0,IRQ,1.0,0.0
2023-08-13,,,0,0,0,0,0,0,IRQ,1.0,0.0
2023-08-20,,,0,0,0,0,0,0,IRQ,1.0,0.0
2023-08-27,,,0,0,0,0,0,0,IRQ,1.0,0.0
2023-09-03,,,0,0,0,0,0,0,IRQ,1.0,0.0
2023-09-10,,,0,0,0,0,0,0,IRQ,1.0,0.0
2023-09-17,,,0,0,0,0,0,0,IRQ,1.0,0.0
2023-09-24,,,0,0,0,0,0,0,IRQ,1.0,0.0
2023-10-01,,,0,0,0,0,0,0,IRQ,1.0,0.0
2023-10-08,,,0,0,0,0,0,0,IRQ,1.0,0.0
2023-10-15,,,0,0,0,0,0,0,IRQ,1.0,0.0
2023-10-22,,,0,0,0,0,0,0,IRQ,1.0,0.0
2023-10-29,,,0,0,0,0,0,0,IRQ,1.0,0.0
2023-11-05,,,0,0,0,0,0,0,IRQ,1.0,0.0
2023-11-12,,,0,0,0,0,0,0,IRQ,1.0,0.0
2023-11-19,,,0,0,0,0,0,0,IRQ,1.0,0.0
2023-11-26,,,0,0,0,0,0,0,IRQ,1.0,0.0
2023-12-03,,,0,0,0,0,0,0,IRQ,1.0,0.0
2023-12-10,,,0,0,0,0,0,0,IRQ,1.0,0.0
2023-12-17,,,0,0,0,0,0,0,IRQ,1.0,0.0
2023-12-24,,,0,0,0,0,0,0,IRQ,1.0,0.0
2023-12-31,,,0,0,0,0,0,0,IRQ,1.0,0.0
2024-01-07,-3.0244180672268905,-4.966431501942197,93,48,4,9,32,0,IRQ,0.7924528301886793,0.4408601676494443
2024-01-14,-3.715,-5.825643903957408,19,8,0,2,9,0,IRQ,1.3333333333333333,0.5789470637120717
2023-01-08,5.2,0.0,2,2,0,0,0,0,ISR,0.3333333333333333,0.0
2023-01-15,2.875,-6.01078008218593,3,3,0,0,0,0,ISR,0.25,0.0
2023-01-22,,,0,0,0,0,0,0,ISR,1.0,0.0
2023-01-29,,,0,0,0,0,0,0,ISR,1.0,0.0
2023-02-05,,,0,0,0,0,0,0,ISR,1.0,0.0
2023-02-12,,,0,0,0,0,0,0,ISR,1.0,0.0
2023-02-19,,,0,0,0,0,0,0,ISR,1.0,0.0
2023-02-26,,,0,0,0,0,0,0,ISR,1.0,0.0
2023-03-05,,,0,0,0,0,0,0,ISR,1.0,0.0
2023-03-12,,,0,0,0,0,0,0,ISR,1.0,0.0
2023-03-19,,,0,0,0,0,0,0,ISR,1.0,0.0
2023-03-26,,,0,0,0,0,0,0,ISR,1.0,0.0
2023-04-02,,,0,0,0,0,0,0,ISR,1.0,0.0
2023-04-09,,,0,0,0,0,0,0,ISR,1.0,0.0
2023-04-16,,,0,0,0,0,0,0,ISR,1.0,0.0
2023-04-23,,,0,0,0,0,0,0,ISR,1.0,0.0
2023-04-30,,,0,0,0,0,0,0,ISR,1.0,0.0
2023-05-07,,,0,0,0,0,0,0,ISR,1.0,0.0
2023-05-14,,,0,0,0,0,0,0,ISR,1.0,0.0
2023-05-21,,,0,0,0,0,0,0,ISR,1.0,0.0
2023-05-28,,,0,0,0,0,0,0,ISR,1.0,0.0
2023-06-04,,,0,0,0,0,0,0,ISR,1.0,0.0
2023-06-11,,,0,0,0,0,0,0,ISR,1.0,0.0
2023-06-18,,,0,0,0,0,0,0,ISR,1.0,0.0
2023-06-25,,,0,0,0,0,0,0,ISR,1.0,0.0
2023-07-02,,,0,0,0,0,0,0,ISR,1.0,0.0
2023-07-09,,,0,0,0,0,0,0,ISR,1.0,0.0
2023-07-16,,,0,0,0,0,0,0,ISR,1.0,0.0
2023-07-23,,,0,0,0,0,0,0,ISR,1.0,0.0
2023-07-30,,,0,0,0,0,0,0,ISR,1.0,0.0
2023-08-06,,,0,0,0,0,0,0,ISR,1.0,0.0
2023-08-13,,,0,0,0,0,0,0,ISR,1.0,0.0
2023-08-20,,,0,0,0,0,0,0,ISR,1.0,0.0
2023-08-27,,,0,0,0,0,0,0,ISR,1.0,0.0
2023-09-03,,,0,0,0,0,0,0,ISR,1.0,0.0
2023-09-10,,,0,0,0,0,0,0,ISR,1.0,0.0
2023-09-17,,,0,0,0,0,0,0,ISR,1.0,0.0
2023-09-24,,,0,0,0,0,0,0,ISR,1.0,0.0
2023-10-01,,,0,0,0,0,0,0,ISR,1.0,0.0
2023-10-08,,,0,0,0,0,0,0,ISR,1.0,0.0
2023-10-15,,,0,0,0,0,0,0,ISR,1.0,0.0
2023-10-22,,,0,0,0,0,0,0,ISR,1.0,0.0
2023-10-29,,,0,0,0,0,0,0,ISR,1.0,0.0
2023-11-05,,,0,0,0,0,0,0,ISR,1.0,0.0
2023-11-12,,,0,0,0,0,0,0,ISR,1.0,0.0
2023-11-19,,,0,0,0,0,0,0,ISR,1.0,0.0
2023-11-26,,,0,0,0,0,0,0,ISR,1.0,0.0
2023-12-03,,,0,0,0,0,0,0,ISR,1.0,0.0
2023-12-10,-5.733333333333333,-7.649139624002923,6,1,2,0,3,0,ISR,1.0,0.4999991666680556
2023-12-17,-0.16666666666666666,-5.134564297728459,4,2,1,0,1,0,ISR,0.5,0.24999937500156252
2023-12-24,,,0,0,0,0,0,0,ISR,1.0,0.0
2023-12-31,3.25,-5.561259563723627,6,6,0,0,0,0,ISR,0.14285714285714285,0.0
2024-01-07,-3.759434474794241,-6.151083692606391,812,293,63,185,271,7,ISR,1.280112044817927,0.5615763477638381
2024-01-14,-2.1180106175365525,-6.033424534254604,895,425,51,165,254,11,ISR,0.8805031446540881,0.46815641935020763
2023-01-15,0.0,-0.77821011673152,1,1,0,0,0,0,ITA,0.5,0.0
2023-01-22,,,0,0,0,0,0,0,ITA,1.0,0.0
2023-01-29,,,0,0,0,0,0,0,ITA,1.0,0.0
2023-02-05,,,0,0,0,0,0,0,ITA,1.0,0.0
2023-02-12,,,0,0,0,0,0,0,ITA,1.0,0.0
2023-02-19,,,0,0,0,0,0,0,ITA,1.0,0.0
2023-02-26,,,0,0,0,0,0,0,ITA,1.0,0.0
2023-03-05,,,0,0,0,0,0,0,ITA,1.0,0.0
2023-03-12,,,0,0,0,0,0,0,ITA,1.0,0.0
2023-03-19,,,0,0,0,0,0,0,ITA,1.0,0.0
2023-03-26,,,0,0,0,0,0,0,ITA,1.0,0.0
2023-04-02,,,0,0,0,0,0,0,ITA,1.0,0.0
2023-04-09,,,0,0,0,0,0,0,ITA,1.0,0.0
2023-04-16,,,0,0,0,0,0,0,ITA,1.0,0.0
2023-04-23,,,0,0,0,0,0,0,ITA,1.0,0.0
2023-04-30,,,0,0,0,0,0,0,ITA,1.0,0.0
2023-05-07,,,0,0,0,0,0,0,ITA,1.0,0.0
2023-05-14,,,0,0,0,0,0,0,ITA,1.0,0.0
2023-05-21,,,0,0,0,0,0,0,ITA,1.0,0.0
2023-05-28,,,0,0,0,0,0,0,ITA,1.0,0.0
2023-06-04,,,0,0,0,0,0,0,ITA,1.0,0.0
2023-06-11,,,0,0,0,0,0,0,ITA,1.0,0.0
2023-06-18,,,0,0,0,0,0,0,ITA,1.0,0.0
2023-06-25,,,0,0,0,0,0,0,ITA,1.0,0.0
2023-07-02,,,0,0,0,0,0,0,ITA,1.0,0.0
2023-07-09,,,0,0,0,0,0,0,ITA,1.0,0.0
2023-07-16,,,0,0,0,0,0,0,ITA,1.0,0.0
2023-07-23,,,0,0,0,0,0,0,ITA,1.0,0.0
2023-07-30,,,0,0,0,0,0,0,ITA,1.0,0.0
2023-08-06,,,0,0,0,0,0,0,ITA,1.0,0.0
2023-08-13,,,0,0,0,0,0,0,ITA,1.0,0.0
2023-08-20,,,0,0,0,0,0,0,ITA,1.0,0.0
2023-08-27,,,0,0,0,0,0,0,ITA,1.0,0.0
2023-09-03,,,0,0,0,0,0,0,ITA,1.0,0.0
2023-09-10,,,0,0,0,0,0,0,ITA,1.0,0.0
2023-09-17,,,0,0,0,0,0,0,ITA,1.0,0.0
2023-09-24,,,0,0,0,0,0,0,ITA,1.0,0.0
2023-10-01,,,0,0,0,0,0,0,ITA,1.0,0.0
2023-10-08,,,0,0,0,0,0,0,ITA,1.0,0.0
2023-10-15,,,0,0,0,0,0,0,ITA,1.0,0.0
2023-10-22,,,0,0,0,0,0,0,ITA,1.0,0.0
2023-10-29,,,0,0,0,0,0,0,ITA,1.0,0.0
2023-11-05,,,0,0,0,0,0,0,ITA,1.0,0.0
2023-11-12,,,0,0,0,0,0,0,ITA,1.0,0.0
2023-11-19,,,0,0,0,0,0,0,ITA,1.0,0.0
2023-11-26,,,0,0,0,0,0,0,ITA,1.0,0.0
2023-12-03,,,0,0,0,0,0,0,ITA,1.0,0.0
2023-12-10,-7.2,-3.77002827521207,2,0,0,0,2,0,ITA,3.0,0.9999950000249999
2023-12-17,,,0,0,0,0,0,0,ITA,1.0,0.0
2023-12-24,,,0,0,0,0,0,0,ITA,1.0,0.0
2023-12-31,,,0,0,0,0,0,0,ITA,1.0,0.0
2024-01-07,0.6617687074829931,-1.395765327206598,58,30,8,13,7,0,ITA,0.5384615384615384,0.3448275267538747
2024-01-14,1.31031149301826,-1.4894561431629694,60,31,12,7,10,0,ITA,0.4090909090909091,0.28333328611111896
2024-01-07,0.4,-4.180499658172268,10,5,2,1,2,0,JAM,0.5,0.2999997000003
2024-01-14,0.6636363636363636,3.10175323954061,17,12,3,2,0,0,JAM,0.1875,0.11764698961941787
2024-01-07,-2.036412872841444,-6.498220749325584,91,54,13,9,15,0,JOR,0.36764705882352944,0.2637362347542599
2024-01-14,0.40541794738418374,-3.758188722607169,105,80,11,7,7,0,JOR,0.16304347826086957,0.13333332063492184
2023-01-01,3.4,0.0,2,2,0,0,0,0,JPN,0.3333333333333333,0.0
2023-01-08,,,0,0,0,0,0,0,JPN,1.0,0.0
2023-01-15,,,0,0,0,0,0,0,JPN,1.0,0.0
2023-01-22,,,0,0,0,0,0,0,JPN,1.0,0.0
2023-01-29,,,0,0,0,0,0,0,JPN,1.0,0.0
2023-02-05,,,0,0,0,0,0,0,JPN,1.0,0.0
2023-02-12,,,0,0,0,0,0,0,JPN,1.0,0.0
2023-02-19,,,0,0,0,0,0,0,JPN,1.0,0.0
2023-02-26,,,0,0,0,0,0,0,JPN,1.0,0.0
2023-03-05,,,0,0,0,0,0,0,JPN,1.0,0.0
2023-03-12,,,0,0,0,0,0,0,JPN,1.0,0.0
2023-03-19,,,0,0,0,0,0,0,JPN,1.0,0.0
2023-03-26,,,0,0,0,0,0,0,JPN,1.0,0.0
2023-04-02,,,0,0,0,0,0,0,JPN,1.0,0.0
2023-04-09,,,0,0,0,0,0,0,JPN,1.0,0.0
2023-04-16,,,0,0,0,0,0,0,JPN,1.0,0.0
2023-04-23,,,0,0,0,0,0,0,JPN,1.0,0.0
2023-04-30,,,0,0,0,0,0,0,JPN,1.0,0.0
2023-05-07,,,0,0,0,0,0,0,JPN,1.0,0.0
2023-05-14,,,0,0,0,0,0,0,JPN,1.0,0.0
2023-05-21,,,0,0,0,0,0,0,JPN,1.0,0.0
2023-05-28,,,0,0,0,0,0,0,JPN,1.0,0.0
2023-06-04,,,0,0,0,0,0,0,JPN,1.0,0.0
2023-06-11,,,0,0,0,0,0,0,JPN,1.0,0.0
2023-06-18,,,0,0,0,0,0,0,JPN,1.0,0.0
2023-06-25,,,0,0,0,0,0,0,JPN,1.0,0.0
2023-07-02,,,0,0,0,0,0,0,JPN,1.0,0.0
2023-07-09,,,0,0,0,0,0,0,JPN,1.0,0.0
2023-07-16,,,0,0,0,0,0,0,JPN,1.0,0.0
2023-07-23,,,0,0,0,0,0,0,JPN,1.0,0.0
2023-07-30,,,0,0,0,0,0,0,JPN,1.0,0.0
2023-08-06,,,0,0,0,0,0,0,JPN,1.0,0.0
2023-08-13,,,0,0,0,0,0,0,JPN,1.0,0.0
2023-08-20,,,0,0,0,0,0,0,JPN,1.0,0.0
2023-08-27,,,0,0,0,0,0,0,JPN,1.0,0.0
2023-09-03,,,0,0,0,0,0,0,JPN,1.0,0.0
2023-09-10,,,0,0,0,0,0,0,JPN,1.0,0.0
2023-09-17,,,0,0,0,0,0,0,JPN,1.0,0.0
2023-09-24,,,0,0,0,0,0,0,JPN,1.0,0.0
2023-10-01,,,0,0,0,0,0,0,JPN,1.0,0.0
2023-10-08,,,0,0,0,0,0,0,JPN,1.0,0.0
2023-10-15,,,0,0,0,0,0,0,JPN,1.0,0.0
2023-10-22,,,0,0,0,0,0,0,JPN,1.0,0.0
2023-10-29,,,0,0,0,0,0,0,JPN,1.0,0.0
2023-11-05,,,0,0,0,0,0,0,JPN,1.0,0.0
2023-11-12,,,0,0,0,0,0,0,JPN,1.0,0.0
2023-11-19,,,0,0,0,0,0,0,JPN,1.0,0.0
2023-11-26,,,0,0,0,0,0,0,JPN,1.0,0.0
2023-12-03,,,0,0,0,0,0,0,JPN,1.0,0.0
2023-12-10,-7.2,-3.77002827521207,2,0,0,0,2,0,JPN,3.0,0.9999950000249999
2023-12-17,,,0,0,0,0,0,0,JPN,1.0,0.0
2023-12-24,,,0,0,0,0,0,0,JPN,1.0,0.0
2023-12-31,,,0,0,0,0,0,0,JPN,1.0,0.0
2024-01-07,2.014188124882098,-2.8776578306012675,101,58,21,16,6,0,JPN,0.2875,0.21782176061170685
2024-01-14,2.3546825396825395,-0.11916920498072907,73,48,13,7,5,0,JPN,0.20967741935483872,0.16438353912554257
2024-01-07,5.733333333333333,-1.2745765856618967,11,7,4,0,0,0,KAZ,0.08333333333333333,0.0
2024-01-07,-2.7,-2.768020480588817,6,2,0,3,1,0,KEN,1.6666666666666667,0.6666655555574075
2024-01-14,2.135,1.88630279373966,9,8,0,0,1,0,KEN,0.2222222222222222,0.11111098765445816
2024-01-14,0.4,-7.69230769230769,2,2,0,0,0,0,KGZ,0.3333333333333333,0.0
2023-12-10,3.2,3.93258426966292,4,2,2,0,0,0,KHM,0.2,0.0
2023-12-17,,,0,0,0,0,0,0,KHM,1.0,0.0
2023-12-24,,,0,0,0,0,0,0,KHM,1.0,0.0
2023-12-31,,,0,0,0,0,0,0,KHM,1.0,0.0
2024-01-07,3.2,1.5579904527913075,4,1,2,1,0,0,KHM,0.5,0.24999937500156252
2024-01-14,7.0,0.0,2,2,0,0,0,0,KHM,0.3333333333333333,0.0
2024-01-07,3.4,3.1578947368421,1,1,0,0,0,0,KIR,0.5,0.0
2023-01-08,4.0,-0.50675675675675,1,1,0,0,0,0,KOR,0.5,0.0
2023-01-15,,,0,0,0,0,0,0,KOR,1.0,0.0
2023-01-22,,,0,0,0,0,0,0,KOR,1.0,0.0
2023-01-29,,,0,0,0,0,0,0,KOR,1.0,0.0
2023-02-05,,,0,0,0,0,0,0,KOR,1.0,0.0
2023-02-12,,,0,0,0,0,0,0,KOR,1.0,0.0
2023-02-19,,,0,0,0,0,0,0,KOR,1.0,0.0
2023-02-26,,,0,0,0,0,0,0,KOR,1.0,0.0
2023-03-05,,,0,0,0,0,0,0,KOR,1.0,0.0
2023-03-12,,,0,0,0,0,0,0,KOR,1.0,0.0
2023-03-19,,,0,0,0,0,0,0,KOR,1.0,0.0
2023-03-26,,,0,0,0,0,0,0,KOR,1.0,0.0
2023-04-02,,,0,0,0,0,0,0,KOR,1.0,0.0
2023-04-09,,,0,0,0,0,0,0,KOR,1.0,0.0
2023-04-16,,,0,0,0,0,0,0,KOR,1.0,0.0
2023-04-23,,,0,0,0,0,0,0,KOR,1.0,0.0
2023-04-30,,,0,0,0,0,0,0,KOR,1.0,0.0
2023-05-07,,,0,0,0,0,0,0,KOR,1.0,0.0
2023-05-14,,,0,0,0,0,0,0,KOR,1.0,0.0
2023-05-21,,,0,0,0,0,0,0,KOR,1.0,0.0
2023-05-28,,,0,0,0,0,0,0,KOR,1.0,0.0
2023-06-04,,,0,0,0,0,0,0,KOR,1.0,0.0
2023-06-11,,,0,0,0,0,0,0,KOR,1.0,0.0
2023-06-18,,,0,0,0,0,0,0,KOR,1.0,0.0
2023-06-25,,,0,0,0,0,0,0,KOR,1.0,0.0
2023-07-02,,,0,0,0,0,0,0,KOR,1.0,0.0
2023-07-09,,,0,0,0,0,0,0,KOR,1.0,0.0
2023-07-16,,,0,0,0,0,0,0,KOR,1.0,0.0
2023-07-23,,,0,0,0,0,0,0,KOR,1.0,0.0
2023-07-30,,,0,0,0,0,0,0,KOR,1.0,0.0
2023-08-06,,,0,0,0,0,0,0,KOR,1.0,0.0
2023-08-13,,,0,0,0,0,0,0,KOR,1.0,0.0
2023-08-20,,,0,0,0,0,0,0,KOR,1.0,0.0
2023-08-27,,,0,0,0,0,0,0,KOR,1.0,0.0
2023-09-03,,,0,0,0,0,0,0,KOR,1.0,0.0
2023-09-10,,,0,0,0,0,0,0,KOR,1.0,0.0
2023-09-17,,,0,0,0,0,0,0,KOR,1.0,0.0
2023-09-24,,,0,0,0,0,0,0,KOR,1.0,0.0
2023-10-01,,,0,0,0,0,0,0,KOR,1.0,0.0
2023-10-08,,,0,0,0,0,0,0,KOR,1.0,0.0
2023-10-15,,,0,0,0,0,0,0,KOR,1.0,0.0
2023-10-22,,,0,0,0,0,0,0,KOR,1.0,0.0
2023-10-29,,,0,0,0,0,0,0,KOR,1.0,0.0
2023-11-05,,,0,0,0,0,0,0,KOR,1.0,0.0
2023-11-12,,,0,0,0,0,0,0,KOR,1.0,0.0
2023-11-19,,,0,0,0,0,0,0,KOR,1.0,0.0
2023-11-26,,,0,0,0,0,0,0,KOR,1.0,0.0
2023-12-03,,,0,0,0,0,0,0,KOR,1.0,0.0
2023-12-10,,,0,0,0,0,0,0,KOR,1.0,0.0
2023-12-17,,,0,0,0,0,0,0,KOR,1.0,0.0
2023-12-24,,,0,0,0,0,0,0,KOR,1.0,0.0
2023-12-31,,,0,0,0,0,0,0,KOR,1.0,0.0
2024-01-07,-4.280729166666667,-2.827375373886846,34,4,4,6,20,0,KOR,3.0,0.7647056574395125
2024-01-14,2.4587962962962964,-0.08648829772278883,34,25,8,0,1,0,KOR,0.058823529411764705,0.029411756055365862
2024-01-07,-3.0,-8.42105263157896,2,0,0,2,0,0,KWT,3.0,0.9999950000249999
2024-01-14,0.5,-1.70212765957446,6,3,0,3,0,0,KWT,1.0,0.4999991666680556
2024-01-07,0.4944444444444444,1.6258935814967117,22,21,0,0,1,0,LAO,0.09090909090909091,0.04545452479339782
2024-01-07,-3.056977813852814,-6.3118694479220805,161,53,6,29,73,0,LBN,1.7166666666666666,0.6335403333204762
2024-01-14,-2.9590277777777776,-5.055785986638386,59,27,3,2,27,0,LBN,0.967741935483871,0.4915253404194338
2024-01-07,1.8833333333333333,5.53261080857226,13,13,0,0,0,0,LBR,0.07142857142857142,0.0
2024-01-14,2.106086956521739,0.034156008943536154,33,28,1,0,4,0,LBR,0.16666666666666666,0.1212120844811865
2024-01-14,1.0,0.54495912806539,3,3,0,0,0,0,LBY,0.25,0.0
2024-01-07,1.989285714285714,-0.16764178091331172,16,16,0,0,0,0,LCA,0.058823529411764705,0.0
2024-01-14,-4.0,-3.08988764044944,2,0,0,0,2,0,LCA,3.0,0.9999950000249999
2024-01-14,-0.2633333333333333,-4.991428452764464,31,11,5,10,5,1,LKA,0.9411764705882353,0.4838708116545769
2024-01-14,4.054545454545455,-2.310783219685484,11,11,0,0,0,0,LTU,0.08333333333333333,0.0
2024-01-14,3.3000000000000003,2.35546038543897,3,3,0,0,0,0,LUX,0.25,0.0
2024-01-14,-1.38125,-5.910588618150755,9,8,0,0,1,0,LVA,0.2222222222222222,0.11111098765445816
2023-01-08,6.0,-5.64516129032258,4,4,0,0,0,0,MAR,0.2,0.0
2023-01-15,,,0,0,0,0,0,0,MAR,1.0,0.0
2023-01-22,,,0,0,0,0,0,0,MAR,1.0,0.0
2023-01-29,,,0,0,0,0,0,0,MAR,1.0,0.0
2023-02-05,,,0,0,0,0,0,0,MAR,1.0,0.0
2023-02-12,,,0,0,0,0,0,0,MAR,1.0,0.0
2023-02-19,,,0,0,0,0,0,0,MAR,1.0,0.0
2023-02-26,,,0,0,0,0,0,0,MAR,1.0,0.0
2023-03-05,,,0,0,0,0,0,0,MAR,1.0,0.0
2023-03-12,,,0,0,0,0,0,0,MAR,1.0,0.0
2023-03-19,,,0,0,0,0,0,0,MAR,1.0,0.0
2023-03-26,,,0,0,0,0,0,0,MAR,1.0,0.0
2023-04-02,,,0,0,0,0,0,0,MAR,1.0,0.0
2023-04-09,,,0,0,0,0,0,0,MAR,1.0,0.0
2023-04-16,,,0,0,0,0,0,0,MAR,1.0,0.0
2023-04-23,,,0,0,0,0,0,0,MAR,1.0,0.0
2023-04-30,,,0,0,0,0,0,0,MAR,1.0,0.0
2023-05-07,,,0,0,0,0,0,0,MAR,1.0,0.0
2023-05-14,,,0,0,0,0,0,0,MAR,1.0,0.0
2023-05-21,,,0,0,0,0,0,0,MAR,1.0,0.0
2023-05-28,,,0,0,0,0,0,0,MAR,1.0,0.0
2023-06-04,,,0,0,0,0,0,0,MAR,1.0,0.0
2023-06-11,,,0,0,0,0,0,0,MAR,1.0,0.0
2023-06-18,,,0,0,0,0,0,0,MAR,1.0,0.0
2023-06-25,,,0,0,0,0,0,0,MAR,1.0,0.0
2023-07-02,,,0,0,0,0,0,0,MAR,1.0,0.0
2023-07-09,,,0,0,0,0,0,0,MAR,1.0,0.0
2023-07-16,,,0,0,0,0,0,0,MAR,1.0,0.0
2023-07-23,,,0,0,0,0,0,0,MAR,1.0,0.0
2023-07-30,,,0,0,0,0,0,0,MAR,1.0,0.0
2023-08-06,,,0,0,0,0,0,0,MAR,1.0,0.0
2023-08-13,,,0,0,0,0,0,0,MAR,1.0,0.0
2023-08-20,,,0,0,0,0,0,0,MAR,1.0,0.0
2023-08-27,,,0,0,0,0,0,0,MAR,1.0,0.0
2023-09-03,,,0,0,0,0,0,0,MAR,1.0,0.0
2023-09-10,,,0,0,0,0,0,0,MAR,1.0,0.0
2023-09-17,,,0,0,0,0,0,0,MAR,1.0,0.0
2023-09-24,,,0,0,0,0,0,0,MAR,1.0,0.0
2023-10-01,,,0,0,0,0,0,0,MAR,1.0,0.0
2023-10-08,,,0,0,0,0,0,0,MAR,1.0,0.0
2023-10-15,,,0,0,0,0,0,0,MAR,1.0,0.0
2023-10-22,,,0,0,0,0,0,0,MAR,1.0,0.0
2023-10-29,,,0,0,0,0,0,0,MAR,1.0,0.0
2023-11-05,,,0,0,0,0,0,0,MAR,1.0,0.0
2023-11-12,,,0,0,0,0,0,0,MAR,1.0,0.0
2023-11-19,,,0,0,0,0,0,0,MAR,1.0,0.0
2023-11-26,,,0,0,0,0,0,0,MAR,1.0,0.0
2023-12-03,,,0,0,0,0,0,0,MAR,1.0,0.0
2023-12-10,,,0,0,0,0,0,0,MAR,1.0,0.0
2023-12-17,,,0,0,0,0,0,0,MAR,1.0,0.0
2023-12-24,,,0,0,0,0,0,0,MAR,1.0,0.0
2023-12-31,,,0,0,0,0,0,0,MAR,1.0,0.0
2024-01-07,-0.6733333333333335,-2.357924231066708,16,9,3,0,4,0,MAR,0.38461538461538464,0.24999984375009765
2024-01-14,-2.05,-4.622806573553112,3,1,1,0,1,0,MAR,0.6666666666666666,0.3333322222259259
2024-01-07,0.31666666666666665,2.169350140455487,7,7,0,0,0,0,MCO,0.125,0.0
2024-01-14,-0.5166666666666668,-0.3320430191304633,4,2,0,1,1,0,MCO,1.0,0.49999875000312505
2024-01-14,3.5,2.35546038543897,2,2,0,0,0,0,MDA,0.3333333333333333,0.0
2024-01-07,1.9,-0.175685543890243,2,2,0,0,0,0,MDG,0.3333333333333333,0.0
2024-01-14,8.0,1.71306209850107,1,1,0,0,0,0,MDG,0.5,0.0
2024-01-07,-4.316666666666666,-4.329018847926377,11,2,2,0,7,0,MDV,1.6,0.6363630578517656
2024-01-14,-0.04395604395604402,-2.042446496811727,43,27,3,4,9,0,MDV,0.45161290322580644,0.30232551108709044
2023-01-08,2.34,-7.214206437291901,5,5,0,0,0,0,MEX,0.16666666666666666,0.0
2023-01-15,-5.0,-9.09090909090906,1,0,0,0,1,0,MEX,2.0,0.9999900000999989
2023-01-22,,,0,0,0,0,0,0,MEX,1.0,0.0
2023-01-29,,,0,0,0,0,0,0,MEX,1.0,0.0
2023-02-05,,,0,0,0,0,0,0,MEX,1.0,0.0
2023-02-12,,,0,0,0,0,0,0,MEX,1.0,0.0
2023-02-19,,,0,0,0,0,0,0,MEX,1.0,0.0
2023-02-26,,,0,0,0,0,0,0,MEX,1.0,0.0
2023-03-05,,,0,0,0,0,0,0,MEX,1.0,0.0
2023-03-12,,,0,0,0,0,0,0,MEX,1.0,0.0
2023-03-19,,,0,0,0,0,0,0,MEX,1.0,0.0
2023-03-26,,,0,0,0,0,0,0,MEX,1.0,0.0
2023-04-02,,,0,0,0,0,0,0,MEX,1.0,0.0
2023-04-09,,,0,0,0,0,0,0,MEX,1.0,0.0
2023-04-16,,,0,0,0,0,0,0,MEX,1.0,0.0
2023-04-23,,,0,0,0,0,0,0,MEX,1.0,0.0
2023-04-30,,,0,0,0,0,0,0,MEX,1.0,0.0
2023-05-07,,,0,0,0,0,0,0,MEX,1.0,0.0
2023-05-14,,,0,0,0,0,0,0,MEX,1.0,0.0
2023-05-21,,,0,0,0,0,0,0,MEX,1.0,0.0
2023-05-28,,,0,0,0,0,0,0,MEX,1.0,0.0
2023-06-04,,,0,0,0,0,0,0,MEX,1.0,0.0
2023-06-11,,,0,0,0,0,0,0,MEX,1.0,0.0
2023-06-18,,,0,0,0,0,0,0,MEX,1.0,0.0
2023-06-25,,,0,0,0,0,0,0,MEX,1.0,0.0
2023-07-02,,,0,0,0,0,0,0,MEX,1.0,0.0
2023-07-09,,,0,0,0,0,0,0,MEX,1.0,0.0
2023-07-16,,,0,0,0,0,0,0,MEX,1.0,0.0
2023-07-23,,,0,0,0,0,0,0,MEX,1.0,0.0
2023-07-30,,,0,0,0,0,0,0,MEX,1.0,0.0
2023-08-06,,,0,0,0,0,0,0,MEX,1.0,0.0
2023-08-13,,,0,0,0,0,0,0,MEX,1.0,0.0
2023-08-20,,,0,0,0,0,0,0,MEX,1.0,0.0
2023-08-27,,,0,0,0,0,0,0,MEX,1.0,0.0
2023-09-03,,,0,0,0,0,0,0,MEX,1.0,0.0
2023-09-10,,,0,0,0,0,0,0,MEX,1.0,0.0
2023-09-17,,,0,0,0,0,0,0,MEX,1.0,0.0
2023-09-24,,,0,0,0,0,0,0,MEX,1.0,0.0
2023-10-01,,,0,0,0,0,0,0,MEX,1.0,0.0
2023-10-08,,,0,0,0,0,0,0,MEX,1.0,0.0
2023-10-15,,,0,0,0,0,0,0,MEX,1.0,0.0
2023-10-22,,,0,0,0,0,0,0,MEX,1.0,0.0
2023-10-29,,,0,0,0,0,0,0,MEX,1.0,0.0
2023-11-05,,,0,0,0,0,0,0,MEX,1.0,0.0
2023-11-12,,,0,0,0,0,0,0,MEX,1.0,0.0
2023-11-19,,,0,0,0,0,0,0,MEX,1.0,0.0
2023-11-26,,,0,0,0,0,0,0,MEX,1.0,0.0
2023-12-03,,,0,0,0,0,0,0,MEX,1.0,0.0
2023-12-10,,,0,0,0,0,0,0,MEX,1.0,0.0
2023-12-17,,,0,0,0,0,0,0,MEX,1.0,0.0
2023-12-24,,,0,0,0,0,0,0,MEX,1.0,0.0
2023-12-31,-7.0,-6.48578211609661,2,0,0,2,0,0,MEX,3.0,0.9999950000249999
2024-01-07,0.17871794871794874,-2.677705039040872,40,22,1,11,6,2,MEX,0.75,0.4249998937500265
2024-01-14,1.2234474434935265,-2.7444378876585738,99,46,10,18,25,0,MEX,0.7719298245614035,0.4343433904703646
2024-01-14,9.0,-1.30610306340537,3,0,3,0,0,0,MHL,0.25,0.0
2024-01-07,1.7,-1.89114749232227,17,10,1,4,2,0,MLI,0.5833333333333334,0.3529409688582536
2024-01-14,-5.0,-3.0701754385965,1,0,0,1,0,0,MLI,2.0,0.9999900000999989
2024-01-14,4.133333333333334,5.247101569268353,3,3,0,0,0,0,MLT,0.25,0.0
2023-12-10,-9.333333333333334,-5.70388349514563,3,0,0,0,3,0,MMR,4.0,0.9999966666777778
2023-12-17,,,0,0,0,0,0,0,MMR,1.0,0.0
2023-12-24,,,0,0,0,0,0,0,MMR,1.0,0.0
2023-12-31,,,0,0,0,0,0,0,MMR,1.0,0.0
2024-01-07,1.0,-1.44927536231884,3,3,0,0,0,0,MMR,0.25,0.0
2024-01-14,-4.166666666666667,-5.122535465013416,8,2,0,1,5,0,MMR,2.3333333333333335,0.7499990625011719
2024-01-14,7.0,0.26845637583893,3,3,0,0,0,0,MNG,0.25,0.0
2024-01-14,2.8,0.434782608695656,1,1,0,0,0,0,MOZ,0.5,0.0
2024-01-14,4.558333333333334,2.249873908311435,7,7,0,0,0,0,MUS,0.125,0.0
2024-01-14,4.0,4.73118279569893,1,1,0,0,0,0,MWI,0.5,0.0
2023-01-15,-5.0,2.30414746543778,2,0,0,2,0,0,MYS,3.0,0.9999950000249999
2023-01-22,,,0,0,0,0,0,0,MYS,1.0,0.0
2023-01-29,,,0,0,0,0,0,0,MYS,1.0,0.0
2023-02-05,,,0,0,0,0,0,0,MYS,1.0,0.0
2023-02-12,,,0,0,0,0,0,0,MYS,1.0,0.0
2023-02-19,,,0,0,0,0,0,0,MYS,1.0,0.0
2023-02-26,,,0,0,0,0,0,0,MYS,1.0,0.0
2023-03-05,,,0,0,0,0,0,0,MYS,1.0,0.0
2023-03-12,,,0,0,0,0,0,0,MYS,1.0,0.0
2023-03-19,,,0,0,0,0,0,0,MYS,1.0,0.0
2023-03-26,,,0,0,0,0,0,0,MYS,1.0,0.0
2023-04-02,,,0,0,0,0,0,0,MYS,1.0,0.0
2023-04-09,,,0,0,0,0,0,0,MYS,1.0,0.0
2023-04-16,,,0,0,0,0,0,0,MYS,1.0,0.0
2023-04-23,,,0,0,0,0,0,0,MYS,1.0,0.0
2023-04-30,,,0,0,0,0,0,0,MYS,1.0,0.0
2023-05-07,,,0,0,0,0,0,0,MYS,1.0,0.0
2023-05-14,,,0,0,0,0,0,0,MYS,1.0,0.0
2023-05-21,,,0,0,0,0,0,0,MYS,1.0,0.0
2023-05-28,,,0,0,0,0,0,0,MYS,1.0,0.0
2023-06-04,,,0,0,0,0,0,0,MYS,1.0,0.0
2023-06-11,,,0,0,0,0,0,0,MYS,1.0,0.0
2023-06-18,,,0,0,0,0,0,0,MYS,1.0,0.0
2023-06-25,,,0,0,0,0,0,0,MYS,1.0,0.0
2023-07-02,,,0,0,0,0,0,0,MYS,1.0,0.0
2023-07-09,,,0,0,0,0,0,0,MYS,1.0,0.0
2023-07-16,,,0,0,0,0,0,0,MYS,1.0,0.0
2023-07-23,,,0,0,0,0,0,0,MYS,1.0,0.0
2023-07-30,,,0,0,0,0,0,0,MYS,1.0,0.0
2023-08-06,,,0,0,0,0,0,0,MYS,1.0,0.0
2023-08-13,,,0,0,0,0,0,0,MYS,1.0,0.0
2023-08-20,,,0,0,0,0,0,0,MYS,1.0,0.0
2023-08-27,,,0,0,0,0,0,0,MYS,1.0,0.0
2023-09-03,,,0,0,0,0,0,0,MYS,1.0,0.0
2023-09-10,,,0,0,0,0,0,0,MYS,1.0,0.0
2023-09-17,,,0,0,0,0,0,0,MYS,1.0,0.0
2023-09-24,,,0,0,0,0,0,0,MYS,1.0,0.0
2023-10-01,,,0,0,0,0,0,0,MYS,1.0,0.0
2023-10-08,,,0,0,0,0,0,0,MYS,1.0,0.0
2023-10-15,,,0,0,0,0,0,0,MYS,1.0,0.0
2023-10-22,,,0,0,0,0,0,0,MYS,1.0,0.0
2023-10-29,,,0,0,0,0,0,0,MYS,1.0,0.0
2023-11-05,,,0,0,0,0,0,0,MYS,1.0,0.0
2023-11-12,,,0,0,0,0,0,0,MYS,1.0,0.0
2023-11-19,,,0,0,0,0,0,0,MYS,1.0,0.0
2023-11-26,,,0,0,0,0,0,0,MYS,1.0,0.0
2023-12-03,,,0,0,0,0,0,0,MYS,1.0,0.0
2023-12-10,-10.0,-3.79464285714286,1,0,0,0,1,0,MYS,2.0,0.9999900000999989
2023-12-17,,,0,0,0,0,0,0,MYS,1.0,0.0
2023-12-24,,,0,0,0,0,0,0,MYS,1.0,0.0
2023-12-31,,,0,0,0,0,0,0,MYS,1.0,0.0
2024-01-07,-0.5533333333333335,0.9050947371680887,10,7,1,0,2,0,MYS,0.3333333333333333,0.1999998000002
2024-01-14,2.202857142857143,-4.8979292409473745,31,26,0,2,3,0,MYS,0.2222222222222222,0.16129027055152564
2024-01-07,0.8166666666666667,-1.30288329937042,4,4,0,0,0,0,NAM,0.2,0.0
2024-01-14,3.433333333333333,0.510097326970005,15,4,10,0,1,0,NAM,0.13333333333333333,0.06666662222225185
2024-01-07,0.2666666666666666,-2.16952573158426,9,5,2,0,2,0,NER,0.375,0.22222197530891633
2024-01-14,-5.0,-3.0701754385965,3,0,0,3,0,0,NER,4.0,0.9999966666777778
2024-01-07,-0.05318363904701662,-0.6875945875754397,76,53,8,5,10,0,NGA,0.25806451612903225,0.1973683950831059
2024-01-14,1.0040729483282675,0.3122791492719598,68,42,6,16,4,0,NGA,0.42857142857142855,0.2941176038062347
2024-01-07,2.8,-4.71042471042471,1,1,0,0,0,0,NIC,0.5,0.0
2024-01-14,3.88,-0.10806843312032699,15,12,3,0,0,0,NIC,0.0625,0.0
2023-12-10,-7.2,-3.77002827521207,2,0,0,0,2,0,NLD,3.0,0.9999950000249999
2023-12-17,,,0,0,0,0,0,0,NLD,1.0,0.0
2023-12-24,,,0,0,0,0,0,0,NLD,1.0,0.0
2023-12-31,,,0,0,0,0,0,0,NLD,1.0,0.0
2024-01-07,-0.48666666666666675,-2.8808526730612356,33,13,4,11,5,0,NLD,0.9444444444444444,0.484848337924746
2024-01-14,0.4469047619047618,-7.51071520090385,20,9,5,4,2,0,NLD,0.4666666666666667,0.299999850000075
2023-01-08,0.0,0.392156862745098,2,2,0,0,0,0,NMR,0.3333333333333333,0.0
2023-01-15,,,0,0,0,0,0,0,NMR,1.0,0.0
2023-01-22,,,0,0,0,0,0,0,NMR,1.0,0.0
2023-01-29,,,0,0,0,0,0,0,NMR,1.0,0.0
2023-02-05,,,0,0,0,0,0,0,NMR,1.0,0.0
2023-02-12,,,0,0,0,0,0,0,NMR,1.0,0.0
2023-02-19,,,0,0,0,0,0,0,NMR,1.0,0.0
2023-02-26,,,0,0,0,0,0,0,NMR,1.0,0.0
2023-03-05,,,0,0,0,0,0,0,NMR,1.0,0.0
2023-03-12,,,0,0,0,0,0,0,NMR,1.0,0.0
2023-03-19,,,0,0,0,0,0,0,NMR,1.0,0.0
2023-03-26,,,0,0,0,0,0,0,NMR,1.0,0.0
2023-04-02,,,0,0,0,0,0,0,NMR,1.0,0.0
2023-04-09,,,0,0,0,0,0,0,NMR,1.0,0.0
2023-04-16,,,0,0,0,0,0,0,NMR,1.0,0.0
2023-04-23,,,0,0,0,0,0,0,NMR,1.0,0.0
2023-04-30,,,0,0,0,0,0,0,NMR,1.0,0.0
2023-05-07,,,0,0,0,0,0,0,NMR,1.0,0.0
2023-05-14,,,0,0,0,0,0,0,NMR,1.0,0.0
2023-05-21,,,0,0,0,0,0,0,NMR,1.0,0.0
2023-05-28,,,0,0,0,0,0,0,NMR,1.0,0.0
2023-06-04,,,0,0,0,0,0,0,NMR,1.0,0.0
2023-06-11,,,0,0,0,0,0,0,NMR,1.0,0.0
2023-06-18,,,0,0,0,0,0,0,NMR,1.0,0.0
2023-06-25,,,0,0,0,0,0,0,NMR,1.0,0.0
2023-07-02,,,0,0,0,0,0,0,NMR,1.0,0.0
2023-07-09,,,0,0,0,0,0,0,NMR,1.0,0.0
2023-07-16,,,0,0,0,0,0,0,NMR,1.0,0.0
2023-07-23,,,0,0,0,0,0,0,NMR,1.0,0.0
2023-07-30,,,0,0,0,0,0,0,NMR,1.0,0.0
2023-08-06,,,0,0,0,0,0,0,NMR,1.0,0.0
2023-08-13,,,0,0,0,0,0,0,NMR,1.0,0.0
2023-08-20,,,0,0,0,0,0,0,NMR,1.0,0.0
2023-08-27,,,0,0,0,0,0,0,NMR,1.0,0.0
2023-09-03,,,0,0,0,0,0,0,NMR,1.0,0.0
2023-09-10,,,0,0,0,0,0,0,NMR,1.0,0.0
2023-09-17,,,0,0,0,0,0,0,NMR,1.0,0.0
2023-09-24,,,0,0,0,0,0,0,NMR,1.0,0.0
2023-10-01,,,0,0,0,0,0,0,NMR,1.0,0.0
2023-10-08,,,0,0,0,0,0,0,NMR,1.0,0.0
2023-10-15,,,0,0,0,0,0,0,NMR,1.0,0.0
2023-10-22,,,0,0,0,0,0,0,NMR,1.0,0.0
2023-10-29,,,0,0,0,0,0,0,NMR,1.0,0.0
2023-11-05,,,0,0,0,0,0,0,NMR,1.0,0.0
2023-11-12,,,0,0,0,0,0,0,NMR,1.0,0.0
2023-11-19,,,0,0,0,0,0,0,NMR,1.0,0.0
2023-11-26,,,0,0,0,0,0,0,NMR,1.0,0.0
2023-12-03,,,0,0,0,0,0,0,NMR,1.0,0.0
2023-12-10,,,0,0,0,0,0,0,NMR,1.0,0.0
2023-12-17,,,0,0,0,0,0,0,NMR,1.0,0.0
2023-12-24,,,0,0,0,0,0,0,NMR,1.0,0.0
2023-12-31,,,0,0,0,0,0,0,NMR,1.0,0.0
2024-01-07,1.1111111111111105,0.4612677674610524,9,6,0,2,1,0,NMR,0.5714285714285714,0.3333329629633745
2024-01-14,1.7,0.8678516654411809,17,9,1,7,0,0,NMR,0.7272727272727273,0.41176446366796254
2024-01-07,1.05,-3.55145155534785,4,4,0,0,0,0,NOR,0.2,0.0
2024-01-14,-2.3654761904761905,-3.2804232403770417,20,12,0,6,2,0,NOR,0.6923076923076923,0.3999998000001
2024-01-14,-2.0,-1.07238605898123,3,0,3,0,0,0,NPL,0.25,0.0
2024-01-14,4.0,0.753768844221105,1,1,0,0,0,0,NRU,0.5,0.0
2023-12-10,-7.2,-3.77002827521207,2,0,0,0,2,0,NZL,3.0,0.9999950000249999
2023-12-17,,,0,0,0,0,0,0,NZL,1.0,0.0
2023-12-24,,,0,0,0,0,0,0,NZL,1.0,0.0
2023-12-31,,,0,0,0,0,0,0,NZL,1.0,0.0
2024-01-07,1.4895833333333333,-1.9402517518748001,40,28,2,9,1,0,NZL,0.3548387096774194,0.24999993750001562
2024-01-14,0.04528138528138514,-1.4703716768611186,33,24,2,3,4,0,NZL,0.2962962962962963,0.2121211478420764
2023-01-15,1.5999999999999999,-4.330003389946991,6,2,2,0,2,0,PAK,0.6,0.33333277777870374
2023-01-22,,,0,0,0,0,0,0,PAK,1.0,0.0
2023-01-29,,,0,0,0,0,0,0,PAK,1.0,0.0
2023-02-05,,,0,0,0,0,0,0,PAK,1.0,0.0
2023-02-12,,,0,0,0,0,0,0,PAK,1.0,0.0
2023-02-19,,,0,0,0,0,0,0,PAK,1.0,0.0
2023-02-26,,,0,0,0,0,0,0,PAK,1.0,0.0
2023-03-05,,,0,0,0,0,0,0,PAK,1.0,0.0
2023-03-12,,,0,0,0,0,0,0,PAK,1.0,0.0
2023-03-19,,,0,0,0,0,0,0,PAK,1.0,0.0
2023-03-26,,,0,0,0,0,0,0,PAK,1.0,0.0
2023-04-02,,,0,0,0,0,0,0,PAK,1.0,0.0
2023-04-09,,,0,0,0,0,0,0,PAK,1.0,0.0
2023-04-16,,,0,0,0,0,0,0,PAK,1.0,0.0
2023-04-23,,,0,0,0,0,0,0,PAK,1.0,0.0
2023-04-30,,,0,0,0,0,0,0,PAK,1.0,0.0
2023-05-07,,,0,0,0,0,0,0,PAK,1.0,0.0
2023-05-14,,,0,0,0,0,0,0,PAK,1.0,0.0
2023-05-21,,,0,0,0,0,0,0,PAK,1.0,0.0
2023-05-28,,,0,0,0,0,0,0,PAK,1.0,0.0
2023-06-04,,,0,0,0,0,0,0,PAK,1.0,0.0
2023-06-11,,,0,0,0,0,0,0,PAK,1.0,0.0
2023-06-18,,,0,0,0,0,0,0,PAK,1.0,0.0
2023-06-25,,,0,0,0,0,0,0,PAK,1.0,0.0
2023-07-02,,,0,0,0,0,0,0,PAK,1.0,0.0
2023-07-09,,,0,0,0,0,0,0,PAK,1.0,0.0
2023-07-16,,,0,0,0,0,0,0,PAK,1.0,0.0
2023-07-23,,,0,0,0,0,0,0,PAK,1.0,0.0
2023-07-30,,,0,0,0,0,0,0,PAK,1.0,0.0
2023-08-06,,,0,0,0,0,0,0,PAK,1.0,0.0
2023-08-13,,,0,0,0,0,0,0,PAK,1.0,0.0
2023-08-20,,,0,0,0,0,0,0,PAK,1.0,0.0
2023-08-27,,,0,0,0,0,0,0,PAK,1.0,0.0
2023-09-03,,,0,0,0,0,0,0,PAK,1.0,0.0
2023-09-10,,,0,0,0,0,0,0,PAK,1.0,0.0
2023-09-17,,,0,0,0,0,0,0,PAK,1.0,0.0
2023-09-24,,,0,0,0,0,0,0,PAK,1.0,0.0
2023-10-01,,,0,0,0,0,0,0,PAK,1.0,0.0
2023-10-08,,,0,0,0,0,0,0,PAK,1.0,0.0
2023-10-15,,,0,0,0,0,0,0,PAK,1.0,0.0
2023-10-22,,,0,0,0,0,0,0,PAK,1.0,0.0
2023-10-29,,,0,0,0,0,0,0,PAK,1.0,0.0
2023-11-05,,,0,0,0,0,0,0,PAK,1.0,0.0
2023-11-12,,,0,0,0,0,0,0,PAK,1.0,0.0
2023-11-19,,,0,0,0,0,0,0,PAK,1.0,0.0
2023-11-26,,,0,0,0,0,0,0,PAK,1.0,0.0
2023-12-03,,,0,0,0,0,0,0,PAK,1.0,0.0
2023-12-10,,,0,0,0,0,0,0,PAK,1.0,0.0
2023-12-17,,,0,0,0,0,0,0,PAK,1.0,0.0
2023-12-24,,,0,0,0,0,0,0,PAK,1.0,0.0
2023-12-31,,,0,0,0,0,0,0,PAK,1.0,0.0
2024-01-07,0.3860185185185185,-1.4345843460241916,43,31,1,3,8,1,PAK,0.36363636363636365,0.2558138939967688
2024-01-14,-3.6420238095238098,-4.169427999625009,43,15,2,7,19,1,PAK,1.5,0.6046510221741809
2023-01-08,3.4,3.64963503649635,1,1,0,0,0,0,PAN,0.5,0.0
2023-01-15,,,0,0,0,0,0,0,PAN,1.0,0.0
2023-01-22,,,0,0,0,0,0,0,PAN,1.0,0.0
2023-01-29,,,0,0,0,0,0,0,PAN,1.0,0.0
2023-02-05,,,0,0,0,0,0,0,PAN,1.0,0.0
2023-02-12,,,0,0,0,0,0,0,PAN,1.0,0.0
2023-02-19,,,0,0,0,0,0,0,PAN,1.0,0.0
2023-02-26,,,0,0,0,0,0,0,PAN,1.0,0.0
2023-03-05,,,0,0,0,0,0,0,PAN,1.0,0.0
2023-03-12,,,0,0,0,0,0,0,PAN,1.0,0.0
2023-03-19,,,0,0,0,0,0,0,PAN,1.0,0.0
2023-03-26,,,0,0,0,0,0,0,PAN,1.0,0.0
2023-04-02,,,0,0,0,0,0,0,PAN,1.0,0.0
2023-04-09,,,0,0,0,0,0,0,PAN,1.0,0.0
2023-04-16,,,0,0,0,0,0,0,PAN,1.0,0.0
2023-04-23,,,0,0,0,0,0,0,PAN,1.0,0.0
2023-04-30,,,0,0,0,0,0,0,PAN,1.0,0.0
2023-05-07,,,0,0,0,0,0,0,PAN,1.0,0.0
2023-05-14,,,0,0,0,0,0,0,PAN,1.0,0.0
2023-05-21,,,0,0,0,0,0,0,PAN,1.0,0.0
2023-05-28,,,0,0,0,0,0,0,PAN,1.0,0.0
2023-06-04,,,0,0,0,0,0,0,PAN,1.0,0.0
2023-06-11,,,0,0,0,0,0,0,PAN,1.0,0.0
2023-06-18,,,0,0,0,0,0,0,PAN,1.0,0.0
2023-06-25,,,0,0,0,0,0,0,PAN,1.0,0.0
2023-07-02,,,0,0,0,0,0,0,PAN,1.0,0.0
2023-07-09,,,0,0,0,0,0,0,PAN,1.0,0.0
2023-07-16,,,0,0,0,0,0,0,PAN,1.0,0.0
2023-07-23,,,0,0,0,0,0,0,PAN,1.0,0.0
2023-07-30,,,0,0,0,0,0,0,PAN,1.0,0.0
2023-08-06,,,0,0,0,0,0,0,PAN,1.0,0.0
2023-08-13,,,0,0,0,0,0,0,PAN,1.0,0.0
2023-08-20,,,0,0,0,0,0,0,PAN,1.0,0.0
2023-08-27,,,0,0,0,0,0,0,PAN,1.0,0.0
2023-09-03,,,0,0,0,0,0,0,PAN,1.0,0.0
2023-09-10,,,0,0,0,0,0,0,PAN,1.0,0.0
2023-09-17,,,0,0,0,0,0,0,PAN,1.0,0.0
2023-09-24,,,0,0,0,0,0,0,PAN,1.0,0.0
2023-10-01,,,0,0,0,0,0,0,PAN,1.0,0.0
2023-10-08,,,0,0,0,0,0,0,PAN,1.0,0.0
2023-10-15,,,0,0,0,0,0,0,PAN,1.0,0.0
2023-10-22,,,0,0,0,0,0,0,PAN,1.0,0.0
2023-10-29,,,0,0,0,0,0,0,PAN,1.0,0.0
2023-11-05,,,0,0,0,0,0,0,PAN,1.0,0.0
2023-11-12,,,0,0,0,0,0,0,PAN,1.0,0.0
2023-11-19,,,0,0,0,0,0,0,PAN,1.0,0.0
2023-11-26,,,0,0,0,0,0,0,PAN,1.0,0.0
2023-12-03,,,0,0,0,0,0,0,PAN,1.0,0.0
2023-12-10,,,0,0,0,0,0,0,PAN,1.0,0.0
2023-12-17,,,0,0,0,0,0,0,PAN,1.0,0.0
2023-12-24,,,0,0,0,0,0,0,PAN,1.0,0.0
2023-12-31,,,0,0,0,0,0,0,PAN,1.0,0.0
2024-01-07,3.0777777777777775,1.3465978511496457,11,11,0,0,0,0,PAN,0.08333333333333333,0.0
2024-01-14,4.0,-3.85756676557864,1,1,0,0,0,0,PAN,0.5,0.0
2024-01-07,2.265714285714286,-1.6876407636303559,12,10,1,0,1,0,PER,0.16666666666666666,0.08333326388894677
2024-01-14,0.5333333333333333,-2.03575331196402,8,7,0,1,0,0,PER,0.25,0.12499984375019532
2024-01-14,1.9,-2.18818380743983,2,2,0,0,0,0,PGS,0.3333333333333333,0.0
2023-12-03,2.5749999999999997,1.96078431372549,4,4,0,0,0,0,PHL,0.2,0.0
2023-12-10,,,0,0,0,0,0,0,PHL,1.0,0.0
2023-12-17,,,0,0,0,0,0,0,PHL,1.0,0.0
2023-12-24,,,0,0,0,0,0,0,PHL,1.0,0.0
2023-12-31,,,0,0,0,0,0,0,PHL,1.0,0.0
2024-01-07,-0.49866666666666665,0.7739158551796731,18,9,4,0,5,0,PHL,0.42857142857142855,0.27777762345687584
2024-01-14,2.3080952380952384,0.179019851409709,48,41,2,2,3,0,PHL,0.13636363636363635,0.10416664496528229
2024-01-14,0.18571428571428594,-0.07278073866593504,11,5,2,2,2,0,PLW,0.625,0.3636360330581518
2024-01-14,-0.8500000000000001,-0.3891116835918035,7,6,0,0,1,0,PNG,0.2857142857142857,0.14285693877580175
2024-01-07,0.4,1.97889182058048,4,4,0,0,0,0,POL,0.2,0.0
2024-01-14,1.4306593406593406,-2.5002046985950024,24,12,1,7,4,3,POL,0.8571428571428571,0.4583331423611907
2023-12-31,-0.4,-4.98753117206983,2,2,0,0,0,0,PRK,0.3333333333333333,0.0
2024-01-07,-5.0704242424242425,-3.762095212111107,45,17,1,6,21,0,PRK,1.4736842105263157,0.5999998666666962
2024-01-14,0.7958333333333334,-4.716658178450706,11,6,0,5,0,0,PRK,0.8571428571428571,0.45454504132268975
2024-01-07,-1.0,-7.093965004159221,5,1,1,3,0,0,PRT,1.3333333333333333,0.5999988000024
2024-01-14,2.8999999999999995,-2.341991341991345,5,5,0,0,0,0,PRT,0.16666666666666666,0.0
2024-01-14,1.9,0.40791765110423,1,1,0,0,0,0,PRY,0.5,0.0
2023-01-15,2.875,-6.01078008218593,4,4,0,0,0,0,PSE,0.2,0.0
2023-01-22,,,0,0,0,0,0,0,PSE,1.0,0.0
2023-01-29,,,0,0,0,0,0,0,PSE,1.0,0.0
2023-02-05,,,0,0,0,0,0,0,PSE,1.0,0.0
2023-02-12,,,0,0,0,0,0,0,PSE,1.0,0.0
2023-02-19,,,0,0,0,0,0,0,PSE,1.0,0.0
2023-02-26,,,0,0,0,0,0,0,PSE,1.0,0.0
2023-03-05,,,0,0,0,0,0,0,PSE,1.0,0.0
2023-03-12,,,0,0,0,0,0,0,PSE,1.0,0.0
2023-03-19,,,0,0,0,0,0,0,PSE,1.0,0.0
2023-03-26,,,0,0,0,0,0,0,PSE,1.0,0.0
2023-04-02,,,0,0,0,0,0,0,PSE,1.0,0.0
2023-04-09,,,0,0,0,0,0,0,PSE,1.0,0.0
2023-04-16,,,0,0,0,0,0,0,PSE,1.0,0.0
2023-04-23,,,0,0,0,0,0,0,PSE,1.0,0.0
2023-04-30,,,0,0,0,0,0,0,PSE,1.0,0.0
2023-05-07,,,0,0,0,0,0,0,PSE,1.0,0.0
2023-05-14,,,0,0,0,0,0,0,PSE,1.0,0.0
2023-05-21,,,0,0,0,0,0,0,PSE,1.0,0.0
2023-05-28,,,0,0,0,0,0,0,PSE,1.0,0.0
2023-06-04,,,0,0,0,0,0,0,PSE,1.0,0.0
2023-06-11,,,0,0,0,0,0,0,PSE,1.0,0.0
2023-06-18,,,0,0,0,0,0,0,PSE,1.0,0.0
2023-06-25,,,0,0,0,0,0,0,PSE,1.0,0.0
2023-07-02,,,0,0,0,0,0,0,PSE,1.0,0.0
2023-07-09,,,0,0,0,0,0,0,PSE,1.0,0.0
2023-07-16,,,0,0,0,0,0,0,PSE,1.0,0.0
2023-07-23,,,0,0,0,0,0,0,PSE,1.0,0.0
2023-07-30,,,0,0,0,0,0,0,PSE,1.0,0.0
2023-08-06,,,0,0,0,0,0,0,PSE,1.0,0.0
2023-08-13,,,0,0,0,0,0,0,PSE,1.0,0.0
2023-08-20,,,0,0,0,0,0,0,PSE,1.0,0.0
2023-08-27,,,0,0,0,0,0,0,PSE,1.0,0.0
2023-09-03,,,0,0,0,0,0,0,PSE,1.0,0.0
2023-09-10,,,0,0,0,0,0,0,PSE,1.0,0.0
2023-09-17,,,0,0,0,0,0,0,PSE,1.0,0.0
2023-09-24,,,0,0,0,0,0,0,PSE,1.0,0.0
2023-10-01,,,0,0,0,0,0,0,PSE,1.0,0.0
2023-10-08,,,0,0,0,0,0,0,PSE,1.0,0.0
2023-10-15,,,0,0,0,0,0,0,PSE,1.0,0.0
2023-10-22,,,0,0,0,0,0,0,PSE,1.0,0.0
2023-10-29,,,0,0,0,0,0,0,PSE,1.0,0.0
2023-11-05,,,0,0,0,0,0,0,PSE,1.0,0.0
2023-11-12,,,0,0,0,0,0,0,PSE,1.0,0.0
2023-11-19,,,0,0,0,0,0,0,PSE,1.0,0.0
2023-11-26,,,0,0,0,0,0,0,PSE,1.0,0.0
2023-12-03,,,0,0,0,0,0,0,PSE,1.0,0.0
2023-12-10,,,0,0,0,0,0,0,PSE,1.0,0.0
2023-12-17,4.65,-4.167504220827885,3,2,1,0,0,0,PSE,0.25,0.0
2023-12-24,,,0,0,0,0,0,0,PSE,1.0,0.0
2023-12-31,,,0,0,0,0,0,0,PSE,1.0,0.0
2024-01-07,-1.8144177410493358,-6.151399299723788,389,174,26,74,115,10,PSE,0.945273631840796,0.48586117002927587
2024-01-14,-1.8837394136479608,-6.2646600196342845,458,221,30,53,154,6,PSE,0.8253968253968254,0.4519650556339508
2024-01-07,2.555287356321839,-4.457655308988895,44,33,7,0,4,0,QAT,0.12195121951219512,0.09090907024793857
2024-01-14,1.0787698412698412,-3.4596652354759807,75,53,8,12,2,0,QAT,0.24193548387096775,0.18666664177778108
2023-01-15,-5.333333333333333,-8.5166784953868,9,0,0,6,3,0,RUS,10.0,0.9999988888901234
2023-01-22,,,0,0,0,0,0,0,RUS,1.0,0.0
2023-01-29,,,0,0,0,0,0,0,RUS,1.0,0.0
2023-02-05,,,0,0,0,0,0,0,RUS,1.0,0.0
2023-02-12,,,0,0,0,0,0,0,RUS,1.0,0.0
2023-02-19,,,0,0,0,0,0,0,RUS,1.0,0.0
2023-02-26,,,0,0,0,0,0,0,RUS,1.0,0.0
2023-03-05,,,0,0,0,0,0,0,RUS,1.0,0.0
2023-03-12,,,0,0,0,0,0,0,RUS,1.0,0.0
2023-03-19,,,0,0,0,0,0,0,RUS,1.0,0.0
2023-03-26,,,0,0,0,0,0,0,RUS,1.0,0.0
2023-04-02,,,0,0,0,0,0,0,RUS,1.0,0.0
2023-04-09,,,0,0,0,0,0,0,RUS,1.0,0.0
2023-04-16,,,0,0,0,0,0,0,RUS,1.0,0.0
2023-04-23,,,0,0,0,0,0,0,RUS,1.0,0.0
2023-04-30,,,0,0,0,0,0,0,RUS,1.0,0.0
2023-05-07,,,0,0,0,0,0,0,RUS,1.0,0.0
2023-05-14,,,0,0,0,0,0,0,RUS,1.0,0.0
2023-05-21,,,0,0,0,0,0,0,RUS,1.0,0.0
2023-05-28,,,0,0,0,0,0,0,RUS,1.0,0.0
2023-06-04,,,0,0,0,0,0,0,RUS,1.0,0.0
2023-06-11,,,0,0,0,0,0,0,RUS,1.0,0.0
2023-06-18,,,0,0,0,0,0,0,RUS,1.0,0.0
2023-06-25,,,0,0,0,0,0,0,RUS,1.0,0.0
2023-07-02,,,0,0,0,0,0,0,RUS,1.0,0.0
2023-07-09,,,0,0,0,0,0,0,RUS,1.0,0.0
2023-07-16,,,0,0,0,0,0,0,RUS,1.0,0.0
2023-07-23,,,0,0,0,0,0,0,RUS,1.0,0.0
2023-07-30,,,0,0,0,0,0,0,RUS,1.0,0.0
2023-08-06,,,0,0,0,0,0,0,RUS,1.0,0.0
2023-08-13,,,0,0,0,0,0,0,RUS,1.0,0.0
2023-08-20,,,0,0,0,0,0,0,RUS,1.0,0.0
2023-08-27,,,0,0,0,0,0,0,RUS,1.0,0.0
2023-09-03,,,0,0,0,0,0,0,RUS,1.0,0.0
2023-09-10,,,0,0,0,0,0,0,RUS,1.0,0.0
2023-09-17,,,0,0,0,0,0,0,RUS,1.0,0.0
2023-09-24,,,0,0,0,0,0,0,RUS,1.0,0.0
2023-10-01,,,0,0,0,0,0,0,RUS,1.0,0.0
2023-10-08,,,0,0,0,0,0,0,RUS,1.0,0.0
2023-10-15,,,0,0,0,0,0,0,RUS,1.0,0.0
2023-10-22,,,0,0,0,0,0,0,RUS,1.0,0.0
2023-10-29,,,0,0,0,0,0,0,RUS,1.0,0.0
2023-11-05,,,0,0,0,0,0,0,RUS,1.0,0.0
2023-11-12,,,0,0,0,0,0,0,RUS,1.0,0.0
2023-11-19,,,0,0,0,0,0,0,RUS,1.0,0.0
2023-11-26,,,0,0,0,0,0,0,RUS,1.0,0.0
2023-12-03,,,0,0,0,0,0,0,RUS,1.0,0.0
2023-12-10,,,0,0,0,0,0,0,RUS,1.0,0.0
2023-12-17,,,0,0,0,0,0,0,RUS,1.0,0.0
2023-12-24,,,0,0,0,0,0,0,RUS,1.0,0.0
2023-12-31,,,0,0,0,0,0,0,RUS,1.0,0.0
2024-01-07,-2.6784700191090165,-3.778746657316916,270,104,15,64,87,0,RUS,1.2666666666666666,0.5592592385459542
2024-01-14,-0.5381631178291743,-4.408588417000271,223,105,29,28,61,0,RUS,0.6666666666666666,0.39910312111645196
2024-01-07,1.0,-0.29239766081871,1,1,0,0,0,0,RWA,0.5,0.0
2024-01-14,-0.55,-2.121567034801045,11,7,0,4,0,0,RWA,0.625,0.3636360330581518
2024-01-14,1.8333333333333333,1.2963853122103333,7,2,1,4,0,0,SAS,1.25,0.571427755103207
2024-01-07,-0.6295454545454546,-4.144913505273902,31,18,7,4,2,0,SAU,0.2692307692307692,0.19354832466183075
2024-01-14,2.846706015739629,-1.5198908109405347,104,90,10,3,1,0,SAU,0.04950495049504951,0.038461534763313966
2024-01-07,-7.6,-1.350669871740995,5,0,0,1,4,0,SDN,6.0,0.9999980000040001
2024-01-14,-2.0,-3.6263924819175304,3,1,0,0,2,0,SDN,1.5,0.6666644444518518
2024-01-07,-9.5,-15.807560137457,1,0,0,0,1,0,SEA,2.0,0.9999900000999989
2024-01-07,-0.9142857142857144,-3.27767180370846,7,4,0,3,0,0,SEN,0.8,0.4285708163274053
2024-01-14,1.9,-0.60483870967742,2,2,0,0,0,0,SEN,0.3333333333333333,0.0
2024-01-07,-2.3333333333333335,-4.722018893634407,5,2,0,0,3,0,SGP,1.3333333333333333,0.5999988000024
2024-01-14,2.595833333333333,-1.1764424616396008,7,5,2,0,0,0,SGP,0.125,0.0
2024-01-07,-3.1,-5.757339568541426,6,2,0,1,3,0,SLE,1.6666666666666667,0.6666655555574075
2024-01-14,-1.2166666666666666,-0.53674521012399,4,2,0,0,2,0,SLE,1.0,0.49999875000312505
2024-01-14,-6.25,-13.4185303514377,4,0,0,0,4,0,SLV,5.0,0.9999975000062501
2014-01-12,3.0,-2.65372168284789,3,3,0,0,0,0,SOM,0.25,0.0
2014-01-19,,,0,0,0,0,0,0,SOM,1.0,0.0
2014-01-26,,,0,0,0,0,0,0,SOM,1.0,0.0
2014-02-02,,,0,0,0,0,0,0,SOM,1.0,0.0
2014-02-09,,,0,0,0,0,0,0,SOM,1.0,0.0
2014-02-16,,,0,0,0,0,0,0,SOM,1.0,0.0
2014-02-23,,,0,0,0,0,0,0,SOM,1.0,0.0
2014-03-02,,,0,0,0,0,0,0,SOM,1.0,0.0
2014-03-09,,,0,0,0,0,0,0,SOM,1.0,0.0
2014-03-16,,,0,0,0,0,0,0,SOM,1.0,0.0
2014-03-23,,,0,0,0,0,0,0,SOM,1.0,0.0
2014-03-30,,,0,0,0,0,0,0,SOM,1.0,0.0
2014-04-06,,,0,0,0,0,0,0,SOM,1.0,0.0
2014-04-13,,,0,0,0,0,0,0,SOM,1.0,0.0
2014-04-20,,,0,0,0,0,0,0,SOM,1.0,0.0
2014-04-27,,,0,0,0,0,0,0,SOM,1.0,0.0
2014-05-04,,,0,0,0,0,0,0,SOM,1.0,0.0
2014-05-11,,,0,0,0,0,0,0,SOM,1.0,0.0
2014-05-18,,,0,0,0,0,0,0,SOM,1.0,0.0
2014-05-25,,,0,0,0,0,0,0,SOM,1.0,0.0
2014-06-01,,,0,0,0,0,0,0,SOM,1.0,0.0
2014-06-08,,,0,0,0,0,0,0,SOM,1.0,0.0
2014-06-15,,,0,0,0,0,0,0,SOM,1.0,0.0
2014-06-22,,,0,0,0,0,0,0,SOM,1.0,0.0
2014-06-29,,,0,0,0,0,0,0,SOM,1.0,0.0
2014-07-06,,,0,0,0,0,0,0,SOM,1.0,0.0
2014-07-13,,,0,0,0,0,0,0,SOM,1.0,0.0
2014-07-20,,,0,0,0,0,0,0,SOM,1.0,0.0
2014-07-27,,,0,0,0,0,0,0,SOM,1.0,0.0
2014-08-03,,,0,0,0,0,0,0,SOM,1.0,0.0
2014-08-10,,,0,0,0,0,0,0,SOM,1.0,0.0
2014-08-17,,,0,0,0,0,0,0,SOM,1.0,0.0
2014-08-24,,,0,0,0,0,0,0,SOM,1.0,0.0
2014-08-31,,,0,0,0,0,0,0,SOM,1.0,0.0
2014-09-07,,,0,0,0,0,0,0,SOM,1.0,0.0
2014-09-14,,,0,0,0,0,0,0,SOM,1.0,0.0
2014-09-21,,,0,0,0,0,0,0,SOM,1.0,0.0
2014-09-28,,,0,0,0,0,0,0,SOM,1.0,0.0
2014-10-05,,,0,0,0,0,0,0,SOM,1.0,0.0
2014-10-12,,,0,0,0,0,0,0,SOM,1.0,0.0
2014-10-19,,,0,0,0,0,0,0,SOM,1.0,0.0
2014-10-26,,,0,0,0,0,0,0,SOM,1.0,0.0
2014-11-02,,,0,0,0,0,0,0,SOM,1.0,0.0
2014-11-09,,,0,0,0,0,0,0,SOM,1.0,0.0
2014-11-16,,,0,0,0,0,0,0,SOM,1.0,0.0
2014-11-23,,,0,0,0,0,0,0,SOM,1.0,0.0
2014-11-30,,,0,0,0,0,0,0,SOM,1.0,0.0
2014-12-07,,,0,0,0,0,0,0,SOM,1.0,0.0
2014-12-14,,,0,0,0,0,0,0,SOM,1.0,0.0
2014-12-21,,,0,0,0,0,0,0,SOM,1.0,0.0
2014-12-28,,,0,0,0,0,0,0,SOM,1.0,0.0
2015-01-04,,,0,0,0,0,0,0,SOM,1.0,0.0
2015-01-11,,,0,0,0,0,0,0,SOM,1.0,0.0
2015-01-18,,,0,0,0,0,0,0,SOM,1.0,0.0
2015-01-25,,,0,0,0,0,0,0,SOM,1.0,0.0
2015-02-01,,,0,0,0,0,0,0,SOM,1.0,0.0
2015-02-08,,,0,0,0,0,0,0,SOM,1.0,0.0
2015-02-15,,,0,0,0,0,0,0,SOM,1.0,0.0
2015-02-22,,,0,0,0,0,0,0,SOM,1.0,0.0
2015-03-01,,,0,0,0,0,0,0,SOM,1.0,0.0
2015-03-08,,,0,0,0,0,0,0,SOM,1.0,0.0
2015-03-15,,,0,0,0,0,0,0,SOM,1.0,0.0
2015-03-22,,,0,0,0,0,0,0,SOM,1.0,0.0
2015-03-29,,,0,0,0,0,0,0,SOM,1.0,0.0
2015-04-05,,,0,0,0,0,0,0,SOM,1.0,0.0
2015-04-12,,,0,0,0,0,0,0,SOM,1.0,0.0
2015-04-19,,,0,0,0,0,0,0,SOM,1.0,0.0
2015-04-26,,,0,0,0,0,0,0,SOM,1.0,0.0
2015-05-03,,,0,0,0,0,0,0,SOM,1.0,0.0
2015-05-10,,,0,0,0,0,0,0,SOM,1.0,0.0
2015-05-17,,,0,0,0,0,0,0,SOM,1.0,0.0
2015-05-24,,,0,0,0,0,0,0,SOM,1.0,0.0
2015-05-31,,,0,0,0,0,0,0,SOM,1.0,0.0
2015-06-07,,,0,0,0,0,0,0,SOM,1.0,0.0
2015-06-14,,,0,0,0,0,0,0,SOM,1.0,0.0
2015-06-21,,,0,0,0,0,0,0,SOM,1.0,0.0
2015-06-28,,,0,0,0,0,0,0,SOM,1.0,0.0
2015-07-05,,,0,0,0,0,0,0,SOM,1.0,0.0
2015-07-12,,,0,0,0,0,0,0,SOM,1.0,0.0
2015-07-19,,,0,0,0,0,0,0,SOM,1.0,0.0
2015-07-26,,,0,0,0,0,0,0,SOM,1.0,0.0
2015-08-02,,,0,0,0,0,0,0,SOM,1.0,0.0
2015-08-09,,,0,0,0,0,0,0,SOM,1.0,0.0
2015-08-16,,,0,0,0,0,0,0,SOM,1.0,0.0
2015-08-23,,,0,0,0,0,0,0,SOM,1.0,0.0
2015-08-30,,,0,0,0,0,0,0,SOM,1.0,0.0
2015-09-06,,,0,0,0,0,0,0,SOM,1.0,0.0
2015-09-13,,,0,0,0,0,0,0,SOM,1.0,0.0
2015-09-20,,,0,0,0,0,0,0,SOM,1.0,0.0
2015-09-27,,,0,0,0,0,0,0,SOM,1.0,0.0
2015-10-04,,,0,0,0,0,0,0,SOM,1.0,0.0
2015-10-11,,,0,0,0,0,0,0,SOM,1.0,0.0
2015-10-18,,,0,0,0,0,0,0,SOM,1.0,0.0
2015-10-25,,,0,0,0,0,0,0,SOM,1.0,0.0
2015-11-01,,,0,0,0,0,0,0,SOM,1.0,0.0
2015-11-08,,,0,0,0,0,0,0,SOM,1.0,0.0
2015-11-15,,,0,0,0,0,0,0,SOM,1.0,0.0
2015-11-22,,,0,0,0,0,0,0,SOM,1.0,0.0
2015-11-29,,,0,0,0,0,0,0,SOM,1.0,0.0
2015-12-06,,,0,0,0,0,0,0,SOM,1.0,0.0
2015-12-13,,,0,0,0,0,0,0,SOM,1.0,0.0
2015-12-20,,,0,0,0,0,0,0,SOM,1.0,0.0
2015-12-27,,,0,0,0,0,0,0,SOM,1.0,0.0
2016-01-03,,,0,0,0,0,0,0,SOM,1.0,0.0
2016-01-10,,,0,0,0,0,0,0,SOM,1.0,0.0
2016-01-17,,,0,0,0,0,0,0,SOM,1.0,0.0
2016-01-24,,,0,0,0,0,0,0,SOM,1.0,0.0
2016-01-31,,,0,0,0,0,0,0,SOM,1.0,0.0
2016-02-07,,,0,0,0,0,0,0,SOM,1.0,0.0
2016-02-14,,,0,0,0,0,0,0,SOM,1.0,0.0
2016-02-21,,,0,0,0,0,0,0,SOM,1.0,0.0
2016-02-28,,,0,0,0,0,0,0,SOM,1.0,0.0
2016-03-06,,,0,0,0,0,0,0,SOM,1.0,0.0
2016-03-13,,,0,0,0,0,0,0,SOM,1.0,0.0
2016-03-20,,,0,0,0,0,0,0,SOM,1.0,0.0
2016-03-27,,,0,0,0,0,0,0,SOM,1.0,0.0
2016-04-03,,,0,0,0,0,0,0,SOM,1.0,0.0
2016-04-10,,,0,0,0,0,0,0,SOM,1.0,0.0
2016-04-17,,,0,0,0,0,0,0,SOM,1.0,0.0
2016-04-24,,,0,0,0,0,0,0,SOM,1.0,0.0
2016-05-01,,,0,0,0,0,0,0,SOM,1.0,0.0
2016-05-08,,,0,0,0,0,0,0,SOM,1.0,0.0
2016-05-15,,,0,0,0,0,0,0,SOM,1.0,0.0
2016-05-22,,,0,0,0,0,0,0,SOM,1.0,0.0
2016-05-29,,,0,0,0,0,0,0,SOM,1.0,0.0
2016-06-05,,,0,0,0,0,0,0,SOM,1.0,0.0
2016-06-12,,,0,0,0,0,0,0,SOM,1.0,0.0
2016-06-19,,,0,0,0,0,0,0,SOM,1.0,0.0
2016-06-26,,,0,0,0,0,0,0,SOM,1.0,0.0
2016-07-03,,,0,0,0,0,0,0,SOM,1.0,0.0
2016-07-10,,,0,0,0,0,0,0,SOM,1.0,0.0
2016-07-17,,,0,0,0,0,0,0,SOM,1.0,0.0
2016-07-24,,,0,0,0,0,0,0,SOM,1.0,0.0
2016-07-31,,,0,0,0,0,0,0,SOM,1.0,0.0
2016-08-07,,,0,0,0,0,0,0,SOM,1.0,0.0
2016-08-14,,,0,0,0,0,0,0,SOM,1.0,0.0
2016-08-21,,,0,0,0,0,0,0,SOM,1.0,0.0
2016-08-28,,,0,0,0,0,0,0,SOM,1.0,0.0
2016-09-04,,,0,0,0,0,0,0,SOM,1.0,0.0
2016-09-11,,,0,0,0,0,0,0,SOM,1.0,0.0
2016-09-18,,,0,0,0,0,0,0,SOM,1.0,0.0
2016-09-25,,,0,0,0,0,0,0,SOM,1.0,0.0
2016-10-02,,,0,0,0,0,0,0,SOM,1.0,0.0
2016-10-09,,,0,0,0,0,0,0,SOM,1.0,0.0
2016-10-16,,,0,0,0,0,0,0,SOM,1.0,0.0
2016-10-23,,,0,0,0,0,0,0,SOM,1.0,0.0
2016-10-30,,,0,0,0,0,0,0,SOM,1.0,0.0
2016-11-06,,,0,0,0,0,0,0,SOM,1.0,0.0
2016-11-13,,,0,0,0,0,0,0,SOM,1.0,0.0
2016-11-20,,,0,0,0,0,0,0,SOM,1.0,0.0
2016-11-27,,,0,0,0,0,0,0,SOM,1.0,0.0
2016-12-04,,,0,0,0,0,0,0,SOM,1.0,0.0
2016-12-11,,,0,0,0,0,0,0,SOM,1.0,0.0
2016-12-18,,,0,0,0,0,0,0,SOM,1.0,0.0
2016-12-25,,,0,0,0,0,0,0,SOM,1.0,0.0
2017-01-01,,,0,0,0,0,0,0,SOM,1.0,0.0
2017-01-08,,,0,0,0,0,0,0,SOM,1.0,0.0
2017-01-15,,,0,0,0,0,0,0,SOM,1.0,0.0
2017-01-22,,,0,0,0,0,0,0,SOM,1.0,0.0
2017-01-29,,,0,0,0,0,0,0,SOM,1.0,0.0
2017-02-05,,,0,0,0,0,0,0,SOM,1.0,0.0
2017-02-12,,,0,0,0,0,0,0,SOM,1.0,0.0
2017-02-19,,,0,0,0,0,0,0,SOM,1.0,0.0
2017-02-26,,,0,0,0,0,0,0,SOM,1.0,0.0
2017-03-05,,,0,0,0,0,0,0,SOM,1.0,0.0
2017-03-12,,,0,0,0,0,0,0,SOM,1.0,0.0
2017-03-19,,,0,0,0,0,0,0,SOM,1.0,0.0
2017-03-26,,,0,0,0,0,0,0,SOM,1.0,0.0
2017-04-02,,,0,0,0,0,0,0,SOM,1.0,0.0
2017-04-09,,,0,0,0,0,0,0,SOM,1.0,0.0
2017-04-16,,,0,0,0,0,0,0,SOM,1.0,0.0
2017-04-23,,,0,0,0,0,0,0,SOM,1.0,0.0
2017-04-30,,,0,0,0,0,0,0,SOM,1.0,0.0
2017-05-07,,,0,0,0,0,0,0,SOM,1.0,0.0
2017-05-14,,,0,0,0,0,0,0,SOM,1.0,0.0
2017-05-21,,,0,0,0,0,0,0,SOM,1.0,0.0
2017-05-28,,,0,0,0,0,0,0,SOM,1.0,0.0
2017-06-04,,,0,0,0,0,0,0,SOM,1.0,0.0
2017-06-11,,,0,0,0,0,0,0,SOM,1.0,0.0
2017-06-18,,,0,0,0,0,0,0,SOM,1.0,0.0
2017-06-25,,,0,0,0,0,0,0,SOM,1.0,0.0
2017-07-02,,,0,0,0,0,0,0,SOM,1.0,0.0
2017-07-09,,,0,0,0,0,0,0,SOM,1.0,0.0
2017-07-16,,,0,0,0,0,0,0,SOM,1.0,0.0
2017-07-23,,,0,0,0,0,0,0,SOM,1.0,0.0
2017-07-30,,,0,0,0,0,0,0,SOM,1.0,0.0
2017-08-06,,,0,0,0,0,0,0,SOM,1.0,0.0
2017-08-13,,,0,0,0,0,0,0,SOM,1.0,0.0
2017-08-20,,,0,0,0,0,0,0,SOM,1.0,0.0
2017-08-27,,,0,0,0,0,0,0,SOM,1.0,0.0
2017-09-03,,,0,0,0,0,0,0,SOM,1.0,0.0
2017-09-10,,,0,0,0,0,0,0,SOM,1.0,0.0
2017-09-17,,,0,0,0,0,0,0,SOM,1.0,0.0
2017-09-24,,,0,0,0,0,0,0,SOM,1.0,0.0
2017-10-01,,,0,0,0,0,0,0,SOM,1.0,0.0
2017-10-08,,,0,0,0,0,0,0,SOM,1.0,0.0
2017-10-15,,,0,0,0,0,0,0,SOM,1.0,0.0
2017-10-22,,,0,0,0,0,0,0,SOM,1.0,0.0
2017-10-29,,,0,0,0,0,0,0,SOM,1.0,0.0
2017-11-05,,,0,0,0,0,0,0,SOM,1.0,0.0
2017-11-12,,,0,0,0,0,0,0,SOM,1.0,0.0
2017-11-19,,,0,0,0,0,0,0,SOM,1.0,0.0
2017-11-26,,,0,0,0,0,0,0,SOM,1.0,0.0
2017-12-03,,,0,0,0,0,0,0,SOM,1.0,0.0
2017-12-10,,,0,0,0,0,0,0,SOM,1.0,0.0
2017-12-17,,,0,0,0,0,0,0,SOM,1.0,0.0
2017-12-24,,,0,0,0,0,0,0,SOM,1.0,0.0
2017-12-31,,,0,0,0,0,0,0,SOM,1.0,0.0
2018-01-07,,,0,0,0,0,0,0,SOM,1.0,0.0
2018-01-14,,,0,0,0,0,0,0,SOM,1.0,0.0
2018-01-21,,,0,0,0,0,0,0,SOM,1.0,0.0
2018-01-28,,,0,0,0,0,0,0,SOM,1.0,0.0
2018-02-04,,,0,0,0,0,0,0,SOM,1.0,0.0
2018-02-11,,,0,0,0,0,0,0,SOM,1.0,0.0
2018-02-18,,,0,0,0,0,0,0,SOM,1.0,0.0
2018-02-25,,,0,0,0,0,0,0,SOM,1.0,0.0
2018-03-04,,,0,0,0,0,0,0,SOM,1.0,0.0
2018-03-11,,,0,0,0,0,0,0,SOM,1.0,0.0
2018-03-18,,,0,0,0,0,0,0,SOM,1.0,0.0
2018-03-25,,,0,0,0,0,0,0,SOM,1.0,0.0
2018-04-01,,,0,0,0,0,0,0,SOM,1.0,0.0
2018-04-08,,,0,0,0,0,0,0,SOM,1.0,0.0
2018-04-15,,,0,0,0,0,0,0,SOM,1.0,0.0
2018-04-22,,,0,0,0,0,0,0,SOM,1.0,0.0
2018-04-29,,,0,0,0,0,0,0,SOM,1.0,0.0
2018-05-06,,,0,0,0,0,0,0,SOM,1.0,0.0
2018-05-13,,,0,0,0,0,0,0,SOM,1.0,0.0
2018-05-20,,,0,0,0,0,0,0,SOM,1.0,0.0
2018-05-27,,,0,0,0,0,0,0,SOM,1.0,0.0
2018-06-03,,,0,0,0,0,0,0,SOM,1.0,0.0
2018-06-10,,,0,0,0,0,0,0,SOM,1.0,0.0
2018-06-17,,,0,0,0,0,0,0,SOM,1.0,0.0
2018-06-24,,,0,0,0,0,0,0,SOM,1.0,0.0
2018-07-01,,,0,0,0,0,0,0,SOM,1.0,0.0
2018-07-08,,,0,0,0,0,0,0,SOM,1.0,0.0
2018-07-15,,,0,0,0,0,0,0,SOM,1.0,0.0
2018-07-22,,,0,0,0,0,0,0,SOM,1.0,0.0
2018-07-29,,,0,0,0,0,0,0,SOM,1.0,0.0
2018-08-05,,,0,0,0,0,0,0,SOM,1.0,0.0
2018-08-12,,,0,0,0,0,0,0,SOM,1.0,0.0
2018-08-19,,,0,0,0,0,0,0,SOM,1.0,0.0
2018-08-26,,,0,0,0,0,0,0,SOM,1.0,0.0
2018-09-02,,,0,0,0,0,0,0,SOM,1.0,0.0
2018-09-09,,,0,0,0,0,0,0,SOM,1.0,0.0
2018-09-16,,,0,0,0,0,0,0,SOM,1.0,0.0
2018-09-23,,,0,0,0,0,0,0,SOM,1.0,0.0
2018-09-30,,,0,0,0,0,0,0,SOM,1.0,0.0
2018-10-07,,,0,0,0,0,0,0,SOM,1.0,0.0
2018-10-14,,,0,0,0,0,0,0,SOM,1.0,0.0
2018-10-21,,,0,0,0,0,0,0,SOM,1.0,0.0
2018-10-28,,,0,0,0,0,0,0,SOM,1.0,0.0
2018-11-04,,,0,0,0,0,0,0,SOM,1.0,0.0
2018-11-11,,,0,0,0,0,0,0,SOM,1.0,0.0
2018-11-18,,,0,0,0,0,0,0,SOM,1.0,0.0
2018-11-25,,,0,0,0,0,0,0,SOM,1.0,0.0
2018-12-02,,,0,0,0,0,0,0,SOM,1.0,0.0
2018-12-09,,,0,0,0,0,0,0,SOM,1.0,0.0
2018-12-16,,,0,0,0,0,0,0,SOM,1.0,0.0
2018-12-23,,,0,0,0,0,0,0,SOM,1.0,0.0
2018-12-30,,,0,0,0,0,0,0,SOM,1.0,0.0
2019-01-06,,,0,0,0,0,0,0,SOM,1.0,0.0
2019-01-13,,,0,0,0,0,0,0,SOM,1.0,0.0
2019-01-20,,,0,0,0,0,0,0,SOM,1.0,0.0
2019-01-27,,,0,0,0,0,0,0,SOM,1.0,0.0
2019-02-03,,,0,0,0,0,0,0,SOM,1.0,0.0
2019-02-10,,,0,0,0,0,0,0,SOM,1.0,0.0
2019-02-17,,,0,0,0,0,0,0,SOM,1.0,0.0
2019-02-24,,,0,0,0,0,0,0,SOM,1.0,0.0
2019-03-03,,,0,0,0,0,0,0,SOM,1.0,0.0
2019-03-10,,,0,0,0,0,0,0,SOM,1.0,0.0
2019-03-17,,,0,0,0,0,0,0,SOM,1.0,0.0
2019-03-24,,,0,0,0,0,0,0,SOM,1.0,0.0
2019-03-31,,,0,0,0,0,0,0,SOM,1.0,0.0
2019-04-07,,,0,0,0,0,0,0,SOM,1.0,0.0
2019-04-14,,,0,0,0,0,0,0,SOM,1.0,0.0
2019-04-21,,,0,0,0,0,0,0,SOM,1.0,0.0
2019-04-28,,,0,0,0,0,0,0,SOM,1.0,0.0
2019-05-05,,,0,0,0,0,0,0,SOM,1.0,0.0
2019-05-12,,,0,0,0,0,0,0,SOM,1.0,0.0
2019-05-19,,,0,0,0,0,0,0,SOM,1.0,0.0
2019-05-26,,,0,0,0,0,0,0,SOM,1.0,0.0
2019-06-02,,,0,0,0,0,0,0,SOM,1.0,0.0
2019-06-09,,,0,0,0,0,0,0,SOM,1.0,0.0
2019-06-16,,,0,0,0,0,0,0,SOM,1.0,0.0
2019-06-23,,,0,0,0,0,0,0,SOM,1.0,0.0
2019-06-30,,,0,0,0,0,0,0,SOM,1.0,0.0
2019-07-07,,,0,0,0,0,0,0,SOM,1.0,0.0
2019-07-14,,,0,0,0,0,0,0,SOM,1.0,0.0
2019-07-21,,,0,0,0,0,0,0,SOM,1.0,0.0
2019-07-28,,,0,0,0,0,0,0,SOM,1.0,0.0
2019-08-04,,,0,0,0,0,0,0,SOM,1.0,0.0
2019-08-11,,,0,0,0,0,0,0,SOM,1.0,0.0
2019-08-18,,,0,0,0,0,0,0,SOM,1.0,0.0
2019-08-25,,,0,0,0,0,0,0,SOM,1.0,0.0
2019-09-01,,,0,0,0,0,0,0,SOM,1.0,0.0
2019-09-08,,,0,0,0,0,0,0,SOM,1.0,0.0
2019-09-15,,,0,0,0,0,0,0,SOM,1.0,0.0
2019-09-22,,,0,0,0,0,0,0,SOM,1.0,0.0
2019-09-29,,,0,0,0,0,0,0,SOM,1.0,0.0
2019-10-06,,,0,0,0,0,0,0,SOM,1.0,0.0
2019-10-13,,,0,0,0,0,0,0,SOM,1.0,0.0
2019-10-20,,,0,0,0,0,0,0,SOM,1.0,0.0
2019-10-27,,,0,0,0,0,0,0,SOM,1.0,0.0
2019-11-03,,,0,0,0,0,0,0,SOM,1.0,0.0
2019-11-10,,,0,0,0,0,0,0,SOM,1.0,0.0
2019-11-17,,,0,0,0,0,0,0,SOM,1.0,0.0
2019-11-24,,,0,0,0,0,0,0,SOM,1.0,0.0
2019-12-01,,,0,0,0,0,0,0,SOM,1.0,0.0
2019-12-08,,,0,0,0,0,0,0,SOM,1.0,0.0
2019-12-15,,,0,0,0,0,0,0,SOM,1.0,0.0
2019-12-22,,,0,0,0,0,0,0,SOM,1.0,0.0
2019-12-29,,,0,0,0,0,0,0,SOM,1.0,0.0
2020-01-05,,,0,0,0,0,0,0,SOM,1.0,0.0
2020-01-12,,,0,0,0,0,0,0,SOM,1.0,0.0
2020-01-19,,,0,0,0,0,0,0,SOM,1.0,0.0
2020-01-26,,,0,0,0,0,0,0,SOM,1.0,0.0
2020-02-02,,,0,0,0,0,0,0,SOM,1.0,0.0
2020-02-09,,,0,0,0,0,0,0,SOM,1.0,0.0
2020-02-16,,,0,0,0,0,0,0,SOM,1.0,0.0
2020-02-23,,,0,0,0,0,0,0,SOM,1.0,0.0
2020-03-01,,,0,0,0,0,0,0,SOM,1.0,0.0
2020-03-08,,,0,0,0,0,0,0,SOM,1.0,0.0
2020-03-15,,,0,0,0,0,0,0,SOM,1.0,0.0
2020-03-22,,,0,0,0,0,0,0,SOM,1.0,0.0
2020-03-29,,,0,0,0,0,0,0,SOM,1.0,0.0
2020-04-05,,,0,0,0,0,0,0,SOM,1.0,0.0
2020-04-12,,,0,0,0,0,0,0,SOM,1.0,0.0
2020-04-19,,,0,0,0,0,0,0,SOM,1.0,0.0
2020-04-26,,,0,0,0,0,0,0,SOM,1.0,0.0
2020-05-03,,,0,0,0,0,0,0,SOM,1.0,0.0
2020-05-10,,,0,0,0,0,0,0,SOM,1.0,0.0
2020-05-17,,,0,0,0,0,0,0,SOM,1.0,0.0
2020-05-24,,,0,0,0,0,0,0,SOM,1.0,0.0
2020-05-31,,,0,0,0,0,0,0,SOM,1.0,0.0
2020-06-07,,,0,0,0,0,0,0,SOM,1.0,0.0
2020-06-14,,,0,0,0,0,0,0,SOM,1.0,0.0
2020-06-21,,,0,0,0,0,0,0,SOM,1.0,0.0
2020-06-28,,,0,0,0,0,0,0,SOM,1.0,0.0
2020-07-05,,,0,0,0,0,0,0,SOM,1.0,0.0
2020-07-12,,,0,0,0,0,0,0,SOM,1.0,0.0
2020-07-19,,,0,0,0,0,0,0,SOM,1.0,0.0
2020-07-26,,,0,0,0,0,0,0,SOM,1.0,0.0
2020-08-02,,,0,0,0,0,0,0,SOM,1.0,0.0
2020-08-09,,,0,0,0,0,0,0,SOM,1.0,0.0
2020-08-16,,,0,0,0,0,0,0,SOM,1.0,0.0
2020-08-23,,,0,0,0,0,0,0,SOM,1.0,0.0
2020-08-30,,,0,0,0,0,0,0,SOM,1.0,0.0
2020-09-06,,,0,0,0,0,0,0,SOM,1.0,0.0
2020-09-13,,,0,0,0,0,0,0,SOM,1.0,0.0
2020-09-20,,,0,0,0,0,0,0,SOM,1.0,0.0
2020-09-27,,,0,0,0,0,0,0,SOM,1.0,0.0
2020-10-04,,,0,0,0,0,0,0,SOM,1.0,0.0
2020-10-11,,,0,0,0,0,0,0,SOM,1.0,0.0
2020-10-18,,,0,0,0,0,0,0,SOM,1.0,0.0
2020-10-25,,,0,0,0,0,0,0,SOM,1.0,0.0
2020-11-01,,,0,0,0,0,0,0,SOM,1.0,0.0
2020-11-08,,,0,0,0,0,0,0,SOM,1.0,0.0
2020-11-15,,,0,0,0,0,0,0,SOM,1.0,0.0
2020-11-22,,,0,0,0,0,0,0,SOM,1.0,0.0
2020-11-29,,,0,0,0,0,0,0,SOM,1.0,0.0
2020-12-06,,,0,0,0,0,0,0,SOM,1.0,0.0
2020-12-13,,,0,0,0,0,0,0,SOM,1.0,0.0
2020-12-20,,,0,0,0,0,0,0,SOM,1.0,0.0
2020-12-27,,,0,0,0,0,0,0,SOM,1.0,0.0
2021-01-03,,,0,0,0,0,0,0,SOM,1.0,0.0
2021-01-10,,,0,0,0,0,0,0,SOM,1.0,0.0
2021-01-17,,,0,0,0,0,0,0,SOM,1.0,0.0
2021-01-24,,,0,0,0,0,0,0,SOM,1.0,0.0
2021-01-31,,,0,0,0,0,0,0,SOM,1.0,0.0
2021-02-07,,,0,0,0,0,0,0,SOM,1.0,0.0
2021-02-14,,,0,0,0,0,0,0,SOM,1.0,0.0
2021-02-21,,,0,0,0,0,0,0,SOM,1.0,0.0
2021-02-28,,,0,0,0,0,0,0,SOM,1.0,0.0
2021-03-07,,,0,0,0,0,0,0,SOM,1.0,0.0
2021-03-14,,,0,0,0,0,0,0,SOM,1.0,0.0
2021-03-21,,,0,0,0,0,0,0,SOM,1.0,0.0
2021-03-28,,,0,0,0,0,0,0,SOM,1.0,0.0
2021-04-04,,,0,0,0,0,0,0,SOM,1.0,0.0
2021-04-11,,,0,0,0,0,0,0,SOM,1.0,0.0
2021-04-18,,,0,0,0,0,0,0,SOM,1.0,0.0
2021-04-25,,,0,0,0,0,0,0,SOM,1.0,0.0
2021-05-02,,,0,0,0,0,0,0,SOM,1.0,0.0
2021-05-09,,,0,0,0,0,0,0,SOM,1.0,0.0
2021-05-16,,,0,0,0,0,0,0,SOM,1.0,0.0
2021-05-23,,,0,0,0,0,0,0,SOM,1.0,0.0
2021-05-30,,,0,0,0,0,0,0,SOM,1.0,0.0
2021-06-06,,,0,0,0,0,0,0,SOM,1.0,0.0
2021-06-13,,,0,0,0,0,0,0,SOM,1.0,0.0
2021-06-20,,,0,0,0,0,0,0,SOM,1.0,0.0
2021-06-27,,,0,0,0,0,0,0,SOM,1.0,0.0
2021-07-04,,,0,0,0,0,0,0,SOM,1.0,0.0
2021-07-11,,,0,0,0,0,0,0,SOM,1.0,0.0
2021-07-18,,,0,0,0,0,0,0,SOM,1.0,0.0
2021-07-25,,,0,0,0,0,0,0,SOM,1.0,0.0
2021-08-01,,,0,0,0,0,0,0,SOM,1.0,0.0
2021-08-08,,,0,0,0,0,0,0,SOM,1.0,0.0
2021-08-15,,,0,0,0,0,0,0,SOM,1.0,0.0
2021-08-22,,,0,0,0,0,0,0,SOM,1.0,0.0
2021-08-29,,,0,0,0,0,0,0,SOM,1.0,0.0
2021-09-05,,,0,0,0,0,0,0,SOM,1.0,0.0
2021-09-12,,,0,0,0,0,0,0,SOM,1.0,0.0
2021-09-19,,,0,0,0,0,0,0,SOM,1.0,0.0
2021-09-26,,,0,0,0,0,0,0,SOM,1.0,0.0
2021-10-03,,,0,0,0,0,0,0,SOM,1.0,0.0
2021-10-10,,,0,0,0,0,0,0,SOM,1.0,0.0
2021-10-17,,,0,0,0,0,0,0,SOM,1.0,0.0
2021-10-24,,,0,0,0,0,0,0,SOM,1.0,0.0
2021-10-31,,,0,0,0,0,0,0,SOM,1.0,0.0
2021-11-07,,,0,0,0,0,0,0,SOM,1.0,0.0
2021-11-14,,,0,0,0,0,0,0,SOM,1.0,0.0
2021-11-21,,,0,0,0,0,0,0,SOM,1.0,0.0
2021-11-28,,,0,0,0,0,0,0,SOM,1.0,0.0
2021-12-05,,,0,0,0,0,0,0,SOM,1.0,0.0
2021-12-12,,,0,0,0,0,0,0,SOM,1.0,0.0
2021-12-19,,,0,0,0,0,0,0,SOM,1.0,0.0
2021-12-26,,,0,0,0,0,0,0,SOM,1.0,0.0
2022-01-02,,,0,0,0,0,0,0,SOM,1.0,0.0
2022-01-09,,,0,0,0,0,0,0,SOM,1.0,0.0
2022-01-16,,,0,0,0,0,0,0,SOM,1.0,0.0
2022-01-23,,,0,0,0,0,0,0,SOM,1.0,0.0
2022-01-30,,,0,0,0,0,0,0,SOM,1.0,0.0
2022-02-06,,,0,0,0,0,0,0,SOM,1.0,0.0
2022-02-13,,,0,0,0,0,0,0,SOM,1.0,0.0
2022-02-20,,,0,0,0,0,0,0,SOM,1.0,0.0
2022-02-27,,,0,0,0,0,0,0,SOM,1.0,0.0
2022-03-06,,,0,0,0,0,0,0,SOM,1.0,0.0
2022-03-13,,,0,0,0,0,0,0,SOM,1.0,0.0
2022-03-20,,,0,0,0,0,0,0,SOM,1.0,0.0
2022-03-27,,,0,0,0,0,0,0,SOM,1.0,0.0
2022-04-03,,,0,0,0,0,0,0,SOM,1.0,0.0
2022-04-10,,,0,0,0,0,0,0,SOM,1.0,0.0
2022-04-17,,,0,0,0,0,0,0,SOM,1.0,0.0
2022-04-24,,,0,0,0,0,0,0,SOM,1.0,0.0
2022-05-01,,,0,0,0,0,0,0,SOM,1.0,0.0
2022-05-08,,,0,0,0,0,0,0,SOM,1.0,0.0
2022-05-15,,,0,0,0,0,0,0,SOM,1.0,0.0
2022-05-22,,,0,0,0,0,0,0,SOM,1.0,0.0
2022-05-29,,,0,0,0,0,0,0,SOM,1.0,0.0
2022-06-05,,,0,0,0,0,0,0,SOM,1.0,0.0
2022-06-12,,,0,0,0,0,0,0,SOM,1.0,0.0
2022-06-19,,,0,0,0,0,0,0,SOM,1.0,0.0
2022-06-26,,,0,0,0,0,0,0,SOM,1.0,0.0
2022-07-03,,,0,0,0,0,0,0,SOM,1.0,0.0
2022-07-10,,,0,0,0,0,0,0,SOM,1.0,0.0
2022-07-17,,,0,0,0,0,0,0,SOM,1.0,0.0
2022-07-24,,,0,0,0,0,0,0,SOM,1.0,0.0
2022-07-31,,,0,0,0,0,0,0,SOM,1.0,0.0
2022-08-07,,,0,0,0,0,0,0,SOM,1.0,0.0
2022-08-14,,,0,0,0,0,0,0,SOM,1.0,0.0
2022-08-21,,,0,0,0,0,0,0,SOM,1.0,0.0
2022-08-28,,,0,0,0,0,0,0,SOM,1.0,0.0
2022-09-04,,,0,0,0,0,0,0,SOM,1.0,0.0
2022-09-11,,,0,0,0,0,0,0,SOM,1.0,0.0
2022-09-18,,,0,0,0,0,0,0,SOM,1.0,0.0
2022-09-25,,,0,0,0,0,0,0,SOM,1.0,0.0
2022-10-02,,,0,0,0,0,0,0,SOM,1.0,0.0
2022-10-09,,,0,0,0,0,0,0,SOM,1.0,0.0
2022-10-16,,,0,0,0,0,0,0,SOM,1.0,0.0
2022-10-23,,,0,0,0,0,0,0,SOM,1.0,0.0
2022-10-30,,,0,0,0,0,0,0,SOM,1.0,0.0
2022-11-06,,,0,0,0,0,0,0,SOM,1.0,0.0
2022-11-13,,,0,0,0,0,0,0,SOM,1.0,0.0
2022-11-20,,,0,0,0,0,0,0,SOM,1.0,0.0
2022-11-27,,,0,0,0,0,0,0,SOM,1.0,0.0
2022-12-04,,,0,0,0,0,0,0,SOM,1.0,0.0
2022-12-11,,,0,0,0,0,0,0,SOM,1.0,0.0
2022-12-18,,,0,0,0,0,0,0,SOM,1.0,0.0
2022-12-25,,,0,0,0,0,0,0,SOM,1.0,0.0
2023-01-01,,,0,0,0,0,0,0,SOM,1.0,0.0
2023-01-08,,,0,0,0,0,0,0,SOM,1.0,0.0
2023-01-15,,,0,0,0,0,0,0,SOM,1.0,0.0
2023-01-22,,,0,0,0,0,0,0,SOM,1.0,0.0
2023-01-29,,,0,0,0,0,0,0,SOM,1.0,0.0
2023-02-05,,,0,0,0,0,0,0,SOM,1.0,0.0
2023-02-12,,,0,0,0,0,0,0,SOM,1.0,0.0
2023-02-19,,,0,0,0,0,0,0,SOM,1.0,0.0
2023-02-26,,,0,0,0,0,0,0,SOM,1.0,0.0
2023-03-05,,,0,0,0,0,0,0,SOM,1.0,0.0
2023-03-12,,,0,0,0,0,0,0,SOM,1.0,0.0
2023-03-19,,,0,0,0,0,0,0,SOM,1.0,0.0
2023-03-26,,,0,0,0,0,0,0,SOM,1.0,0.0
2023-04-02,,,0,0,0,0,0,0,SOM,1.0,0.0
2023-04-09,,,0,0,0,0,0,0,SOM,1.0,0.0
2023-04-16,,,0,0,0,0,0,0,SOM,1.0,0.0
2023-04-23,,,0,0,0,0,0,0,SOM,1.0,0.0
2023-04-30,,,0,0,0,0,0,0,SOM,1.0,0.0
2023-05-07,,,0,0,0,0,0,0,SOM,1.0,0.0
2023-05-14,,,0,0,0,0,0,0,SOM,1.0,0.0
2023-05-21,,,0,0,0,0,0,0,SOM,1.0,0.0
2023-05-28,,,0,0,0,0,0,0,SOM,1.0,0.0
2023-06-04,,,0,0,0,0,0,0,SOM,1.0,0.0
2023-06-11,,,0,0,0,0,0,0,SOM,1.0,0.0
2023-06-18,,,0,0,0,0,0,0,SOM,1.0,0.0
2023-06-25,,,0,0,0,0,0,0,SOM,1.0,0.0
2023-07-02,,,0,0,0,0,0,0,SOM,1.0,0.0
2023-07-09,,,0,0,0,0,0,0,SOM,1.0,0.0
2023-07-16,,,0,0,0,0,0,0,SOM,1.0,0.0
2023-07-23,,,0,0,0,0,0,0,SOM,1.0,0.0
2023-07-30,,,0,0,0,0,0,0,SOM,1.0,0.0
2023-08-06,,,0,0,0,0,0,0,SOM,1.0,0.0
2023-08-13,,,0,0,0,0,0,0,SOM,1.0,0.0
2023-08-20,,,0,0,0,0,0,0,SOM,1.0,0.0
2023-08-27,,,0,0,0,0,0,0,SOM,1.0,0.0
2023-09-03,,,0,0,0,0,0,0,SOM,1.0,0.0
2023-09-10,,,0,0,0,0,0,0,SOM,1.0,0.0
2023-09-17,,,0,0,0,0,0,0,SOM,1.0,0.0
2023-09-24,,,0,0,0,0,0,0,SOM,1.0,0.0
2023-10-01,,,0,0,0,0,0,0,SOM,1.0,0.0
2023-10-08,,,0,0,0,0,0,0,SOM,1.0,0.0
2023-10-15,,,0,0,0,0,0,0,SOM,1.0,0.0
2023-10-22,,,0,0,0,0,0,0,SOM,1.0,0.0
2023-10-29,,,0,0,0,0,0,0,SOM,1.0,0.0
2023-11-05,,,0,0,0,0,0,0,SOM,1.0,0.0
2023-11-12,,,0,0,0,0,0,0,SOM,1.0,0.0
2023-11-19,,,0,0,0,0,0,0,SOM,1.0,0.0
2023-11-26,,,0,0,0,0,0,0,SOM,1.0,0.0
2023-12-03,,,0,0,0,0,0,0,SOM,1.0,0.0
2023-12-10,,,0,0,0,0,0,0,SOM,1.0,0.0
2023-12-17,,,0,0,0,0,0,0,SOM,1.0,0.0
2023-12-24,,,0,0,0,0,0,0,SOM,1.0,0.0
2023-12-31,,,0,0,0,0,0,0,SOM,1.0,0.0
2024-01-07,0.6869565217391305,0.11975369129756437,64,54,2,4,4,0,SOM,0.15789473684210525,0.12499998046875305
2024-01-14,0.0,-5.8513693263217705,8,3,2,3,0,0,SOM,0.6666666666666666,0.37499953125058594
2024-01-07,-1.3250000000000002,-4.823287271513104,4,2,0,2,0,0,SRB,1.0,0.49999875000312505
2024-01-14,-2.0,-2.913520713223212,5,3,0,2,0,0,SRB,0.75,0.39999920000160005
2024-01-14,4.0,5.24193548387097,1,1,0,0,0,0,SSD,0.5,0.0
2024-01-07,2.25,-0.14438233432239,6,2,2,2,0,0,SVK,0.6,0.33333277777870374
2024-01-14,-0.7000000000000001,-1.8389678366684936,12,2,3,7,0,0,SVK,1.3333333333333333,0.5833328472226273
2023-01-15,3.5,-3.5820895522388,2,2,0,0,0,0,SWE,0.3333333333333333,0.0
2023-01-22,,,0,0,0,0,0,0,SWE,1.0,0.0
2023-01-29,,,0,0,0,0,0,0,SWE,1.0,0.0
2023-02-05,,,0,0,0,0,0,0,SWE,1.0,0.0
2023-02-12,,,0,0,0,0,0,0,SWE,1.0,0.0
2023-02-19,,,0,0,0,0,0,0,SWE,1.0,0.0
2023-02-26,,,0,0,0,0,0,0,SWE,1.0,0.0
2023-03-05,,,0,0,0,0,0,0,SWE,1.0,0.0
2023-03-12,,,0,0,0,0,0,0,SWE,1.0,0.0
2023-03-19,,,0,0,0,0,0,0,SWE,1.0,0.0
2023-03-26,,,0,0,0,0,0,0,SWE,1.0,0.0
2023-04-02,,,0,0,0,0,0,0,SWE,1.0,0.0
2023-04-09,,,0,0,0,0,0,0,SWE,1.0,0.0
2023-04-16,,,0,0,0,0,0,0,SWE,1.0,0.0
2023-04-23,,,0,0,0,0,0,0,SWE,1.0,0.0
2023-04-30,,,0,0,0,0,0,0,SWE,1.0,0.0
2023-05-07,,,0,0,0,0,0,0,SWE,1.0,0.0
2023-05-14,,,0,0,0,0,0,0,SWE,1.0,0.0
2023-05-21,,,0,0,0,0,0,0,SWE,1.0,0.0
2023-05-28,,,0,0,0,0,0,0,SWE,1.0,0.0
2023-06-04,,,0,0,0,0,0,0,SWE,1.0,0.0
2023-06-11,,,0,0,0,0,0,0,SWE,1.0,0.0
2023-06-18,,,0,0,0,0,0,0,SWE,1.0,0.0
2023-06-25,,,0,0,0,0,0,0,SWE,1.0,0.0
2023-07-02,,,0,0,0,0,0,0,SWE,1.0,0.0
2023-07-09,,,0,0,0,0,0,0,SWE,1.0,0.0
2023-07-16,,,0,0,0,0,0,0,SWE,1.0,0.0
2023-07-23,,,0,0,0,0,0,0,SWE,1.0,0.0
2023-07-30,,,0,0,0,0,0,0,SWE,1.0,0.0
2023-08-06,,,0,0,0,0,0,0,SWE,1.0,0.0
2023-08-13,,,0,0,0,0,0,0,SWE,1.0,0.0
2023-08-20,,,0,0,0,0,0,0,SWE,1.0,0.0
2023-08-27,,,0,0,0,0,0,0,SWE,1.0,0.0
2023-09-03,,,0,0,0,0,0,0,SWE,1.0,0.0
2023-09-10,,,0,0,0,0,0,0,SWE,1.0,0.0
2023-09-17,,,0,0,0,0,0,0,SWE,1.0,0.0
2023-09-24,,,0,0,0,0,0,0,SWE,1.0,0.0
2023-10-01,,,0,0,0,0,0,0,SWE,1.0,0.0
2023-10-08,,,0,0,0,0,0,0,SWE,1.0,0.0
2023-10-15,,,0,0,0,0,0,0,SWE,1.0,0.0
2023-10-22,,,0,0,0,0,0,0,SWE,1.0,0.0
2023-10-29,,,0,0,0,0,0,0,SWE,1.0,0.0
2023-11-05,,,0,0,0,0,0,0,SWE,1.0,0.0
2023-11-12,,,0,0,0,0,0,0,SWE,1.0,0.0
2023-11-19,,,0,0,0,0,0,0,SWE,1.0,0.0
2023-11-26,,,0,0,0,0,0,0,SWE,1.0,0.0
2023-12-03,,,0,0,0,0,0,0,SWE,1.0,0.0
2023-12-10,,,0,0,0,0,0,0,SWE,1.0,0.0
2023-12-17,,,0,0,0,0,0,0,SWE,1.0,0.0
2023-12-24,,,0,0,0,0,0,0,SWE,1.0,0.0
2023-12-31,,,0,0,0,0,0,0,SWE,1.0,0.0
2024-01-07,1.3499999999999999,0.3438481926988895,10,9,1,0,0,0,SWE,0.09090909090909091,0.0
2024-01-14,0.39629629629629637,-0.911618949787492,29,19,3,4,3,0,SWE,0.34782608695652173,0.24137922711061136
2024-01-07,-1.4791619047619047,-6.052011684137119,64,23,11,11,19,0,SYR,0.8857142857142857,0.4687499267578239
2024-01-14,-5.5,-6.808560118030002,9,4,0,1,4,0,SYR,1.2,0.5555549382722909
2024-01-07,-0.1,-7.76515151515153,1,1,0,0,0,0,TCD,0.5,0.0
2024-01-14,2.8000000000000003,-1.6939409778874601,5,5,0,0,0,0,TCD,0.16666666666666666,0.0
2024-01-07,0.0,1.29469790382244,1,1,0,0,0,0,TGO,0.5,0.0
2024-01-14,-5.0,-0.32154340836013,2,0,0,0,2,0,TGO,3.0,0.9999950000249999
2023-01-15,2.8,1.53374233128834,1,1,0,0,0,0,THA,0.5,0.0
2023-01-22,,,0,0,0,0,0,0,THA,1.0,0.0
2023-01-29,,,0,0,0,0,0,0,THA,1.0,0.0
2023-02-05,,,0,0,0,0,0,0,THA,1.0,0.0
2023-02-12,,,0,0,0,0,0,0,THA,1.0,0.0
2023-02-19,,,0,0,0,0,0,0,THA,1.0,0.0
2023-02-26,,,0,0,0,0,0,0,THA,1.0,0.0
2023-03-05,,,0,0,0,0,0,0,THA,1.0,0.0
2023-03-12,,,0,0,0,0,0,0,THA,1.0,0.0
2023-03-19,,,0,0,0,0,0,0,THA,1.0,0.0
2023-03-26,,,0,0,0,0,0,0,THA,1.0,0.0
2023-04-02,,,0,0,0,0,0,0,THA,1.0,0.0
2023-04-09,,,0,0,0,0,0,0,THA,1.0,0.0
2023-04-16,,,0,0,0,0,0,0,THA,1.0,0.0
2023-04-23,,,0,0,0,0,0,0,THA,1.0,0.0
2023-04-30,,,0,0,0,0,0,0,THA,1.0,0.0
2023-05-07,,,0,0,0,0,0,0,THA,1.0,0.0
2023-05-14,,,0,0,0,0,0,0,THA,1.0,0.0
2023-05-21,,,0,0,0,0,0,0,THA,1.0,0.0
2023-05-28,,,0,0,0,0,0,0,THA,1.0,0.0
2023-06-04,,,0,0,0,0,0,0,THA,1.0,0.0
2023-06-11,,,0,0,0,0,0,0,THA,1.0,0.0
2023-06-18,,,0,0,0,0,0,0,THA,1.0,0.0
2023-06-25,,,0,0,0,0,0,0,THA,1.0,0.0
2023-07-02,,,0,0,0,0,0,0,THA,1.0,0.0
2023-07-09,,,0,0,0,0,0,0,THA,1.0,0.0
2023-07-16,,,0,0,0,0,0,0,THA,1.0,0.0
2023-07-23,,,0,0,0,0,0,0,THA,1.0,0.0
2023-07-30,,,0,0,0,0,0,0,THA,1.0,0.0
2023-08-06,,,0,0,0,0,0,0,THA,1.0,0.0
2023-08-13,,,0,0,0,0,0,0,THA,1.0,0.0
2023-08-20,,,0,0,0,0,0,0,THA,1.0,0.0
2023-08-27,,,0,0,0,0,0,0,THA,1.0,0.0
2023-09-03,,,0,0,0,0,0,0,THA,1.0,0.0
2023-09-10,,,0,0,0,0,0,0,THA,1.0,0.0
2023-09-17,,,0,0,0,0,0,0,THA,1.0,0.0
2023-09-24,,,0,0,0,0,0,0,THA,1.0,0.0
2023-10-01,,,0,0,0,0,0,0,THA,1.0,0.0
2023-10-08,,,0,0,0,0,0,0,THA,1.0,0.0
2023-10-15,,,0,0,0,0,0,0,THA,1.0,0.0
2023-10-22,,,0,0,0,0,0,0,THA,1.0,0.0
2023-10-29,,,0,0,0,0,0,0,THA,1.0,0.0
2023-11-05,,,0,0,0,0,0,0,THA,1.0,0.0
2023-11-12,,,0,0,0,0,0,0,THA,1.0,0.0
2023-11-19,,,0,0,0,0,0,0,THA,1.0,0.0
2023-11-26,,,0,0,0,0,0,0,THA,1.0,0.0
2023-12-03,,,0,0,0,0,0,0,THA,1.0,0.0
2023-12-10,,,0,0,0,0,0,0,THA,1.0,0.0
2023-12-17,,,0,0,0,0,0,0,THA,1.0,0.0
2023-12-24,,,0,0,0,0,0,0,THA,1.0,0.0
2023-12-31,,,0,0,0,0,0,0,THA,1.0,0.0
2024-01-07,-0.6771428571428574,-0.21087484872430343,14,8,1,1,4,0,THA,0.6,0.35714260204099857
2024-01-14,2.6384722222222226,-1.5664305172021287,28,15,9,3,1,3,THA,0.2,0.1428570918367529
2024-01-07,-5.0,-7.77394865647788,1,0,0,0,1,0,TJK,2.0,0.9999900000999989
2024-01-07,-1.3333333333333333,-2.8485757121439206,3,1,2,0,0,0,TON,0.25,0.0
2023-01-08,2.8,6.79012345679012,2,2,0,0,0,0,TTO,0.3333333333333333,0.0
2023-01-15,,,0,0,0,0,0,0,TTO,1.0,0.0
2023-01-22,,,0,0,0,0,0,0,TTO,1.0,0.0
2023-01-29,,,0,0,0,0,0,0,TTO,1.0,0.0
2023-02-05,,,0,0,0,0,0,0,TTO,1.0,0.0
2023-02-12,,,0,0,0,0,0,0,TTO,1.0,0.0
2023-02-19,,,0,0,0,0,0,0,TTO,1.0,0.0
2023-02-26,,,0,0,0,0,0,0,TTO,1.0,0.0
2023-03-05,,,0,0,0,0,0,0,TTO,1.0,0.0
2023-03-12,,,0,0,0,0,0,0,TTO,1.0,0.0
2023-03-19,,,0,0,0,0,0,0,TTO,1.0,0.0
2023-03-26,,,0,0,0,0,0,0,TTO,1.0,0.0
2023-04-02,,,0,0,0,0,0,0,TTO,1.0,0.0
2023-04-09,,,0,0,0,0,0,0,TTO,1.0,0.0
2023-04-16,,,0,0,0,0,0,0,TTO,1.0,0.0
2023-04-23,,,0,0,0,0,0,0,TTO,1.0,0.0
2023-04-30,,,0,0,0,0,0,0,TTO,1.0,0.0
2023-05-07,,,0,0,0,0,0,0,TTO,1.0,0.0
2023-05-14,,,0,0,0,0,0,0,TTO,1.0,0.0
2023-05-21,,,0,0,0,0,0,0,TTO,1.0,0.0
2023-05-28,,,0,0,0,0,0,0,TTO,1.0,0.0
2023-06-04,,,0,0,0,0,0,0,TTO,1.0,0.0
2023-06-11,,,0,0,0,0,0,0,TTO,1.0,0.0
2023-06-18,,,0,0,0,0,0,0,TTO,1.0,0.0
2023-06-25,,,0,0,0,0,0,0,TTO,1.0,0.0
2023-07-02,,,0,0,0,0,0,0,TTO,1.0,0.0
2023-07-09,,,0,0,0,0,0,0,TTO,1.0,0.0
2023-07-16,,,0,0,0,0,0,0,TTO,1.0,0.0
2023-07-23,,,0,0,0,0,0,0,TTO,1.0,0.0
2023-07-30,,,0,0,0,0,0,0,TTO,1.0,0.0
2023-08-06,,,0,0,0,0,0,0,TTO,1.0,0.0
2023-08-13,,,0,0,0,0,0,0,TTO,1.0,0.0
2023-08-20,,,0,0,0,0,0,0,TTO,1.0,0.0
2023-08-27,,,0,0,0,0,0,0,TTO,1.0,0.0
2023-09-03,,,0,0,0,0,0,0,TTO,1.0,0.0
2023-09-10,,,0,0,0,0,0,0,TTO,1.0,0.0
2023-09-17,,,0,0,0,0,0,0,TTO,1.0,0.0
2023-09-24,,,0,0,0,0,0,0,TTO,1.0,0.0
2023-10-01,,,0,0,0,0,0,0,TTO,1.0,0.0
2023-10-08,,,0,0,0,0,0,0,TTO,1.0,0.0
2023-10-15,,,0,0,0,0,0,0,TTO,1.0,0.0
2023-10-22,,,0,0,0,0,0,0,TTO,1.0,0.0
2023-10-29,,,0,0,0,0,0,0,TTO,1.0,0.0
2023-11-05,,,0,0,0,0,0,0,TTO,1.0,0.0
2023-11-12,,,0,0,0,0,0,0,TTO,1.0,0.0
2023-11-19,,,0,0,0,0,0,0,TTO,1.0,0.0
2023-11-26,,,0,0,0,0,0,0,TTO,1.0,0.0
2023-12-03,,,0,0,0,0,0,0,TTO,1.0,0.0
2023-12-10,,,0,0,0,0,0,0,TTO,1.0,0.0
2023-12-17,,,0,0,0,0,0,0,TTO,1.0,0.0
2023-12-24,,,0,0,0,0,0,0,TTO,1.0,0.0
2023-12-31,,,0,0,0,0,0,0,TTO,1.0,0.0
2024-01-07,1.675,5.1063829787234,8,8,0,0,0,0,TTO,0.1111111111111111,0.0
2024-01-07,-1.825,1.6152891773239197,5,4,0,0,1,0,TUN,0.4,0.19999960000080003
2024-01-14,4.195714285714286,1.6892116463002367,14,13,1,0,0,0,TUN,0.06666666666666667,0.0
2023-01-08,-0.5,-2.38095238095238,2,1,0,1,0,0,TUR,1.0,0.49999750001249993
2023-01-15,,,0,0,0,0,0,0,TUR,1.0,0.0
2023-01-22,,,0,0,0,0,0,0,TUR,1.0,0.0
2023-01-29,,,0,0,0,0,0,0,TUR,1.0,0.0
2023-02-05,,,0,0,0,0,0,0,TUR,1.0,0.0
2023-02-12,,,0,0,0,0,0,0,TUR,1.0,0.0
2023-02-19,,,0,0,0,0,0,0,TUR,1.0,0.0
2023-02-26,,,0,0,0,0,0,0,TUR,1.0,0.0
2023-03-05,,,0,0,0,0,0,0,TUR,1.0,0.0
2023-03-12,,,0,0,0,0,0,0,TUR,1.0,0.0
2023-03-19,,,0,0,0,0,0,0,TUR,1.0,0.0
2023-03-26,,,0,0,0,0,0,0,TUR,1.0,0.0
2023-04-02,,,0,0,0,0,0,0,TUR,1.0,0.0
2023-04-09,,,0,0,0,0,0,0,TUR,1.0,0.0
2023-04-16,,,0,0,0,0,0,0,TUR,1.0,0.0
2023-04-23,,,0,0,0,0,0,0,TUR,1.0,0.0
2023-04-30,,,0,0,0,0,0,0,TUR,1.0,0.0
2023-05-07,,,0,0,0,0,0,0,TUR,1.0,0.0
2023-05-14,,,0,0,0,0,0,0,TUR,1.0,0.0
2023-05-21,,,0,0,0,0,0,0,TUR,1.0,0.0
2023-05-28,,,0,0,0,0,0,0,TUR,1.0,0.0
2023-06-04,,,0,0,0,0,0,0,TUR,1.0,0.0
2023-06-11,,,0,0,0,0,0,0,TUR,1.0,0.0
2023-06-18,,,0,0,0,0,0,0,TUR,1.0,0.0
2023-06-25,,,0,0,0,0,0,0,TUR,1.0,0.0
2023-07-02,,,0,0,0,0,0,0,TUR,1.0,0.0
2023-07-09,,,0,0,0,0,0,0,TUR,1.0,0.0
2023-07-16,,,0,0,0,0,0,0,TUR,1.0,0.0
2023-07-23,,,0,0,0,0,0,0,TUR,1.0,0.0
2023-07-30,,,0,0,0,0,0,0,TUR,1.0,0.0
2023-08-06,,,0,0,0,0,0,0,TUR,1.0,0.0
2023-08-13,,,0,0,0,0,0,0,TUR,1.0,0.0
2023-08-20,,,0,0,0,0,0,0,TUR,1.0,0.0
2023-08-27,,,0,0,0,0,0,0,TUR,1.0,0.0
2023-09-03,,,0,0,0,0,0,0,TUR,1.0,0.0
2023-09-10,,,0,0,0,0,0,0,TUR,1.0,0.0
2023-09-17,,,0,0,0,0,0,0,TUR,1.0,0.0
2023-09-24,,,0,0,0,0,0,0,TUR,1.0,0.0
2023-10-01,,,0,0,0,0,0,0,TUR,1.0,0.0
2023-10-08,,,0,0,0,0,0,0,TUR,1.0,0.0
2023-10-15,,,0,0,0,0,0,0,TUR,1.0,0.0
2023-10-22,,,0,0,0,0,0,0,TUR,1.0,0.0
2023-10-29,,,0,0,0,0,0,0,TUR,1.0,0.0
2023-11-05,,,0,0,0,0,0,0,TUR,1.0,0.0
2023-11-12,,,0,0,0,0,0,0,TUR,1.0,0.0
2023-11-19,,,0,0,0,0,0,0,TUR,1.0,0.0
2023-11-26,,,0,0,0,0,0,0,TUR,1.0,0.0
2023-12-03,,,0,0,0,0,0,0,TUR,1.0,0.0
2023-12-10,,,0,0,0,0,0,0,TUR,1.0,0.0
2023-12-17,,,0,0,0,0,0,0,TUR,1.0,0.0
2023-12-24,,,0,0,0,0,0,0,TUR,1.0,0.0
2023-12-31,3.4,-6.34441087613293,2,2,0,0,0,0,TUR,0.3333333333333333,0.0
2024-01-07,0.45575396825396824,-3.947655821540493,74,50,3,14,7,0,TUR,0.4074074074074074,0.283783745434629
2024-01-14,2.843581973581974,-3.6457625763429804,103,82,14,1,6,0,TUR,0.08247422680412371,0.06796115845037297
2024-01-07,8.0,-3.93215111796453,2,2,0,0,0,0,TUV,0.3333333333333333,0.0
2023-01-01,3.5,-0.8,1,1,0,0,0,0,TWN,0.5,0.0
2023-01-08,,,0,0,0,0,0,0,TWN,1.0,0.0
2023-01-15,,,0,0,0,0,0,0,TWN,1.0,0.0
2023-01-22,,,0,0,0,0,0,0,TWN,1.0,0.0
2023-01-29,,,0,0,0,0,0,0,TWN,1.0,0.0
2023-02-05,,,0,0,0,0,0,0,TWN,1.0,0.0
2023-02-12,,,0,0,0,0,0,0,TWN,1.0,0.0
2023-02-19,,,0,0,0,0,0,0,TWN,1.0,0.0
2023-02-26,,,0,0,0,0,0,0,TWN,1.0,0.0
2023-03-05,,,0,0,0,0,0,0,TWN,1.0,0.0
2023-03-12,,,0,0,0,0,0,0,TWN,1.0,0.0
2023-03-19,,,0,0,0,0,0,0,TWN,1.0,0.0
2023-03-26,,,0,0,0,0,0,0,TWN,1.0,0.0
2023-04-02,,,0,0,0,0,0,0,TWN,1.0,0.0
2023-04-09,,,0,0,0,0,0,0,TWN,1.0,0.0
2023-04-16,,,0,0,0,0,0,0,TWN,1.0,0.0
2023-04-23,,,0,0,0,0,0,0,TWN,1.0,0.0
2023-04-30,,,0,0,0,0,0,0,TWN,1.0,0.0
2023-05-07,,,0,0,0,0,0,0,TWN,1.0,0.0
2023-05-14,,,0,0,0,0,0,0,TWN,1.0,0.0
2023-05-21,,,0,0,0,0,0,0,TWN,1.0,0.0
2023-05-28,,,0,0,0,0,0,0,TWN,1.0,0.0
2023-06-04,,,0,0,0,0,0,0,TWN,1.0,0.0
2023-06-11,,,0,0,0,0,0,0,TWN,1.0,0.0
2023-06-18,,,0,0,0,0,0,0,TWN,1.0,0.0
2023-06-25,,,0,0,0,0,0,0,TWN,1.0,0.0
2023-07-02,,,0,0,0,0,0,0,TWN,1.0,0.0
2023-07-09,,,0,0,0,0,0,0,TWN,1.0,0.0
2023-07-16,,,0,0,0,0,0,0,TWN,1.0,0.0
2023-07-23,,,0,0,0,0,0,0,TWN,1.0,0.0
2023-07-30,,,0,0,0,0,0,0,TWN,1.0,0.0
2023-08-06,,,0,0,0,0,0,0,TWN,1.0,0.0
2023-08-13,,,0,0,0,0,0,0,TWN,1.0,0.0
2023-08-20,,,0,0,0,0,0,0,TWN,1.0,0.0
2023-08-27,,,0,0,0,0,0,0,TWN,1.0,0.0
2023-09-03,,,0,0,0,0,0,0,TWN,1.0,0.0
2023-09-10,,,0,0,0,0,0,0,TWN,1.0,0.0
2023-09-17,,,0,0,0,0,0,0,TWN,1.0,0.0
2023-09-24,,,0,0,0,0,0,0,TWN,1.0,0.0
2023-10-01,,,0,0,0,0,0,0,TWN,1.0,0.0
2023-10-08,,,0,0,0,0,0,0,TWN,1.0,0.0
2023-10-15,,,0,0,0,0,0,0,TWN,1.0,0.0
2023-10-22,,,0,0,0,0,0,0,TWN,1.0,0.0
2023-10-29,,,0,0,0,0,0,0,TWN,1.0,0.0
2023-11-05,,,0,0,0,0,0,0,TWN,1.0,0.0
2023-11-12,,,0,0,0,0,0,0,TWN,1.0,0.0
2023-11-19,,,0,0,0,0,0,0,TWN,1.0,0.0
2023-11-26,,,0,0,0,0,0,0,TWN,1.0,0.0
2023-12-03,,,0,0,0,0,0,0,TWN,1.0,0.0
2023-12-10,,,0,0,0,0,0,0,TWN,1.0,0.0
2023-12-17,,,0,0,0,0,0,0,TWN,1.0,0.0
2023-12-24,,,0,0,0,0,0,0,TWN,1.0,0.0
2023-12-31,,,0,0,0,0,0,0,TWN,1.0,0.0
2024-01-07,1.6166666666666665,-0.11269300587276136,13,10,1,2,0,0,TWN,0.25,0.15384603550304962
2024-01-14,1.3198562848562847,0.11756559577040075,89,62,8,9,10,0,TWN,0.28169014084507044,0.21348312208054807
2024-01-14,2.8,2.26824457593689,2,2,0,0,0,0,TZA,0.3333333333333333,0.0
2023-01-08,-10.0,-5.0314465408805,2,0,0,0,2,0,UGA,3.0,0.9999950000249999
2023-01-15,,,0,0,0,0,0,0,UGA,1.0,0.0
2023-01-22,,,0,0,0,0,0,0,UGA,1.0,0.0
2023-01-29,,,0,0,0,0,0,0,UGA,1.0,0.0
2023-02-05,,,0,0,0,0,0,0,UGA,1.0,0.0
2023-02-12,,,0,0,0,0,0,0,UGA,1.0,0.0
2023-02-19,,,0,0,0,0,0,0,UGA,1.0,0.0
2023-02-26,,,0,0,0,0,0,0,UGA,1.0,0.0
2023-03-05,,,0,0,0,0,0,0,UGA,1.0,0.0
2023-03-12,,,0,0,0,0,0,0,UGA,1.0,0.0
2023-03-19,,,0,0,0,0,0,0,UGA,1.0,0.0
2023-03-26,,,0,0,0,0,0,0,UGA,1.0,0.0
2023-04-02,,,0,0,0,0,0,0,UGA,1.0,0.0
2023-04-09,,,0,0,0,0,0,0,UGA,1.0,0.0
2023-04-16,,,0,0,0,0,0,0,UGA,1.0,0.0
2023-04-23,,,0,0,0,0,0,0,UGA,1.0,0.0
2023-04-30,,,0,0,0,0,0,0,UGA,1.0,0.0
2023-05-07,,,0,0,0,0,0,0,UGA,1.0,0.0
2023-05-14,,,0,0,0,0,0,0,UGA,1.0,0.0
2023-05-21,,,0,0,0,0,0,0,UGA,1.0,0.0
2023-05-28,,,0,0,0,0,0,0,UGA,1.0,0.0
2023-06-04,,,0,0,0,0,0,0,UGA,1.0,0.0
2023-06-11,,,0,0,0,0,0,0,UGA,1.0,0.0
2023-06-18,,,0,0,0,0,0,0,UGA,1.0,0.0
2023-06-25,,,0,0,0,0,0,0,UGA,1.0,0.0
2023-07-02,,,0,0,0,0,0,0,UGA,1.0,0.0
2023-07-09,,,0,0,0,0,0,0,UGA,1.0,0.0
2023-07-16,,,0,0,0,0,0,0,UGA,1.0,0.0
2023-07-23,,,0,0,0,0,0,0,UGA,1.0,0.0
2023-07-30,,,0,0,0,0,0,0,UGA,1.0,0.0
2023-08-06,,,0,0,0,0,0,0,UGA,1.0,0.0
2023-08-13,,,0,0,0,0,0,0,UGA,1.0,0.0
2023-08-20,,,0,0,0,0,0,0,UGA,1.0,0.0
2023-08-27,,,0,0,0,0,0,0,UGA,1.0,0.0
2023-09-03,,,0,0,0,0,0,0,UGA,1.0,0.0
2023-09-10,,,0,0,0,0,0,0,UGA,1.0,0.0
2023-09-17,,,0,0,0,0,0,0,UGA,1.0,0.0
2023-09-24,,,0,0,0,0,0,0,UGA,1.0,0.0
2023-10-01,,,0,0,0,0,0,0,UGA,1.0,0.0
2023-10-08,,,0,0,0,0,0,0,UGA,1.0,0.0
2023-10-15,,,0,0,0,0,0,0,UGA,1.0,0.0
2023-10-22,,,0,0,0,0,0,0,UGA,1.0,0.0
2023-10-29,,,0,0,0,0,0,0,UGA,1.0,0.0
2023-11-05,,,0,0,0,0,0,0,UGA,1.0,0.0
2023-11-12,,,0,0,0,0,0,0,UGA,1.0,0.0
2023-11-19,,,0,0,0,0,0,0,UGA,1.0,0.0
2023-11-26,,,0,0,0,0,0,0,UGA,1.0,0.0
2023-12-03,,,0,0,0,0,0,0,UGA,1.0,0.0
2023-12-10,,,0,0,0,0,0,0,UGA,1.0,0.0
2023-12-17,,,0,0,0,0,0,0,UGA,1.0,0.0
2023-12-24,,,0,0,0,0,0,0,UGA,1.0,0.0
2023-12-31,,,0,0,0,0,0,0,UGA,1.0,0.0
2024-01-07,-2.15,-4.790715526645387,4,2,0,1,1,0,UGA,1.0,0.49999875000312505
2024-01-14,2.0,-1.8157302194061902,9,9,0,0,0,0,UGA,0.1,0.0
2023-01-01,1.0,-4.43950250907247,3,3,0,0,0,0,UKR,0.25,0.0
2023-01-08,,,0,0,0,0,0,0,UKR,1.0,0.0
2023-01-15,-10.0,-3.33333333333333,2,0,0,0,2,0,UKR,3.0,0.9999950000249999
2023-01-22,,,0,0,0,0,0,0,UKR,1.0,0.0
2023-01-29,,,0,0,0,0,0,0,UKR,1.0,0.0
2023-02-05,,,0,0,0,0,0,0,UKR,1.0,0.0
2023-02-12,,,0,0,0,0,0,0,UKR,1.0,0.0
2023-02-19,,,0,0,0,0,0,0,UKR,1.0,0.0
2023-02-26,,,0,0,0,0,0,0,UKR,1.0,0.0
2023-03-05,,,0,0,0,0,0,0,UKR,1.0,0.0
2023-03-12,,,0,0,0,0,0,0,UKR,1.0,0.0
2023-03-19,,,0,0,0,0,0,0,UKR,1.0,0.0
2023-03-26,,,0,0,0,0,0,0,UKR,1.0,0.0
2023-04-02,,,0,0,0,0,0,0,UKR,1.0,0.0
2023-04-09,,,0,0,0,0,0,0,UKR,1.0,0.0
2023-04-16,,,0,0,0,0,0,0,UKR,1.0,0.0
2023-04-23,,,0,0,0,0,0,0,UKR,1.0,0.0
2023-04-30,,,0,0,0,0,0,0,UKR,1.0,0.0
2023-05-07,,,0,0,0,0,0,0,UKR,1.0,0.0
2023-05-14,,,0,0,0,0,0,0,UKR,1.0,0.0
2023-05-21,,,0,0,0,0,0,0,UKR,1.0,0.0
2023-05-28,,,0,0,0,0,0,0,UKR,1.0,0.0
2023-06-04,,,0,0,0,0,0,0,UKR,1.0,0.0
2023-06-11,,,0,0,0,0,0,0,UKR,1.0,0.0
2023-06-18,,,0,0,0,0,0,0,UKR,1.0,0.0
2023-06-25,,,0,0,0,0,0,0,UKR,1.0,0.0
2023-07-02,,,0,0,0,0,0,0,UKR,1.0,0.0
2023-07-09,,,0,0,0,0,0,0,UKR,1.0,0.0
2023-07-16,,,0,0,0,0,0,0,UKR,1.0,0.0
2023-07-23,,,0,0,0,0,0,0,UKR,1.0,0.0
2023-07-30,,,0,0,0,0,0,0,UKR,1.0,0.0
2023-08-06,,,0,0,0,0,0,0,UKR,1.0,0.0
2023-08-13,,,0,0,0,0,0,0,UKR,1.0,0.0
2023-08-20,,,0,0,0,0,0,0,UKR,1.0,0.0
2023-08-27,,,0,0,0,0,0,0,UKR,1.0,0.0
2023-09-03,,,0,0,0,0,0,0,UKR,1.0,0.0
2023-09-10,,,0,0,0,0,0,0,UKR,1.0,0.0
2023-09-17,,,0,0,0,0,0,0,UKR,1.0,0.0
2023-09-24,,,0,0,0,0,0,0,UKR,1.0,0.0
2023-10-01,,,0,0,0,0,0,0,UKR,1.0,0.0
2023-10-08,,,0,0,0,0,0,0,UKR,1.0,0.0
2023-10-15,,,0,0,0,0,0,0,UKR,1.0,0.0
2023-10-22,,,0,0,0,0,0,0,UKR,1.0,0.0
2023-10-29,,,0,0,0,0,0,0,UKR,1.0,0.0
2023-11-05,,,0,0,0,0,0,0,UKR,1.0,0.0
2023-11-12,,,0,0,0,0,0,0,UKR,1.0,0.0
2023-11-19,,,0,0,0,0,0,0,UKR,1.0,0.0
2023-11-26,,,0,0,0,0,0,0,UKR,1.0,0.0
2023-12-03,,,0,0,0,0,0,0,UKR,1.0,0.0
2023-12-10,-10.0,-5.70469798657718,2,0,0,0,2,0,UKR,3.0,0.9999950000249999
2023-12-17,,,0,0,0,0,0,0,UKR,1.0,0.0
2023-12-24,,,0,0,0,0,0,0,UKR,1.0,0.0
2023-12-31,,,0,0,0,0,0,0,UKR,1.0,0.0
2024-01-07,-1.094424418981105,-3.7501772424012314,177,73,21,28,55,1,UKR,0.8842105263157894,0.46892652717929223
2024-01-14,-1.3056998071180668,-2.7113328750482935,192,97,28,28,39,2,UKR,0.5396825396825397,0.3489583151584211
2023-01-15,2.8,-1.0462074978204,2,2,0,0,0,0,URY,0.3333333333333333,0.0
2023-01-22,,,0,0,0,0,0,0,URY,1.0,0.0
2023-01-29,,,0,0,0,0,0,0,URY,1.0,0.0
2023-02-05,,,0,0,0,0,0,0,URY,1.0,0.0
2023-02-12,,,0,0,0,0,0,0,URY,1.0,0.0
2023-02-19,,,0,0,0,0,0,0,URY,1.0,0.0
2023-02-26,,,0,0,0,0,0,0,URY,1.0,0.0
2023-03-05,,,0,0,0,0,0,0,URY,1.0,0.0
2023-03-12,,,0,0,0,0,0,0,URY,1.0,0.0
2023-03-19,,,0,0,0,0,0,0,URY,1.0,0.0
2023-03-26,,,0,0,0,0,0,0,URY,1.0,0.0
2023-04-02,,,0,0,0,0,0,0,URY,1.0,0.0
2023-04-09,,,0,0,0,0,0,0,URY,1.0,0.0
2023-04-16,,,0,0,0,0,0,0,URY,1.0,0.0
2023-04-23,,,0,0,0,0,0,0,URY,1.0,0.0
2023-04-30,,,0,0,0,0,0,0,URY,1.0,0.0
2023-05-07,,,0,0,0,0,0,0,URY,1.0,0.0
2023-05-14,,,0,0,0,0,0,0,URY,1.0,0.0
2023-05-21,,,0,0,0,0,0,0,URY,1.0,0.0
2023-05-28,,,0,0,0,0,0,0,URY,1.0,0.0
2023-06-04,,,0,0,0,0,0,0,URY,1.0,0.0
2023-06-11,,,0,0,0,0,0,0,URY,1.0,0.0
2023-06-18,,,0,0,0,0,0,0,URY,1.0,0.0
2023-06-25,,,0,0,0,0,0,0,URY,1.0,0.0
2023-07-02,,,0,0,0,0,0,0,URY,1.0,0.0
2023-07-09,,,0,0,0,0,0,0,URY,1.0,0.0
2023-07-16,,,0,0,0,0,0,0,URY,1.0,0.0
2023-07-23,,,0,0,0,0,0,0,URY,1.0,0.0
2023-07-30,,,0,0,0,0,0,0,URY,1.0,0.0
2023-08-06,,,0,0,0,0,0,0,URY,1.0,0.0
2023-08-13,,,0,0,0,0,0,0,URY,1.0,0.0
2023-08-20,,,0,0,0,0,0,0,URY,1.0,0.0
2023-08-27,,,0,0,0,0,0,0,URY,1.0,0.0
2023-09-03,,,0,0,0,0,0,0,URY,1.0,0.0
2023-09-10,,,0,0,0,0,0,0,URY,1.0,0.0
2023-09-17,,,0,0,0,0,0,0,URY,1.0,0.0
2023-09-24,,,0,0,0,0,0,0,URY,1.0,0.0
2023-10-01,,,0,0,0,0,0,0,URY,1.0,0.0
2023-10-08,,,0,0,0,0,0,0,URY,1.0,0.0
2023-10-15,,,0,0,0,0,0,0,URY,1.0,0.0
2023-10-22,,,0,0,0,0,0,0,URY,1.0,0.0
2023-10-29,,,0,0,0,0,0,0,URY,1.0,0.0
2023-11-05,,,0,0,0,0,0,0,URY,1.0,0.0
2023-11-12,,,0,0,0,0,0,0,URY,1.0,0.0
2023-11-19,,,0,0,0,0,0,0,URY,1.0,0.0
2023-11-26,,,0,0,0,0,0,0,URY,1.0,0.0
2023-12-03,,,0,0,0,0,0,0,URY,1.0,0.0
2023-12-10,,,0,0,0,0,0,0,URY,1.0,0.0
2023-12-17,,,0,0,0,0,0,0,URY,1.0,0.0
2023-12-24,,,0,0,0,0,0,0,URY,1.0,0.0
2023-12-31,,,0,0,0,0,0,0,URY,1.0,0.0
2024-01-07,,,0,0,0,0,0,0,URY,1.0,0.0
2024-01-14,-0.7,-1.0462074978204,7,3,1,3,0,0,URY,0.8,0.4285708163274053
2023-01-08,-1.6898787878787878,-5.642220229497339,36,16,5,5,10,0,USA,0.7272727272727273,0.41666655092595806
2023-01-15,0.7845833333333334,-2.6604456839919934,35,17,7,7,4,0,USA,0.48,0.31428562448982156
2023-01-22,,,0,0,0,0,0,0,USA,1.0,0.0
2023-01-29,,,0,0,0,0,0,0,USA,1.0,0.0
2023-02-05,,,0,0,0,0,0,0,USA,1.0,0.0
2023-02-12,,,0,0,0,0,0,0,USA,1.0,0.0
2023-02-19,,,0,0,0,0,0,0,USA,1.0,0.0
2023-02-26,,,0,0,0,0,0,0,USA,1.0,0.0
2023-03-05,,,0,0,0,0,0,0,USA,1.0,0.0
2023-03-12,,,0,0,0,0,0,0,USA,1.0,0.0
2023-03-19,,,0,0,0,0,0,0,USA,1.0,0.0
2023-03-26,,,0,0,0,0,0,0,USA,1.0,0.0
2023-04-02,,,0,0,0,0,0,0,USA,1.0,0.0
2023-04-09,,,0,0,0,0,0,0,USA,1.0,0.0
2023-04-16,,,0,0,0,0,0,0,USA,1.0,0.0
2023-04-23,,,0,0,0,0,0,0,USA,1.0,0.0
2023-04-30,,,0,0,0,0,0,0,USA,1.0,0.0
2023-05-07,,,0,0,0,0,0,0,USA,1.0,0.0
2023-05-14,,,0,0,0,0,0,0,USA,1.0,0.0
2023-05-21,,,0,0,0,0,0,0,USA,1.0,0.0
2023-05-28,,,0,0,0,0,0,0,USA,1.0,0.0
2023-06-04,,,0,0,0,0,0,0,USA,1.0,0.0
2023-06-11,,,0,0,0,0,0,0,USA,1.0,0.0
2023-06-18,,,0,0,0,0,0,0,USA,1.0,0.0
2023-06-25,,,0,0,0,0,0,0,USA,1.0,0.0
2023-07-02,,,0,0,0,0,0,0,USA,1.0,0.0
2023-07-09,,,0,0,0,0,0,0,USA,1.0,0.0
2023-07-16,,,0,0,0,0,0,0,USA,1.0,0.0
2023-07-23,,,0,0,0,0,0,0,USA,1.0,0.0
2023-07-30,,,0,0,0,0,0,0,USA,1.0,0.0
2023-08-06,,,0,0,0,0,0,0,USA,1.0,0.0
2023-08-13,,,0,0,0,0,0,0,USA,1.0,0.0
2023-08-20,,,0,0,0,0,0,0,USA,1.0,0.0
2023-08-27,,,0,0,0,0,0,0,USA,1.0,0.0
2023-09-03,,,0,0,0,0,0,0,USA,1.0,0.0
2023-09-10,,,0,0,0,0,0,0,USA,1.0,0.0
2023-09-17,,,0,0,0,0,0,0,USA,1.0,0.0
2023-09-24,,,0,0,0,0,0,0,USA,1.0,0.0
2023-10-01,,,0,0,0,0,0,0,USA,1.0,0.0
2023-10-08,,,0,0,0,0,0,0,USA,1.0,0.0
2023-10-15,,,0,0,0,0,0,0,USA,1.0,0.0
2023-10-22,,,0,0,0,0,0,0,USA,1.0,0.0
2023-10-29,,,0,0,0,0,0,0,USA,1.0,0.0
2023-11-05,,,0,0,0,0,0,0,USA,1.0,0.0
2023-11-12,,,0,0,0,0,0,0,USA,1.0,0.0
2023-11-19,,,0,0,0,0,0,0,USA,1.0,0.0
2023-11-26,,,0,0,0,0,0,0,USA,1.0,0.0
2023-12-03,,,0,0,0,0,0,0,USA,1.0,0.0
2023-12-10,0.36388888888888893,-3.5101718285571657,47,21,8,7,11,0,USA,0.6333333333333333,0.38297864191943787
2023-12-17,2.572,-2.8892758990086542,28,10,12,6,0,0,USA,0.30434782608695654,0.21428563775512938
2023-12-24,,,0,0,0,0,0,0,USA,1.0,0.0
2023-12-31,1.8345238095238097,-4.874956227090902,16,8,4,1,3,0,USA,0.38461538461538464,0.24999984375009765
2024-01-07,-0.6156972778170869,-3.4948077411089042,4019,2381,464,533,641,22,USA,0.4128601546029515,0.2921124650606806
2024-01-14,-0.2406252208726407,-3.1428409099938714,4525,2662,578,638,647,34,USA,0.3967911138537488,0.28397789992491074
2024-01-07,-1.4166666666666667,-3.8362996864141032,6,4,0,0,2,0,VAT,0.6,0.33333277777870374
2024-01-14,-0.5428571428571428,-4.068174657114847,15,9,0,5,1,0,VAT,0.7,0.39999973333351113
2024-01-07,2.7941176470588234,-0.041450882462330606,17,11,5,0,1,0,VCT,0.11764705882352941,0.058823494809708936
2024-01-14,2.1,3.9853114323766152,7,7,0,0,0,0,VCT,0.125,0.0
2023-01-08,3.0,-7.2142064372919,2,2,0,0,0,0,VEN,0.3333333333333333,0.0
2023-01-15,,,0,0,0,0,0,0,VEN,1.0,0.0
2023-01-22,,,0,0,0,0,0,0,VEN,1.0,0.0
2023-01-29,,,0,0,0,0,0,0,VEN,1.0,0.0
2023-02-05,,,0,0,0,0,0,0,VEN,1.0,0.0
2023-02-12,,,0,0,0,0,0,0,VEN,1.0,0.0
2023-02-19,,,0,0,0,0,0,0,VEN,1.0,0.0
2023-02-26,,,0,0,0,0,0,0,VEN,1.0,0.0
2023-03-05,,,0,0,0,0,0,0,VEN,1.0,0.0
2023-03-12,,,0,0,0,0,0,0,VEN,1.0,0.0
2023-03-19,,,0,0,0,0,0,0,VEN,1.0,0.0
2023-03-26,,,0,0,0,0,0,0,VEN,1.0,0.0
2023-04-02,,,0,0,0,0,0,0,VEN,1.0,0.0
2023-04-09,,,0,0,0,0,0,0,VEN,1.0,0.0
2023-04-16,,,0,0,0,0,0,0,VEN,1.0,0.0
2023-04-23,,,0,0,0,0,0,0,VEN,1.0,0.0
2023-04-30,,,0,0,0,0,0,0,VEN,1.0,0.0
2023-05-07,,,0,0,0,0,0,0,VEN,1.0,0.0
2023-05-14,,,0,0,0,0,0,0,VEN,1.0,0.0
2023-05-21,,,0,0,0,0,0,0,VEN,1.0,0.0
2023-05-28,,,0,0,0,0,0,0,VEN,1.0,0.0
2023-06-04,,,0,0,0,0,0,0,VEN,1.0,0.0
2023-06-11,,,0,0,0,0,0,0,VEN,1.0,0.0
2023-06-18,,,0,0,0,0,0,0,VEN,1.0,0.0
2023-06-25,,,0,0,0,0,0,0,VEN,1.0,0.0
2023-07-02,,,0,0,0,0,0,0,VEN,1.0,0.0
2023-07-09,,,0,0,0,0,0,0,VEN,1.0,0.0
2023-07-16,,,0,0,0,0,0,0,VEN,1.0,0.0
2023-07-23,,,0,0,0,0,0,0,VEN,1.0,0.0
2023-07-30,,,0,0,0,0,0,0,VEN,1.0,0.0
2023-08-06,,,0,0,0,0,0,0,VEN,1.0,0.0
2023-08-13,,,0,0,0,0,0,0,VEN,1.0,0.0
2023-08-20,,,0,0,0,0,0,0,VEN,1.0,0.0
2023-08-27,,,0,0,0,0,0,0,VEN,1.0,0.0
2023-09-03,,,0,0,0,0,0,0,VEN,1.0,0.0
2023-09-10,,,0,0,0,0,0,0,VEN,1.0,0.0
2023-09-17,,,0,0,0,0,0,0,VEN,1.0,0.0
2023-09-24,,,0,0,0,0,0,0,VEN,1.0,0.0
2023-10-01,,,0,0,0,0,0,0,VEN,1.0,0.0
2023-10-08,,,0,0,0,0,0,0,VEN,1.0,0.0
2023-10-15,,,0,0,0,0,0,0,VEN,1.0,0.0
2023-10-22,,,0,0,0,0,0,0,VEN,1.0,0.0
2023-10-29,,,0,0,0,0,0,0,VEN,1.0,0.0
2023-11-05,,,0,0,0,0,0,0,VEN,1.0,0.0
2023-11-12,,,0,0,0,0,0,0,VEN,1.0,0.0
2023-11-19,,,0,0,0,0,0,0,VEN,1.0,0.0
2023-11-26,,,0,0,0,0,0,0,VEN,1.0,0.0
2023-12-03,,,0,0,0,0,0,0,VEN,1.0,0.0
2023-12-10,1.9,-1.11888111888112,1,1,0,0,0,0,VEN,0.5,0.0
2023-12-17,,,0,0,0,0,0,0,VEN,1.0,0.0
2023-12-24,,,0,0,0,0,0,0,VEN,1.0,0.0
2023-12-31,,,0,0,0,0,0,0,VEN,1.0,0.0
2024-01-07,-3.29,-5.246114455860217,13,5,0,0,8,0,VEN,1.5,0.6153841420121985
2024-01-14,3.0,0.95693779904307,1,1,0,0,0,0,VEN,0.5,0.0
2023-01-08,2.8,0.9440813362382,2,2,0,0,0,0,VNM,0.3333333333333333,0.0
2023-01-15,,,0,0,0,0,0,0,VNM,1.0,0.0
2023-01-22,,,0,0,0,0,0,0,VNM,1.0,0.0
2023-01-29,,,0,0,0,0,0,0,VNM,1.0,0.0
2023-02-05,,,0,0,0,0,0,0,VNM,1.0,0.0
2023-02-12,,,0,0,0,0,0,0,VNM,1.0,0.0
2023-02-19,,,0,0,0,0,0,0,VNM,1.0,0.0
2023-02-26,,,0,0,0,0,0,0,VNM,1.0,0.0
2023-03-05,,,0,0,0,0,0,0,VNM,1.0,0.0
2023-03-12,,,0,0,0,0,0,0,VNM,1.0,0.0
2023-03-19,,,0,0,0,0,0,0,VNM,1.0,0.0
2023-03-26,,,0,0,0,0,0,0,VNM,1.0,0.0
2023-04-02,,,0,0,0,0,0,0,VNM,1.0,0.0
2023-04-09,,,0,0,0,0,0,0,VNM,1.0,0.0
2023-04-16,,,0,0,0,0,0,0,VNM,1.0,0.0
2023-04-23,,,0,0,0,0,0,0,VNM,1.0,0.0
2023-04-30,,,0,0,0,0,0,0,VNM,1.0,0.0
2023-05-07,,,0,0,0,0,0,0,VNM,1.0,0.0
2023-05-14,,,0,0,0,0,0,0,VNM,1.0,0.0
2023-05-21,,,0,0,0,0,0,0,VNM,1.0,0.0
2023-05-28,,,0,0,0,0,0,0,VNM,1.0,0.0
2023-06-04,,,0,0,0,0,0,0,VNM,1.0,0.0
2023-06-11,,,0,0,0,0,0,0,VNM,1.0,0.0
2023-06-18,,,0,0,0,0,0,0,VNM,1.0,0.0
2023-06-25,,,0,0,0,0,0,0,VNM,1.0,0.0
2023-07-02,,,0,0,0,0,0,0,VNM,1.0,0.0
2023-07-09,,,0,0,0,0,0,0,VNM,1.0,0.0
2023-07-16,,,0,0,0,0,0,0,VNM,1.0,0.0
2023-07-23,,,0,0,0,0,0,0,VNM,1.0,0.0
2023-07-30,,,0,0,0,0,0,0,VNM,1.0,0.0
2023-08-06,,,0,0,0,0,0,0,VNM,1.0,0.0
2023-08-13,,,0,0,0,0,0,0,VNM,1.0,0.0
2023-08-20,,,0,0,0,0,0,0,VNM,1.0,0.0
2023-08-27,,,0,0,0,0,0,0,VNM,1.0,0.0
2023-09-03,,,0,0,0,0,0,0,VNM,1.0,0.0
2023-09-10,,,0,0,0,0,0,0,VNM,1.0,0.0
2023-09-17,,,0,0,0,0,0,0,VNM,1.0,0.0
2023-09-24,,,0,0,0,0,0,0,VNM,1.0,0.0
2023-10-01,,,0,0,0,0,0,0,VNM,1.0,0.0
2023-10-08,,,0,0,0,0,0,0,VNM,1.0,0.0
2023-10-15,,,0,0,0,0,0,0,VNM,1.0,0.0
2023-10-22,,,0,0,0,0,0,0,VNM,1.0,0.0
2023-10-29,,,0,0,0,0,0,0,VNM,1.0,0.0
2023-11-05,,,0,0,0,0,0,0,VNM,1.0,0.0
2023-11-12,,,0,0,0,0,0,0,VNM,1.0,0.0
2023-11-19,,,0,0,0,0,0,0,VNM,1.0,0.0
2023-11-26,,,0,0,0,0,0,0,VNM,1.0,0.0
2023-12-03,,,0,0,0,0,0,0,VNM,1.0,0.0
2023-12-10,0.4,0.9440813362382,1,1,0,0,0,0,VNM,0.5,0.0
2023-12-17,,,0,0,0,0,0,0,VNM,1.0,0.0
2023-12-24,,,0,0,0,0,0,0,VNM,1.0,0.0
2023-12-31,,,0,0,0,0,0,0,VNM,1.0,0.0
2024-01-07,2.837109243697479,-0.6805381849712242,53,51,2,0,0,0,VNM,0.018518518518518517,0.0
2024-01-14,-0.9273809523809523,-1.070260805200427,18,15,0,0,3,0,VNM,0.25,0.16666657407412552
2024-01-14,0.0,-2.91120815138283,2,2,0,0,0,0,WAF,0.3333333333333333,0.0
2024-01-07,2.1999999999999997,-1.30293159609121,3,3,0,0,0,0,WSM,0.25,0.0
2024-01-07,1.9125,-1.6933028919330249,6,5,0,1,0,0,WST,0.3333333333333333,0.16666638888935187
2024-01-14,5.723809523809524,-1.604019371458752,9,7,0,2,0,0,WST,0.375,0.22222197530891633
2024-01-07,-0.8833333333333335,-4.334475424108529,24,16,2,1,5,0,YEM,0.3684210526315789,0.24999989583337673
2024-01-14,-3.885358617131063,-5.308675480164305,78,30,5,20,23,0,YEM,1.2222222222222223,0.5512819806048742
2024-01-07,1.1375,-4.687471421732985,11,6,3,0,2,0,ZAF,0.3,0.1818180165290759
2024-01-14,2.053037037037037,-3.272777085134609,45,35,6,3,1,0,ZAF,0.11904761904761904,0.08888886913580685
2024-01-07,3.0,-5.55555555555556,2,2,0,0,0,0,ZMB,0.3333333333333333,0.0
2024-01-14,3.0,-4.36681222707424,1,1,0,0,0,0,ZMB,0.5,0.0
2023-01-08,6.9,1.7568165959959199,2,0,2,0,0,0,ZWE,0.3333333333333333,0.0
2023-01-15,2.8,-8.98876404494382,2,2,0,0,0,0,ZWE,0.3333333333333333,0.0
2023-01-22,,,0,0,0,0,0,0,ZWE,1.0,0.0
2023-01-29,,,0,0,0,0,0,0,ZWE,1.0,0.0
2023-02-05,,,0,0,0,0,0,0,ZWE,1.0,0.0
2023-02-12,,,0,0,0,0,0,0,ZWE,1.0,0.0
2023-02-19,,,0,0,0,0,0,0,ZWE,1.0,0.0
2023-02-26,,,0,0,0,0,0,0,ZWE,1.0,0.0
2023-03-05,,,0,0,0,0,0,0,ZWE,1.0,0.0
2023-03-12,,,0,0,0,0,0,0,ZWE,1.0,0.0
2023-03-19,,,0,0,0,0,0,0,ZWE,1.0,0.0
2023-03-26,,,0,0,0,0,0,0,ZWE,1.0,0.0
2023-04-02,,,0,0,0,0,0,0,ZWE,1.0,0.0
2023-04-09,,,0,0,0,0,0,0,ZWE,1.0,0.0
2023-04-16,,,0,0,0,0,0,0,ZWE,1.0,0.0
2023-04-23,,,0,0,0,0,0,0,ZWE,1.0,0.0
2023-04-30,,,0,0,0,0,0,0,ZWE,1.0,0.0
2023-05-07,,,0,0,0,0,0,0,ZWE,1.0,0.0
2023-05-14,,,0,0,0,0,0,0,ZWE,1.0,0.0
2023-05-21,,,0,0,0,0,0,0,ZWE,1.0,0.0
2023-05-28,,,0,0,0,0,0,0,ZWE,1.0,0.0
2023-06-04,,,0,0,0,0,0,0,ZWE,1.0,0.0
2023-06-11,,,0,0,0,0,0,0,ZWE,1.0,0.0
2023-06-18,,,0,0,0,0,0,0,ZWE,1.0,0.0
2023-06-25,,,0,0,0,0,0,0,ZWE,1.0,0.0
2023-07-02,,,0,0,0,0,0,0,ZWE,1.0,0.0
2023-07-09,,,0,0,0,0,0,0,ZWE,1.0,0.0
2023-07-16,,,0,0,0,0,0,0,ZWE,1.0,0.0
2023-07-23,,,0,0,0,0,0,0,ZWE,1.0,0.0
2023-07-30,,,0,0,0,0,0,0,ZWE,1.0,0.0
2023-08-06,,,0,0,0,0,0,0,ZWE,1.0,0.0
2023-08-13,,,0,0,0,0,0,0,ZWE,1.0,0.0
2023-08-20,,,0,0,0,0,0,0,ZWE,1.0,0.0
2023-08-27,,,0,0,0,0,0,0,ZWE,1.0,0.0
2023-09-03,,,0,0,0,0,0,0,ZWE,1.0,0.0
2023-09-10,,,0,0,0,0,0,0,ZWE,1.0,0.0
2023-09-17,,,0,0,0,0,0,0,ZWE,1.0,0.0
2023-09-24,,,0,0,0,0,0,0,ZWE,1.0,0.0
2023-10-01,,,0,0,0,0,0,0,ZWE,1.0,0.0
2023-10-08,,,0,0,0,0,0,0,ZWE,1.0,0.0
2023-10-15,,,0,0,0,0,0,0,ZWE,1.0,0.0
2023-10-22,,,0,0,0,0,0,0,ZWE,1.0,0.0
2023-10-29,,,0,0,0,0,0,0,ZWE,1.0,0.0
2023-11-05,,,0,0,0,0,0,0,ZWE,1.0,0.0
2023-11-12,,,0,0,0,0,0,0,ZWE,1.0,0.0
2023-11-19,,,0,0,0,0,0,0,ZWE,1.0,0.0
2023-11-26,,,0,0,0,0,0,0,ZWE,1.0,0.0
2023-12-03,,,0,0,0,0,0,0,ZWE,1.0,0.0
2023-12-10,1.3,-1.66666666666667,2,2,0,0,0,0,ZWE,0.3333333333333333,0.0
2023-12-17,,,0,0,0,0,0,0,ZWE,1.0,0.0
2023-12-24,,,0,0,0,0,0,0,ZWE,1.0,0.0
2023-12-31,,,0,0,0,0,0,0,ZWE,1.0,0.0
2024-01-07,2.0833333333333335,-0.3131791366394134,8,4,3,1,0,0,ZWE,0.25,0.12499984375019532
2024-01-14,1.579800407925408,0.33293126892734687,61,33,17,5,6,0,ZWE,0.23529411764705882,0.18032783929051813
