iso3,year,renewable_energy_pct_share,energy_use_per_capita,temp_anomaly_celsius,extreme_disasters_count
ARE,1960,0.0,10740.8429217188,-0.3536807944522944,0
ARE,1961,0.0,10740.8429217188,-0.2512055765545366,2
ARE,1962,0.0,10740.8429217188,-0.18941121883041298,0
ARE,1963,0.0,10740.8429217188,-0.019278701729957104,0
ARE,1964,0.0,10740.8429217188,-0.33282574927071884,1
ARE,1965,0.0,10740.8429217188,-0.28619546963644454,1
ARE,1966,0.0,10740.8429217188,-0.2775985253389309,1
ARE,1967,0.0,10740.8429217188,-0.21969916303049752,0
ARE,1968,0.0,10740.8429217188,-0.24003455590515915,1
ARE,1969,0.0,10740.8429217188,-0.10764518384536724,0
ARE,1970,0.0,10740.8429217188,-0.13191101513692038,0
ARE,1971,0.0,10740.8429217188,-0.10164201949263696,1
ARE,1972,0.0,10740.8429217188,-0.14517395633418353,1
ARE,1973,0.0,10740.8429217188,-0.08492992041531758,1
ARE,1974,0.0,10740.8429217188,-0.12340368277257201,0
ARE,1975,0.0,10740.8429217188,-0.12313089316438522,2
ARE,1976,0.0,10740.8429217188,-0.10079489828347928,0
ARE,1977,0.0,10740.8429217188,-0.19338661652942493,2
ARE,1978,0.0,10740.8429217188,0.08520488145093197,1
ARE,1979,0.0,10740.8429217188,-0.17863041009901068,1
ARE,1980,0.0,10740.8429217188,-0.16885070987911893,0
ARE,1981,0.0,10740.8429217188,0.11065379087703917,0
ARE,1982,0.0,10740.8429217188,0.17498313493807274,0
ARE,1983,0.0,10740.8429217188,0.1007775517882617,2
ARE,1984,0.0,10740.8429217188,0.2019049370065894,0
ARE,1985,0.0,10740.8429217188,0.1600881304384883,4
ARE,1986,0.0,10740.8429217188,0.06968137056718254,2
ARE,1987,0.0,10740.8429217188,0.22235974524752877,0
ARE,1988,0.0,10740.8429217188,0.2355769270632133,1
ARE,1989,0.0,10740.8429217188,0.0965507473107969,4
ARE,1990,0.0,10740.8429217188,0.1760101374628807,1
ARE,1991,0.0,11690.0970198374,0.10785211807237693,2
ARE,1992,0.2,10562.8994380617,0.20299004979273724,1
ARE,1993,0.1,10572.6698308454,0.29145152641327393,1
ARE,1994,0.1,11178.3984813089,0.1502615338159416,1
ARE,1995,0.1,11360.9014709113,0.20767129957307554,3
ARE,1996,0.1,11250.1691193254,0.32186131293830067,2
ARE,1997,0.1,10941.7465226956,0.3058502421212464,0
ARE,1998,0.1,10375.285992572,0.29955138743201254,0
ARE,1999,0.1,9839.14403490257,0.3586909827503051,1
ARE,2000,0.1,8956.94929901911,0.307222066635549,1
ARE,2001,0.1,11703.2751045514,0.46346347723114223,3
ARE,2002,0.1,10866.2518811768,0.4879368002224187,1
ARE,2003,0.1,10102.2168560285,0.35211003720623185,1
ARE,2004,0.1,9441.12715739602,0.38680987138988665,2
ARE,2005,0.1,9535.07550578601,0.39562069580088105,1
ARE,2006,0.1,9239.04144595382,0.605287863769501,0
ARE,2007,0.1,8929.1273242532,0.30009233453173034,4
ARE,2008,0.1,9425.05532774732,0.49942334538510313,1
ARE,2009,0.1,9445.23902000287,0.5866285142712004,1
ARE,2010,0.1,8849.86287819387,0.5983715644080096,2
ARE,2011,0.1,8498.19879197847,0.5223302814874479,1
ARE,2012,0.1,8466.34602792332,0.6604952344132539,2
ARE,2013,0.1,8654.48549263775,0.5711722921523308,2
ARE,2014,0.1,9398.40039523838,0.5470315693829008,0
ARE,2015,0.1,9973.9828745403,0.7921362499248932,0
ARE,2016,0.1,10191.6184664294,0.6741461254907869,0
ARE,2017,0.2,8378.97733971587,0.6534521435675609,1
ARE,2018,0.3,8363.00928463633,0.7468616739253653,4
ARE,2019,0.7,8736.63609388178,0.6537059940585765,1
ARE,2020,0.9,8105.43812949633,0.7120712961399049,3
ARE,2021,1.0,8500.46410586578,0.515833099081592,2
ARE,2022,1.0,8303.27667116047,0.7897653902910792,2
ARE,2023,1.0,9139.5423044996,0.7187160958889536,0
ARE,2024,1.0,9139.5423044996,0.6923548464852027,1
ARE,2025,1.0,9139.5423044996,0.7527675275640502,1
ARG,1960,8.6,1351.48277612519,-0.38253975766678605,1
ARG,1961,8.6,1351.48277612519,-0.1639433054545314,0
ARG,1962,8.6,1351.48277612519,-0.2427121946561541,0
ARG,1963,8.6,1351.48277612519,-0.40003773281816046,1
ARG,1964,8.6,1351.48277612519,-0.3099365664664686,3
ARG,1965,8.6,1351.48277612519,-0.17492063857517393,1
ARG,1966,8.6,1351.48277612519,-0.25989375187392577,1
ARG,1967,8.6,1351.48277612519,-0.16364154869629724,0
ARG,1968,8.6,1351.48277612519,-0.3297879038629137,6
ARG,1969,8.6,1351.48277612519,-0.15555478183125207,0
ARG,1970,8.6,1351.48277612519,0.0553837776418582,1
ARG,1971,8.6,1351.48277612519,-0.18851124269830505,1
ARG,1972,8.6,1351.48277612519,-0.15252101967252357,0
ARG,1973,8.6,1351.48277612519,-0.1323154655413495,0
ARG,1974,8.6,1351.48277612519,-0.29659634953484537,0
ARG,1975,8.6,1351.48277612519,-0.041288150631757295,2
ARG,1976,8.6,1351.48277612519,-0.003944962852661951,0
ARG,1977,8.6,1351.48277612519,-0.15553041769992676,0
ARG,1978,8.6,1351.48277612519,-0.051367453694520906,1
ARG,1979,8.6,1351.48277612519,-0.061550886243882705,1
ARG,1980,8.6,1351.48277612519,0.11651379987496457,1
ARG,1981,8.6,1351.48277612519,0.08574357583205199,2
ARG,1982,8.6,1351.48277612519,-0.0888710199857177,0
ARG,1983,8.6,1351.48277612519,-0.02015760811343424,1
ARG,1984,8.6,1351.48277612519,0.0939980015345721,4
ARG,1985,8.6,1351.48277612519,0.019236987903562694,0
ARG,1986,8.6,1351.48277612519,0.053386015069278765,2
ARG,1987,8.6,1351.48277612519,0.1615375081233003,2
ARG,1988,8.6,1351.48277612519,0.18015494909080643,0
ARG,1989,8.6,1351.48277612519,0.09668307741149668,4
ARG,1990,8.6,1351.48277612519,0.23886470548721725,2
ARG,1991,8.4,1385.38307033103,0.15368351299519717,4
ARG,1992,9.0,1407.27675440761,0.23012672012297503,0
ARG,1993,9.7,1432.607502841,0.19829550520594266,2
ARG,1994,10.0,1530.52760849222,0.1752318370870256,1
ARG,1995,10.2,1507.19847475089,0.16818336108422277,4
ARG,1996,8.6,1534.09177637667,0.37421895360398505,1
ARG,1997,9.7,1567.39444751302,0.22312837491567308,0
ARG,1998,9.6,1648.11263598533,0.49475499558224134,1
ARG,1999,8.8,1666.81862190168,0.32161132735566655,0
ARG,2000,9.8,1643.32131961789,0.3411424085492339,1
ARG,2001,11.5,1518.56737304195,0.49838969698285385,4
ARG,2002,11.6,1484.25701881625,0.430688586138126,2
ARG,2003,10.8,1590.61721067918,0.42298025506576536,0
ARG,2004,9.3,1740.90890259945,0.307328433867115,0
ARG,2005,9.6,1712.4320350003,0.5518259098188736,1
ARG,2006,9.2,1784.01669776279,0.25876395418017706,1
ARG,2007,7.7,1845.91422802344,0.41553717122162703,2
ARG,2008,7.7,1889.40923801554,0.46397928580230186,1
ARG,2009,8.6,1722.74402909882,0.49300065769885104,2
ARG,2010,8.8,1826.05112368849,0.6679093847622701,1
ARG,2011,8.8,1865.25736115683,0.46126276332482785,3
ARG,2012,8.6,1897.60983922809,0.47640379881057365,2
ARG,2013,8.9,1928.54922885127,0.5358842282734142,0
ARG,2014,9.8,1911.61727736839,0.5458821146720088,0
ARG,2015,9.4,1919.75859208058,0.5745962307084281,3
ARG,2016,9.4,1889.87018853289,0.822396077181012,2
ARG,2017,10.4,1874.82963739464,0.49214750206408087,0
ARG,2018,10.5,1806.77623499039,0.7526485895983809,2
ARG,2019,10.7,1777.41507710553,0.7318818534188387,3
ARG,2020,9.8,1623.92450833523,0.6745316155975181,2
ARG,2021,9.2,1741.51377200597,0.7141968387408272,2
ARG,2022,9.2,1808.76021335553,0.7629492558571944,3
ARG,2023,9.2,1763.50879742948,0.5960227544818062,2
ARG,2024,9.2,1736.70249657787,0.7336586448384114,4
ARG,2025,9.2,1736.70249657787,0.7103307562882126,0
AUS,1960,8.0,5047.63880316716,-0.38372200131287015,1
AUS,1961,8.0,5047.63880316716,-0.33581675247950166,0
AUS,1962,8.0,5047.63880316716,-0.3789018081662646,1
AUS,1963,8.0,5047.63880316716,-0.1591099193101335,1
AUS,1964,8.0,5047.63880316716,-0.21757890935485746,0
AUS,1965,8.0,5047.63880316716,-0.35202639112278766,0
AUS,1966,8.0,5047.63880316716,-0.2153059692732541,0
AUS,1967,8.0,5047.63880316716,-0.3758181075327748,0
AUS,1968,8.0,5047.63880316716,-0.23545172440377807,1
AUS,1969,8.0,5047.63880316716,-0.11900042114300205,0
AUS,1970,8.0,5047.63880316716,-0.11831241410904003,1
AUS,1971,8.0,5047.63880316716,-0.18247126497728353,2
AUS,1972,8.0,5047.63880316716,-0.2939661860932121,1
AUS,1973,8.0,5047.63880316716,0.028943495192120028,1
AUS,1974,8.0,5047.63880316716,-0.14390863357461375,0
AUS,1975,8.0,5047.63880316716,-0.07450200284270386,0
AUS,1976,8.0,5047.63880316716,-0.05783284325309273,2
AUS,1977,8.0,5047.63880316716,0.052805096905768595,1
AUS,1978,8.0,5047.63880316716,-0.11366676631514219,1
AUS,1979,8.0,5047.63880316716,-0.04685013753632647,0
AUS,1980,8.0,5047.63880316716,0.03402488904772629,1
AUS,1981,8.0,5047.63880316716,-0.10834450315634582,0
AUS,1982,8.0,5047.63880316716,-0.10320368679604278,1
AUS,1983,8.0,5047.63880316716,-0.021691822889420953,1
AUS,1984,8.0,5047.63880316716,0.10626373207938258,2
AUS,1985,8.0,5047.63880316716,0.0022794427098898062,2
AUS,1986,8.0,5047.63880316716,0.0487666976896965,3
AUS,1987,8.0,5047.63880316716,0.3309780222547146,1
AUS,1988,8.0,5047.63880316716,0.24400979155460298,1
AUS,1989,8.0,5047.63880316716,0.146614645030185,1
AUS,1990,8.0,5047.63880316716,0.2559211098236138,0
AUS,1991,8.2,4925.05735551339,0.3428602708762143,2
AUS,1992,7.5,4960.57443467868,0.10441295814556185,2
AUS,1993,8.6,5171.29276055127,0.3108149134945308,1
AUS,1994,8.3,5127.43388651941,0.100648800200355,1
AUS,1995,8.2,5138.24234027092,0.2304171770437513,2
AUS,1996,8.9,5429.944199086,0.19703328176583493,0
AUS,1997,9.1,5497.64639169812,0.2359356873844085,2
AUS,1998,8.6,5584.82787538452,0.14690131784204988,2
AUS,1999,8.5,5644.57987814369,0.2832592588314646,2
AUS,2000,8.4,5681.22885913159,0.4311837403105603,2
AUS,2001,8.4,5486.39455905443,0.3211371469431991,3
AUS,2002,8.7,5480.23464289818,0.3740378607059448,1
AUS,2003,7.2,5615.57675632995,0.42677331780077216,1
AUS,2004,6.7,5652.13037917952,0.48028645892517235,2
AUS,2005,6.7,5624.49561264785,0.3776363555548964,1
AUS,2006,6.8,5775.11675226564,0.5213781478234104,0
AUS,2007,7.0,5853.76413229662,0.5467793967455891,1
AUS,2008,6.8,5951.19291532561,0.5749529303507621,3
AUS,2009,7.1,5843.93312947132,0.5926188339534552,2
AUS,2010,8.2,5762.9435664152,0.6142823845051124,4
AUS,2011,8.3,5698.65597309349,0.44955180793973,1
AUS,2012,8.3,5533.72233837943,0.5304404985968153,1
AUS,2013,9.2,5533.38146350965,0.6898325363845423,2
AUS,2014,9.3,5407.4382264583,0.7198784459818983,3
AUS,2015,9.4,5318.66679266228,0.5727403241715352,2
AUS,2016,9.6,5216.98867184459,0.8183581893340439,4
AUS,2017,9.9,5162.45894302308,0.5752255885168793,0
AUS,2018,9.8,5086.37378454852,0.5932537897591336,2
AUS,2019,10.3,5231.57466031316,0.8868149898139417,1
AUS,2020,11.2,5159.03638381788,0.7977478870372195,3
AUS,2021,12.3,5006.44306522882,0.5919321506467663,2
AUS,2022,12.3,4942.16372202842,0.5034596022843911,2
AUS,2023,12.3,4927.64894813822,0.7849584650996049,6
AUS,2024,12.3,4750.59966458141,0.6161128924012822,2
AUS,2025,12.3,4750.59966458141,0.6918717321841367,1
AUT,1960,25.2,3240.45366951149,-0.3808304646122117,0
AUT,1961,25.2,3240.45366951149,-0.24194996504987232,0
AUT,1962,25.2,3240.45366951149,-0.2700372457285675,1
AUT,1963,25.2,3240.45366951149,-0.42254319518379113,0
AUT,1964,25.2,3240.45366951149,-0.2761335711884391,0
AUT,1965,25.2,3240.45366951149,-0.2875682863695495,0
AUT,1966,25.2,3240.45366951149,-0.2554153250105627,1
AUT,1967,25.2,3240.45366951149,-0.12844074463488314,0
AUT,1968,25.2,3240.45366951149,-0.1571135104474724,2
AUT,1969,25.2,3240.45366951149,-0.18631128312219103,0
AUT,1970,25.2,3240.45366951149,-0.11467896356944345,1
AUT,1971,25.2,3240.45366951149,-0.1870660722445765,1
AUT,1972,25.2,3240.45366951149,-0.2804127676702554,0
AUT,1973,25.2,3240.45366951149,-0.011024025475625643,1
AUT,1974,25.2,3240.45366951149,-0.21365592795077953,1
AUT,1975,25.2,3240.45366951149,-0.1266612706139254,2
AUT,1976,25.2,3240.45366951149,0.07272422617973269,2
AUT,1977,25.2,3240.45366951149,-0.006237406783690468,1
AUT,1978,25.2,3240.45366951149,-0.16631996365513455,1
AUT,1979,25.2,3240.45366951149,-0.1688915735112618,0
AUT,1980,25.2,3240.45366951149,-0.005370184835978516,1
AUT,1981,25.2,3240.45366951149,-0.023010397372008124,2
AUT,1982,25.2,3240.45366951149,0.0023450924693598496,1
AUT,1983,25.2,3240.45366951149,0.1151206062621501,1
AUT,1984,25.2,3240.45366951149,0.2696478629540555,0
AUT,1985,25.2,3240.45366951149,0.22528705988533906,1
AUT,1986,25.2,3240.45366951149,0.12815742174008635,0
AUT,1987,25.2,3240.45366951149,0.07667702247137637,0
AUT,1988,25.2,3240.45366951149,0.07290328827301666,3
AUT,1989,25.2,3240.45366951149,0.2458279273398093,0
AUT,1990,25.2,3240.45366951149,0.09199127152776053,1
AUT,1991,24.5,3415.50428957491,0.29347690237096846,3
AUT,1992,26.2,3245.8963821747,0.193337898491798,1
AUT,1993,26.4,3256.11678131379,0.2381375045692574,3
AUT,1994,25.7,3234.79392759607,0.20251307444858327,1
AUT,1995,25.7,3374.07611625172,0.37407828358798983,2
AUT,1996,24.1,3580.79320121771,0.27115389132133627,3
AUT,1997,24.9,3550.91398526082,0.2250693292137175,3
AUT,1998,24.5,3607.0067907444,0.3638416457961621,1
AUT,1999,26.5,3592.17196845349,0.24532652923154263,3
AUT,2000,26.4,3570.94853169443,0.4610440186289054,3
AUT,2001,25.5,3758.79316326234,0.3856831077552782,3
AUT,2002,24.7,3771.71949185232,0.49350156822982394,1
AUT,2003,22.6,3956.93894640762,0.48068995132865583,3
AUT,2004,23.2,3974.50636807099,0.4361371775169652,2
AUT,2005,24.4,4084.35261902051,0.4477286604328261,2
AUT,2006,26.6,4105.07525027388,0.3573520817069896,3
AUT,2007,29.0,4010.09514877294,0.6106612754974251,2
AUT,2008,29.7,4027.90556617748,0.5542608275848931,0
AUT,2009,31.3,3819.49986886808,0.6691084651288876,1
AUT,2010,31.1,4065.04189639106,0.4573448523161254,5
AUT,2011,31.6,3927.58256477323,0.604147803283155,1
AUT,2012,34.4,3899.1648418957,0.48563316390594335,1
AUT,2013,34.6,3924.82135403554,0.531391844674373,2
AUT,2014,35.7,3750.34480080041,0.5231474766607804,0
AUT,2015,34.8,3795.51037374619,0.5743397110578436,5
AUT,2016,34.6,3797.16802222945,0.6128935266136881,2
AUT,2017,34.0,3839.94805232106,0.6316118419201634,1
AUT,2018,34.1,3717.62532112148,0.624022574186557,2
AUT,2019,34.0,3765.98011899602,0.8631655613017569,2
AUT,2020,35.8,3546.50449865153,0.7736143132869389,1
AUT,2021,36.0,3728.13398931398,0.5735509660885199,3
AUT,2022,36.0,3486.72943293763,0.7548609077654412,3
AUT,2023,36.0,3308.71167042411,0.6594498382455694,4
AUT,2024,36.0,3242.2079854812,0.8223104271803315,2
AUT,2025,36.0,3242.2079854812,0.6828928969607875,2
BEL,1960,1.3,4804.34618527299,-0.42566136009742384,0
BEL,1961,1.3,4804.34618527299,-0.30926428300706027,2
BEL,1962,1.3,4804.34618527299,-0.4964775655616083,1
BEL,1963,1.3,4804.34618527299,-0.24465862596963758,0
BEL,1964,1.3,4804.34618527299,-0.22320844105665638,0
BEL,1965,1.3,4804.34618527299,-0.22946567994521475,0
BEL,1966,1.3,4804.34618527299,-0.29048701197043625,1
BEL,1967,1.3,4804.34618527299,-0.2539410795677024,1
BEL,1968,1.3,4804.34618527299,-0.35784517725549614,1
BEL,1969,1.3,4804.34618527299,-0.17082216410526346,2
BEL,1970,1.3,4804.34618527299,-0.14323066939399723,0
BEL,1971,1.3,4804.34618527299,-0.18445473702584347,2
BEL,1972,1.3,4804.34618527299,-0.06957658001542116,0
BEL,1973,1.3,4804.34618527299,-0.14173594251804963,2
BEL,1974,1.3,4804.34618527299,-0.16776953360809987,0
BEL,1975,1.3,4804.34618527299,0.0700864387419266,2
BEL,1976,1.3,4804.34618527299,-0.18323401682818222,1
BEL,1977,1.3,4804.34618527299,0.07518463611109122,1
BEL,1978,1.3,4804.34618527299,-0.004478093530542966,2
BEL,1979,1.3,4804.34618527299,-0.10827738401742053,0
BEL,1980,1.3,4804.34618527299,-0.004753120911385567,2
BEL,1981,1.3,4804.34618527299,0.02222197625868011,0
BEL,1982,1.3,4804.34618527299,-0.15096188048685547,1
BEL,1983,1.3,4804.34618527299,-0.20131655867100656,0
BEL,1984,1.3,4804.34618527299,0.1418432607172611,1
BEL,1985,1.3,4804.34618527299,0.06459413463778264,1
BEL,1986,1.3,4804.34618527299,-0.11282664627040953,3
BEL,1987,1.3,4804.34618527299,0.31294390021950175,0
BEL,1988,1.3,4804.34618527299,-0.04687228143496655,1
BEL,1989,1.3,4804.34618527299,0.2414302812508594,1
BEL,1990,1.3,4804.34618527299,0.298059285930459,0
BEL,1991,1.2,5002.44922314732,0.14328208821375196,0
BEL,1992,1.2,5042.29401936772,0.30561534667851903,2
BEL,1993,1.0,4897.97659266192,0.2603694118092229,2
BEL,1994,0.9,5185.9337354394,0.051349711475794896,0
BEL,1995,1.3,5261.8093544142,0.44120052424138556,1
BEL,1996,1.2,5527.62586906518,0.29536417050535846,0
BEL,1997,1.1,5533.73928264128,0.40895643768882917,2
BEL,1998,1.3,5620.64607760812,0.38169898653609224,2
BEL,1999,1.4,5610.79882111599,0.471548240750461,2
BEL,2000,1.4,5662.98174716427,0.5702721221307486,1
BEL,2001,1.6,5606.17298271092,0.47464536262522994,3
BEL,2002,1.7,5397.64817804299,0.4970435461622905,2
BEL,2003,1.9,5609.48271408916,0.29598887842848504,0
BEL,2004,2.0,5615.40613034968,0.4714209843597158,2
BEL,2005,2.5,5549.63760862596,0.4381519214525941,4
BEL,2006,2.9,5445.56547084695,0.39659600277445506,3
BEL,2007,3.4,5302.04532963844,0.3772917293654322,0
BEL,2008,4.0,5425.00683224834,0.43493738862165254,1
BEL,2009,4.9,5161.34227289199,0.5477674536270695,3
BEL,2010,6.2,5510.36842215322,0.44509211487346473,0
BEL,2011,6.7,5063.16739563614,0.5454510819971974,1
BEL,2012,7.7,4822.68880223172,0.5052107419586552,1
BEL,2013,8.3,5000.34617077523,0.6527239112246016,5
BEL,2014,9.1,4701.25771608477,0.4912651974477776,0
BEL,2015,9.4,4661.66376202285,0.7723845969935369,1
BEL,2016,9.2,4904.15770755315,0.593037191618756,3
BEL,2017,9.7,4863.63280171736,0.48073354781772637,0
BEL,2018,10.7,4660.20692893781,0.7755132302178704,1
BEL,2019,10.2,4775.95747475268,0.6773733958472281,3
BEL,2020,12.3,4386.43050829817,0.7803046815817369,2
BEL,2021,11.7,4823.5834216252,0.8354704679928292,3
BEL,2022,11.7,4368.44562567427,0.6535434518484531,0
BEL,2023,11.7,4051.07409072709,0.9830661079334586,3
BEL,2024,11.7,4077.82911446826,0.6090476003147871,4
BEL,2025,11.7,4077.82911446826,0.9302182774777077,3
BGD,1960,71.7,114.331978361362,-0.6067974357171063,3
BGD,1961,71.7,114.331978361362,-0.39226213951414446,1
BGD,1962,71.7,114.331978361362,-0.5079830458125366,0
BGD,1963,71.7,114.331978361362,-0.33744116778123023,0
BGD,1964,71.7,114.331978361362,-0.10487507721601713,0
BGD,1965,71.7,114.331978361362,-0.156151308079448,1
BGD,1966,71.7,114.331978361362,-0.36506052895413543,1
BGD,1967,71.7,114.331978361362,-0.18996982288433736,1
BGD,1968,71.7,114.331978361362,-0.28768297919646013,0
BGD,1969,71.7,114.331978361362,-0.31852921127458467,2
BGD,1970,71.7,114.331978361362,-0.1383424110471736,1
BGD,1971,71.7,114.331978361362,-0.12493620151625923,1
BGD,1972,71.7,114.331978361362,-0.09363613756288897,0
BGD,1973,71.7,114.331978361362,-0.005211554644487124,0
BGD,1974,71.7,114.331978361362,-0.09076356756835946,1
BGD,1975,71.7,114.331978361362,-0.09422274302033383,1
BGD,1976,71.7,114.331978361362,-0.0978666949354113,1
BGD,1977,71.7,114.331978361362,-0.10599690317797014,1
BGD,1978,71.7,114.331978361362,0.02294794261052692,1
BGD,1979,71.7,114.331978361362,-0.0720296851218978,3
BGD,1980,71.7,114.331978361362,0.04624473199990551,2
BGD,1981,71.7,114.331978361362,0.0011098814828126129,1
BGD,1982,71.7,114.331978361362,0.01911981170964467,2
BGD,1983,71.7,114.331978361362,0.06843097146891791,0
BGD,1984,71.7,114.331978361362,-0.009186277507445509,3
BGD,1985,71.7,114.331978361362,0.03874698409678765,1
BGD,1986,71.7,114.331978361362,0.22052775504540026,1
BGD,1987,71.7,114.331978361362,0.08575513935335084,2
BGD,1988,71.7,114.331978361362,0.2797621775653887,1
BGD,1989,71.7,114.331978361362,0.15791475776857333,2
BGD,1990,71.7,114.331978361362,0.10656679417464719,0
BGD,1991,73.1,110.553888291038,0.13999579523930253,2
BGD,1992,71.6,114.428195176536,0.11011846064777676,2
BGD,1993,70.5,117.094222071274,0.10009396605981624,3
BGD,1994,69.0,121.577169651724,0.379209707319083,0
BGD,1995,63.8,128.922041098335,0.29528226217024284,2
BGD,1996,62.1,127.651205584714,0.33209516199792066,2
BGD,1997,60.0,130.76316593387,0.16801767006264812,2
BGD,1998,60.2,132.276086830776,0.2148332824564793,2
BGD,1999,60.5,134.852007238559,0.13425204321811823,0
BGD,2000,60.2,135.982829155033,0.4179701618048282,0
BGD,2001,55.9,148.299543915937,0.42119928569598,2
BGD,2002,54.4,148.023137823788,0.3709263336439171,1
BGD,2003,52.6,153.205274750611,0.3158370509751125,0
BGD,2004,52.0,154.277994461916,0.3532924080112765,0
BGD,2005,50.6,159.86025911281,0.5591824865418562,0
BGD,2006,48.6,168.358931806833,0.5713156336244939,4
BGD,2007,47.2,174.04541210907,0.45052364941917017,3
BGD,2008,45.2,180.593953454978,0.6134203133793429,5
BGD,2009,43.1,187.6926023298,0.5519821452863118,3
BGD,2010,40.3,195.623071252394,0.4712213398315229,2
BGD,2011,38.4,200.332283493272,0.4690464892297959,1
BGD,2012,37.3,208.079815841876,0.5273343711731622,4
BGD,2013,37.0,216.73767037563,0.666575688727494,0
BGD,2014,35.4,223.001864414998,0.697302682252293,1
BGD,2015,33.1,237.200804521803,0.8917820467659061,1
BGD,2016,30.2,256.237827701744,0.7239982475405209,1
BGD,2017,28.1,264.090549017021,0.6051853512921502,2
BGD,2018,27.0,261.271156644512,0.7813996783458663,0
BGD,2019,26.1,277.950296654643,0.5420472437914636,2
BGD,2020,27.2,278.638664578008,0.806191018270588,6
BGD,2021,25.0,298.53034978646,0.8168662522927528,4
BGD,2022,25.0,308.276302614701,0.5882463712437678,0
BGD,2023,25.0,287.753137358845,0.7726335259468076,0
BGD,2024,25.0,287.753137358845,0.8545224862108536,1
BGD,2025,25.0,287.753137358845,0.6546699869892416,0
BRA,1960,49.8,942.317182249676,-0.30012662316015337,0
BRA,1961,49.8,942.317182249676,-0.3928174070459413,0
BRA,1962,49.8,942.317182249676,-0.2504697320454314,1
BRA,1963,49.8,942.317182249676,-0.4580140798218753,1
BRA,1964,49.8,942.317182249676,-0.33481427748868203,0
BRA,1965,49.8,942.317182249676,-0.12130182709928122,0
BRA,1966,49.8,942.317182249676,-0.25157327762875775,1
BRA,1967,49.8,942.317182249676,-0.1796462373023947,0
BRA,1968,49.8,942.317182249676,-0.14753566064402063,1
BRA,1969,49.8,942.317182249676,-0.10117154060577711,1
BRA,1970,49.8,942.317182249676,-0.2809121379606212,0
BRA,1971,49.8,942.317182249676,-0.03871013481858272,0
BRA,1972,49.8,942.317182249676,-0.3086646639374163,0
BRA,1973,49.8,942.317182249676,-0.05803450068571425,0
BRA,1974,49.8,942.317182249676,-0.10878951306340212,1
BRA,1975,49.8,942.317182249676,-0.1517773916864525,1
BRA,1976,49.8,942.317182249676,-0.1757555616401917,0
BRA,1977,49.8,942.317182249676,-0.14041981730280706,0
BRA,1978,49.8,942.317182249676,-0.0819564098025439,0
BRA,1979,49.8,942.317182249676,0.029117146476558154,3
BRA,1980,49.8,942.317182249676,0.0732409376171314,0
BRA,1981,49.8,942.317182249676,-0.13789046859773144,1
BRA,1982,49.8,942.317182249676,0.10979386967597321,0
BRA,1983,49.8,942.317182249676,0.1577259657835412,2
BRA,1984,49.8,942.317182249676,0.23474316546154433,2
BRA,1985,49.8,942.317182249676,0.07731718825311468,0
BRA,1986,49.8,942.317182249676,0.26910776556854543,0
BRA,1987,49.8,942.317182249676,0.2815480434794765,2
BRA,1988,49.8,942.317182249676,0.11385567287295233,1
BRA,1989,49.8,942.317182249676,0.3522492916894442,0
BRA,1990,49.8,942.317182249676,0.052114456076639976,4
BRA,1991,48.9,943.263545697103,0.26916652725636414,1
BRA,1992,48.7,937.431462820155,0.2774628346014673,2
BRA,1993,48.2,945.489101780969,0.19157347699341637,1
BRA,1994,48.3,980.074664998028,0.3199304854489915,3
BRA,1995,46.1,998.777374735819,0.32107994055721595,1
BRA,1996,44.5,1035.82555427523,0.0787410255055496,5
BRA,1997,43.7,1072.29461426603,0.24490218084829693,3
BRA,1998,43.8,1082.21810429873,0.40624166258965044,2
BRA,1999,44.0,1091.29495874763,0.3900488330158228,0
BRA,2000,42.7,1081.36193393467,0.27570230480188496,3
BRA,2001,41.3,1086.99299318566,0.4431859552985885,1
BRA,2002,42.9,1103.40127916211,0.41969888562690216,2
BRA,2003,45.1,1107.9739157885,0.30179453320805016,1
BRA,2004,45.2,1157.16905577095,0.46060126314054495,1
BRA,2005,46.1,1173.71585743449,0.6296688153494162,4
BRA,2006,46.7,1202.05933940304,0.38721383830852474,3
BRA,2007,47.2,1259.91135986965,0.37828893966303523,2
BRA,2008,47.0,1317.23578420454,0.44164785430800363,1
BRA,2009,48.9,1262.10043812649,0.5441509354445815,3
BRA,2010,46.8,1384.36896688389,0.7305100004477859,2
BRA,2011,45.2,1390.00783643031,0.48729816533916515,2
BRA,2012,43.5,1433.15306444735,0.5900844779889934,1
BRA,2013,42.3,1487.45745839708,0.7453444589329531,2
BRA,2014,41.7,1522.42189026812,0.569652205617212,2
BRA,2015,43.7,1482.02057858653,0.710714051073938,2
BRA,2016,45.4,1414.8979311951,0.6093960875256274,0
BRA,2017,45.3,1431.95949698072,0.9333194200102368,2
BRA,2018,46.9,1403.40232453429,0.8211267709943411,3
BRA,2019,47.5,1415.83477031974,0.962216441378571,3
BRA,2020,50.0,1379.24649914162,0.7423270337265904,2
BRA,2021,46.5,1430.3934661032,0.8218635928283458,1
BRA,2022,46.5,1432.72741132919,0.6728318727028968,2
BRA,2023,46.5,1481.22439922518,0.8067980672408611,2
BRA,2024,46.5,1511.62383133688,0.9838974008165935,3
BRA,2025,46.5,1511.62383133688,0.8985050924985126,3
CAN,1960,22.6,7641.54876651682,-0.3629175748469524,0
CAN,1961,22.6,7641.54876651682,-0.16978043570205348,1
CAN,1962,22.6,7641.54876651682,-0.3457607591817212,0
CAN,1963,22.6,7641.54876651682,-0.26569590812597005,1
CAN,1964,22.6,7641.54876651682,-0.13282613608204996,0
CAN,1965,22.6,7641.54876651682,-0.1477732350204403,1
CAN,1966,22.6,7641.54876651682,-0.06570555795043509,0
CAN,1967,22.6,7641.54876651682,-0.2869872104435301,1
CAN,1968,22.6,7641.54876651682,-0.07463011681713497,3
CAN,1969,22.6,7641.54876651682,-0.30221130849365013,0
CAN,1970,22.6,7641.54876651682,-0.15496227419944417,0
CAN,1971,22.6,7641.54876651682,-0.27921937793309226,1
CAN,1972,22.6,7641.54876651682,-0.07688683023473405,2
CAN,1973,22.6,7641.54876651682,-0.06811793471591818,0
CAN,1974,22.6,7641.54876651682,-0.07491670396243358,1
CAN,1975,22.6,7641.54876651682,-0.1556232461467028,3
CAN,1976,22.6,7641.54876651682,-0.028287319778696106,1
CAN,1977,22.6,7641.54876651682,-0.011164240512504683,0
CAN,1978,22.6,7641.54876651682,-0.020467370762297613,2
CAN,1979,22.6,7641.54876651682,-0.06436435629323196,2
CAN,1980,22.6,7641.54876651682,0.04166406499063373,0
CAN,1981,22.6,7641.54876651682,-0.04148066068484654,1
CAN,1982,22.6,7641.54876651682,-0.12206503295848004,3
CAN,1983,22.6,7641.54876651682,-0.051951066344049945,1
CAN,1984,22.6,7641.54876651682,-0.10457678786535292,2
CAN,1985,22.6,7641.54876651682,0.12540160029584319,0
CAN,1986,22.6,7641.54876651682,-0.007090610290781604,1
CAN,1987,22.6,7641.54876651682,0.363440201382071,1
CAN,1988,22.6,7641.54876651682,0.2579830183666085,0
CAN,1989,22.6,7641.54876651682,0.006200053739135958,2
CAN,1990,22.6,7641.54876651682,0.23511360457106964,1
CAN,1991,22.7,7529.00297774185,0.28108899520301933,1
CAN,1992,22.4,7616.97320016327,0.37452980143954206,2
CAN,1993,22.3,7782.92897388185,0.10552759361501332,2
CAN,1994,22.2,7971.05824834315,0.0750664002259461,0
CAN,1995,22.4,7995.23710734235,-0.014133665683905228,2
CAN,1996,22.1,8070.95400503596,0.15491411588832193,1
CAN,1997,21.8,8069.49923971315,0.19034333385045293,2
CAN,1998,22.0,7963.20719845056,0.2936011620219944,3
CAN,1999,22.2,8117.62871957032,0.5176750401965995,3
CAN,2000,20.3,8224.74786425172,0.3778964926169151,3
CAN,2001,19.8,8017.16666642228,0.4200002044571201,3
CAN,2002,20.1,7943.44588697183,0.5628774273533121,1
CAN,2003,19.7,8303.4318789013,0.5032729201581624,2
CAN,2004,20.4,8371.02231862308,0.22693554163501062,3
CAN,2005,21.6,8369.95929648006,0.49567996428641325,0
CAN,2006,21.5,8427.44174185883,0.41754763602205464,2
CAN,2007,21.6,8356.30636250042,0.5411871707634998,1
CAN,2008,21.6,8098.35289361915,0.5604603669209421,1
CAN,2009,22.2,7696.33407281264,0.47645006735767126,2
CAN,2010,21.4,7660.75452103288,0.49489814843138297,3
CAN,2011,21.5,7716.24822782698,0.4976757518064795,3
CAN,2012,21.8,7637.78487245197,0.5461049627020856,1
CAN,2013,22.2,7668.79466344868,0.710285975524452,3
CAN,2014,22.2,7780.1475931021,0.6679205849304279,2
CAN,2015,22.3,7690.40816617685,0.4687742170889006,2
CAN,2016,22.1,7944.50789345873,0.7876204701071345,0
CAN,2017,22.8,8175.19037647623,0.6249719592541041,1
CAN,2018,22.3,8161.77967501099,0.8133049553614861,1
CAN,2019,22.4,8125.58121311618,0.697163559444618,3
CAN,2020,23.9,7495.07932297849,0.8297907867471935,2
CAN,2021,23.8,7524.86361233157,0.7474300090676875,0
CAN,2022,23.8,7575.25861568829,0.6713814430759821,1
CAN,2023,23.8,7342.36758732052,0.7682245268318377,1
CAN,2024,23.8,7160.67104355006,0.8623410776616336,2
CAN,2025,23.8,7160.67104355006,0.6902581253067025,5
CHE,1960,16.8,3617.21670838019,-0.33633134700191597,0
CHE,1961,16.8,3617.21670838019,-0.31846941942517343,0
CHE,1962,16.8,3617.21670838019,-0.535763899987885,0
CHE,1963,16.8,3617.21670838019,-0.06887600074329031,1
CHE,1964,16.8,3617.21670838019,-0.2969269614763315,1
CHE,1965,16.8,3617.21670838019,-0.33434639430922436,1
CHE,1966,16.8,3617.21670838019,-0.13132724431332093,1
CHE,1967,16.8,3617.21670838019,-0.4587474712954933,0
CHE,1968,16.8,3617.21670838019,-0.2829959584850354,0
CHE,1969,16.8,3617.21670838019,-0.1932090682300424,1
CHE,1970,16.8,3617.21670838019,-0.11257549963024634,2
CHE,1971,16.8,3617.21670838019,-0.17935890982854305,0
CHE,1972,16.8,3617.21670838019,-0.01620452734965408,1
CHE,1973,16.8,3617.21670838019,-0.26154524801062606,1
CHE,1974,16.8,3617.21670838019,-0.12677165749316946,1
CHE,1975,16.8,3617.21670838019,-0.08674306556593965,2
CHE,1976,16.8,3617.21670838019,-0.20112299322361232,1
CHE,1977,16.8,3617.21670838019,-0.02892923567098634,0
CHE,1978,16.8,3617.21670838019,-0.03729381125779016,3
CHE,1979,16.8,3617.21670838019,-0.03752525151525659,1
CHE,1980,16.8,3617.21670838019,-0.02810998415188572,1
CHE,1981,16.8,3617.21670838019,0.04131714974524912,2
CHE,1982,16.8,3617.21670838019,0.025567248726916514,0
CHE,1983,16.8,3617.21670838019,-0.018021542355863562,2
CHE,1984,16.8,3617.21670838019,0.03247542894907956,0
CHE,1985,16.8,3617.21670838019,0.05771847356229277,2
CHE,1986,16.8,3617.21670838019,0.21637278622334222,2
CHE,1987,16.8,3617.21670838019,0.055100959853259315,4
CHE,1988,16.8,3617.21670838019,0.03397606833188692,1
CHE,1989,16.8,3617.21670838019,0.2300025852543271,0
CHE,1990,16.8,3617.21670838019,0.12446007813672169,1
CHE,1991,17.1,3623.74654312174,0.14410114285587491,1
CHE,1992,17.0,3606.20840062565,0.36756636255816777,0
CHE,1993,18.0,3479.20943929761,0.2957881173075389,0
CHE,1994,18.3,3482.93560412511,0.2845565587715937,0
CHE,1995,17.6,3405.68478072749,0.16911798144113616,1
CHE,1996,16.7,3459.89061670209,0.2816355810208887,0
CHE,1997,17.4,3513.12639714122,0.28122835248461864,2
CHE,1998,17.1,3544.34495422887,0.2969080482547378,2
CHE,1999,18.4,3533.47941266544,0.31885540560250103,1
CHE,2000,18.2,3466.50613217002,0.4101508422917582,1
CHE,2001,18.7,3658.06649907658,0.4088869210926284,2
CHE,2002,18.2,3537.53750331779,0.42450274352893835,5
CHE,2003,18.0,3524.60535957512,0.3089634938037183,3
CHE,2004,18.1,3513.04226751483,0.5023627621022448,3
CHE,2005,18.7,3469.41664326823,0.5351579506232681,1
CHE,2006,18.1,3600.20599088199,0.39761941289602815,3
CHE,2007,19.3,3391.3409304186,0.5007487155337917,5
CHE,2008,19.6,3480.20255913467,0.2346891262343529,0
CHE,2009,20.0,3460.61144395548,0.5579260837527642,3
CHE,2010,20.6,3323.41218501892,0.5256656051499546,0
CHE,2011,20.6,3181.06687778874,0.47521815162999126,3
CHE,2012,21.9,3175.97090168674,0.5928534496911022,1
CHE,2013,21.8,3274.49948136129,0.3637851272541688,6
CHE,2014,22.2,3031.17447656808,0.7736853968438719,1
CHE,2015,23.9,2927.96015319396,0.7731661772123388,0
CHE,2016,24.1,2819.83095943189,0.6424723084611247,3
CHE,2017,25.0,2809.47945669194,0.8019754903816094,2
CHE,2018,24.2,2806.4991558403,0.6412470422255061,2
CHE,2019,24.8,2857.15819180217,0.5833092016938262,5
CHE,2020,26.4,2690.39023280182,0.7264873479745746,1
CHE,2021,27.7,2619.80556120156,0.7630648972086599,2
CHE,2022,27.7,2591.92141040481,0.7120483849808512,5
CHE,2023,27.7,2511.37154209497,0.7827590364216934,3
CHE,2024,27.7,2491.51225467078,0.8768667256772525,0
CHE,2025,27.7,2491.51225467078,0.8709015634479812,1
CHL,1960,34.0,1042.63924696805,-0.4983071315051183,1
CHL,1961,34.0,1042.63924696805,-0.3284821263934374,0
CHL,1962,34.0,1042.63924696805,-0.36424371231137154,1
CHL,1963,34.0,1042.63924696805,-0.2605573889042813,1
CHL,1964,34.0,1042.63924696805,-0.2938431264362873,1
CHL,1965,34.0,1042.63924696805,-0.09536299286506061,0
CHL,1966,34.0,1042.63924696805,-0.3448645130278587,1
CHL,1967,34.0,1042.63924696805,-0.14680564632466556,0
CHL,1968,34.0,1042.63924696805,-0.23641333530225137,0
CHL,1969,34.0,1042.63924696805,-0.17683225311496129,0
CHL,1970,34.0,1042.63924696805,-0.1786731124583194,0
CHL,1971,34.0,1042.63924696805,0.09694433050894535,0
CHL,1972,34.0,1042.63924696805,0.061672448630927384,1
CHL,1973,34.0,1042.63924696805,-0.1090780801639254,1
CHL,1974,34.0,1042.63924696805,-0.11059302330707471,1
CHL,1975,34.0,1042.63924696805,0.02877919691536386,0
CHL,1976,34.0,1042.63924696805,0.013913276460454885,2
CHL,1977,34.0,1042.63924696805,-0.03566348106017424,2
CHL,1978,34.0,1042.63924696805,0.1545701772384625,1
CHL,1979,34.0,1042.63924696805,0.020564207638449173,0
CHL,1980,34.0,1042.63924696805,0.14259425317305519,0
CHL,1981,34.0,1042.63924696805,0.026566503690485736,3
CHL,1982,34.0,1042.63924696805,0.20156785170765754,3
CHL,1983,34.0,1042.63924696805,0.12586042917407197,1
CHL,1984,34.0,1042.63924696805,0.16948989859944152,1
CHL,1985,34.0,1042.63924696805,-0.056441151469900086,1
CHL,1986,34.0,1042.63924696805,0.1764943795944523,1
CHL,1987,34.0,1042.63924696805,0.22615017550345357,1
CHL,1988,34.0,1042.63924696805,0.39659190183889503,2
CHL,1989,34.0,1042.63924696805,0.30061273692940393,1
CHL,1990,34.0,1042.63924696805,0.15555747581414286,2
CHL,1991,37.3,1048.54685125944,0.0664159632160422,0
CHL,1992,38.6,1115.74449791436,0.19139562708092317,5
CHL,1993,35.8,1125.82760632048,0.07060275675880559,0
CHL,1994,34.8,1192.35792309529,0.177331482270282,0
CHL,1995,34.2,1262.61937956632,0.3402214881494988,2
CHL,1996,32.2,1378.90684276783,0.3732932586723948,1
CHL,1997,30.0,1523.53564987188,0.4288565758501787,2
CHL,1998,29.8,1557.21131062443,0.3662977014501238,0
CHL,1999,29.1,1633.86338932833,0.21694253715680192,2
CHL,2000,31.4,1623.48012689232,0.5061742491822817,4
CHL,2001,32.1,1574.84475911504,0.5567827034427848,3
CHL,2002,33.1,1612.43130205148,0.5503378207207075,3
CHL,2003,31.6,1612.22953620512,0.3320249106511188,1
CHL,2004,31.4,1699.73240740445,0.4504716562364339,1
CHL,2005,32.3,1735.08874376693,0.6551737965068264,3
CHL,2006,32.9,1788.47442583539,0.46685758890398166,2
CHL,2007,30.5,1836.95620548021,0.4819698715711612,0
CHL,2008,30.8,1801.2828820239,0.5092229485657885,3
CHL,2009,31.5,1735.83895157902,0.6213428662266344,1
CHL,2010,27.0,1795.6817303266,0.469890189538485,3
CHL,2011,28.8,1937.32339633854,0.41795387446497395,2
CHL,2012,30.3,2123.49178972428,0.761198704145866,2
CHL,2013,30.2,2177.50491871487,0.5176233389610292,2
CHL,2014,27.0,1946.21181666587,0.6623418438621478,2
CHL,2015,25.1,1968.30286182049,0.4659892874909811,2
CHL,2016,24.6,2070.46958170364,0.8251177232242933,1
CHL,2017,24.1,2065.97571745805,0.7140593323291307,0
CHL,2018,25.5,2067.9764736837,0.8729073240055591,2
CHL,2019,25.3,2154.35451877758,0.7116340648060027,3
CHL,2020,26.7,1946.16760616995,0.6398009125055666,1
CHL,2021,24.2,2032.98120427379,0.8100566572442626,4
CHL,2022,24.2,2081.99751245711,0.6515638340427516,1
CHL,2023,24.2,2059.27616196845,0.7115854794542621,4
CHL,2024,24.2,2029.03299532593,0.7791336663292193,2
CHL,2025,24.2,2029.03299532593,0.8488666597931889,3
CHN,1960,33.9,773.250116673841,-0.2619806810600997,1
CHN,1961,33.9,773.250116673841,-0.28026875728748524,0
CHN,1962,33.9,773.250116673841,-0.3420491740312564,0
CHN,1963,33.9,773.250116673841,-0.48624583209764466,1
CHN,1964,33.9,773.250116673841,-0.3431026700893702,0
CHN,1965,33.9,773.250116673841,-0.3495284125612685,0
CHN,1966,33.9,773.250116673841,-0.31598864524371334,0
CHN,1967,33.9,773.250116673841,-0.3082321743385305,0
CHN,1968,33.9,773.250116673841,-0.07551509395896677,2
CHN,1969,33.9,773.250116673841,-0.1404031242613357,2
CHN,1970,33.9,773.250116673841,-0.010501464593927867,0
CHN,1971,33.9,773.250116673841,-0.07788341126020626,0
CHN,1972,33.9,773.250116673841,-0.017265663583180935,0
CHN,1973,33.9,773.250116673841,-0.14814744335872237,0
CHN,1974,33.9,773.250116673841,0.023507250448489475,1
CHN,1975,33.9,773.250116673841,-0.01182566549545297,0
CHN,1976,33.9,773.250116673841,-0.17394250443849124,2
CHN,1977,33.9,773.250116673841,-0.012868502734783765,1
CHN,1978,33.9,773.250116673841,-0.04348980671909997,0
CHN,1979,33.9,773.250116673841,-0.03697170312254418,1
CHN,1980,33.9,773.250116673841,-0.048628092095775996,2
CHN,1981,33.9,773.250116673841,-0.0629422546796785,0
CHN,1982,33.9,773.250116673841,-0.16788831180604186,2
CHN,1983,33.9,773.250116673841,0.09070742917207394,1
CHN,1984,33.9,773.250116673841,0.017953952876969922,1
CHN,1985,33.9,773.250116673841,0.0017924141506279467,2
CHN,1986,33.9,773.250116673841,0.06588197919702496,2
CHN,1987,33.9,773.250116673841,0.06651532416212594,0
CHN,1988,33.9,773.250116673841,0.06289911022194959,3
CHN,1989,33.9,773.250116673841,0.12690266026164393,0
CHN,1990,33.9,773.250116673841,0.12758892454839701,2
CHN,1991,33.1,740.586120549437,0.347431827349175,0
CHN,1992,32.8,756.63514647117,0.3473473339380997,2
CHN,1993,31.5,792.633509359554,0.16745616077381492,1
CHN,1994,31.1,821.273750333988,0.3117030024232238,1
CHN,1995,29.4,872.82633002387,0.43058152615652695,1
CHN,1996,30.5,884.894160616361,0.38217066727671256,4
CHN,1997,30.0,876.489344673065,0.44387685658212744,4
CHN,1998,29.5,872.405987083978,0.3516126900704716,3
CHN,1999,30.3,880.738578841902,0.37088111087766007,2
CHN,2000,29.6,898.07500446721,0.2610809310055976,0
CHN,2001,28.4,921.506436459842,0.2253548353474421,1
CHN,2002,27.0,976.159336791292,0.3624190074722467,0
CHN,2003,23.9,1105.13742396493,0.45615677846130503,2
CHN,2004,20.2,1249.04415339994,0.40366092882447874,1
CHN,2005,17.4,1369.79197119649,0.5274324854680137,1
CHN,2006,16.4,1490.18647938836,0.6802438546959684,2
CHN,2007,14.9,1595.46606847798,0.4821068998094005,1
CHN,2008,14.1,1629.97754209383,0.3728202426425689,1
CHN,2009,13.4,1728.61645229501,0.560188356638627,1
CHN,2010,12.3,1899.79996108685,0.4568114685780626,1
CHN,2011,11.3,2027.46525356855,0.5713128390840249,4
CHN,2012,11.5,2085.21872095825,0.5894683450035094,0
CHN,2013,11.5,2137.32572690907,0.6776831094295446,6
CHN,2014,11.9,2177.55011435267,0.43562051289945125,1
CHN,2015,12.2,2175.1544486832,0.7817188011399947,1
CHN,2016,12.6,2149.2047500244,0.7684679918950765,4
CHN,2017,13.1,2215.91139022057,0.8305198605672369,2
CHN,2018,13.5,2310.87757050979,0.7976093536626236,1
CHN,2019,14.3,2397.96868908473,0.7348178534744357,2
CHN,2020,14.9,2465.96954605987,0.6404479177594518,2
CHN,2021,15.2,2623.79959356116,0.7243291727946822,4
CHN,2022,15.2,2676.48200976111,0.7801419928025883,3
CHN,2023,15.2,2850.94152906511,0.7200830835597598,3
CHN,2024,15.2,2850.94152906511,0.7949557112361215,4
CHN,2025,15.2,2850.94152906511,0.7986885968147404,3
COL,1960,38.1,758.594011470617,-0.2588924231457475,0
COL,1961,38.1,758.594011470617,-0.3352441693038517,1
COL,1962,38.1,758.594011470617,-0.3574871879103809,2
COL,1963,38.1,758.594011470617,-0.35177054212373987,1
COL,1964,38.1,758.594011470617,-0.18678852995245046,1
COL,1965,38.1,758.594011470617,-0.002785003725395252,0
COL,1966,38.1,758.594011470617,-0.20352533949820104,0
COL,1967,38.1,758.594011470617,-0.31532810044381276,0
COL,1968,38.1,758.594011470617,-0.23059546999667696,0
COL,1969,38.1,758.594011470617,-0.4210001224000973,1
COL,1970,38.1,758.594011470617,-0.1598442841233999,0
COL,1971,38.1,758.594011470617,-0.22382756653148522,0
COL,1972,38.1,758.594011470617,-0.1055464875519752,1
COL,1973,38.1,758.594011470617,-0.193932538877404,1
COL,1974,38.1,758.594011470617,0.025577949163943486,0
COL,1975,38.1,758.594011470617,-0.1522699693199675,0
COL,1976,38.1,758.594011470617,-0.018923628564053205,1
COL,1977,38.1,758.594011470617,-0.0055441683021736216,1
COL,1978,38.1,758.594011470617,-0.03838376241974937,2
COL,1979,38.1,758.594011470617,0.0342077313721441,1
COL,1980,38.1,758.594011470617,0.14181822035980826,1
COL,1981,38.1,758.594011470617,-0.12481779812134632,1
COL,1982,38.1,758.594011470617,0.08271739350666261,2
COL,1983,38.1,758.594011470617,-0.07910451846018776,0
COL,1984,38.1,758.594011470617,0.16795035266774894,3
COL,1985,38.1,758.594011470617,0.07869525339778341,2
COL,1986,38.1,758.594011470617,0.03948034266291535,0
COL,1987,38.1,758.594011470617,0.15275007945366312,1
COL,1988,38.1,758.594011470617,0.1646506618619014,3
COL,1989,38.1,758.594011470617,0.31480960943522285,4
COL,1990,38.1,758.594011470617,0.20458445932373095,2
COL,1991,36.8,751.902938320027,0.11890051378423241,0
COL,1992,33.1,764.278377977952,0.2153697797328401,3
COL,1993,33.0,780.625826171299,0.21525290200946706,2
COL,1994,33.8,798.193720343948,0.3318983261555705,2
COL,1995,33.5,794.967097625038,0.1391993204090414,4
COL,1996,33.6,797.74746750655,0.2946802964760658,1
COL,1997,25.7,762.008712622099,0.2938962779429055,2
COL,1998,25.8,773.108534647068,0.35405812142845694,1
COL,1999,29.0,684.04515970986,0.165430898537825,1
COL,2000,27.9,674.789373014303,0.400858960088775,5
COL,2001,27.1,663.457783116269,0.42774995323530074,3
COL,2002,28.6,640.534397467261,0.36642563872650147,1
COL,2003,30.6,644.213790055096,0.4701748367378308,1
COL,2004,29.0,638.256874604387,0.2291769888885298,1
COL,2005,28.9,659.017512793074,0.3797013201191476,6
COL,2006,30.6,685.39143164947,0.5544005976768426,1
COL,2007,31.0,671.974010763536,0.2984200006945178,2
COL,2008,30.8,698.498635069449,0.5039588585161597,4
COL,2009,31.4,721.723799554454,0.5262140950467277,5
COL,2010,30.6,708.462118919431,0.37114542725200894,3
COL,2011,29.6,718.539125799809,0.6886392472082989,2
COL,2012,29.6,690.223937074854,0.5999431959294719,2
COL,2013,32.0,890.995033650514,0.5672355831945723,2
COL,2014,32.1,896.819737976178,0.4165143729224849,2
COL,2015,31.1,899.746405476032,0.538186593514391,1
COL,2016,30.5,923.380646133256,0.7347327354994675,2
COL,2017,32.2,870.764598847956,0.7392354566699825,1
COL,2018,30.4,829.434495650998,0.3877235940056469,4
COL,2019,31.5,899.552647463233,0.6387562828514922,5
COL,2020,32.0,814.027717297433,0.7141391876334375,1
COL,2021,29.7,880.466204307389,0.7622789794764792,1
COL,2022,29.7,863.76322070814,0.7329679918643232,3
COL,2023,29.7,872.633394703758,0.7060581181812704,2
COL,2024,29.7,840.642725844963,0.6719449679248155,4
COL,2025,29.7,840.642725844963,0.9741589074102075,4
DEU,1960,2.1,4421.75298411525,-0.2870799144874337,0
DEU,1961,2.1,4421.75298411525,-0.22048876532489986,1
DEU,1962,2.1,4421.75298411525,-0.4076257205026259,1
DEU,1963,2.1,4421.75298411525,-0.26286525509768854,0
DEU,1964,2.1,4421.75298411525,-0.37420527125025876,1
DEU,1965,2.1,4421.75298411525,-0.2660705454191386,0
DEU,1966,2.1,4421.75298411525,-0.3332543928859252,0
DEU,1967,2.1,4421.75298411525,-0.33486202647374147,1
DEU,1968,2.1,4421.75298411525,-0.2846915662834889,1
DEU,1969,2.1,4421.75298411525,-0.15075123900256449,1
DEU,1970,2.1,4421.75298411525,-0.21261960101108618,0
DEU,1971,2.1,4421.75298411525,-0.2346338013965127,2
DEU,1972,2.1,4421.75298411525,-0.07005959011657222,1
DEU,1973,2.1,4421.75298411525,-0.048405292043438575,2
DEU,1974,2.1,4421.75298411525,-0.21670040936102558,1
DEU,1975,2.1,4421.75298411525,-0.06836404800751425,0
DEU,1976,2.1,4421.75298411525,-0.0183785165876216,2
DEU,1977,2.1,4421.75298411525,-0.025287706790918615,0
DEU,1978,2.1,4421.75298411525,-0.05050940564505674,0
DEU,1979,2.1,4421.75298411525,-0.08496922125948367,1
DEU,1980,2.1,4421.75298411525,-0.13658283675879695,1
DEU,1981,2.1,4421.75298411525,0.054039143887580035,2
DEU,1982,2.1,4421.75298411525,0.09050796210960904,0
DEU,1983,2.1,4421.75298411525,0.00455097428820047,0
DEU,1984,2.1,4421.75298411525,-0.012747243360389016,0
DEU,1985,2.1,4421.75298411525,0.19835568236996018,2
DEU,1986,2.1,4421.75298411525,0.09365577768314877,3
DEU,1987,2.1,4421.75298411525,0.22319337012927032,1
DEU,1988,2.1,4421.75298411525,0.17622036845686861,0
DEU,1989,2.1,4421.75298411525,0.14285071216212297,2
DEU,1990,2.1,4421.75298411525,0.2778286619524082,2
DEU,1991,2.0,4303.21110441046,0.2987024733126119,2
DEU,1992,2.1,4191.07717344268,0.3091762005734584,1
DEU,1993,2.1,4123.06429325007,0.16296103868670242,5
DEU,1994,2.3,4089.20711052609,0.2384266606624341,3
DEU,1995,2.3,4119.89234314538,0.07503454558108849,0
DEU,1996,2.2,4247.28041587343,0.30870941488455184,2
DEU,1997,2.8,4203.57228180046,0.4102528195744467,2
DEU,1998,3.0,4177.53862595182,0.19426886096017207,1
DEU,1999,3.3,4080.1161545149,0.35439498917828655,4
DEU,2000,3.7,4094.27901518469,0.2501674175119262,1
DEU,2001,3.9,4210.00080103251,0.43515755134355427,3
DEU,2002,4.4,4108.61729515583,0.25661370187182875,1
DEU,2003,5.4,4096.47794323132,0.5227794102869021,2
DEU,2004,6.3,4131.61083697,0.4295433285727153,1
DEU,2005,7.3,4109.8805864045,0.33778894165210943,1
DEU,2006,8.6,4235.93876578004,0.5148215441129959,1
DEU,2007,10.5,4023.73935857078,0.6122856941302386,2
DEU,2008,10.2,4081.87998694017,0.48330219572132904,3
DEU,2009,10.7,3821.62500577239,0.5119569316987032,2
DEU,2010,11.6,4029.83085754355,0.5538594680926422,5
DEU,2011,12.5,3891.87175356307,0.5611607899843,4
DEU,2012,13.6,3913.43920397127,0.37671682900226644,3
DEU,2013,13.6,3986.18505186393,0.6608011350512603,4
DEU,2014,14.0,3794.44720253102,0.645688202508557,1
DEU,2015,14.6,3780.85027551891,0.7610467399577517,0
DEU,2016,14.2,3765.21799936242,0.6551733264834942,0
DEU,2017,15.2,3763.19404182465,0.5664238954114031,4
DEU,2018,16.0,3659.22924485198,0.6628395404364384,2
DEU,2019,17.1,3570.88159282488,0.6438333079408207,1
DEU,2020,18.5,3349.19931383762,0.7361977492200853,4
DEU,2021,17.6,3467.03057027911,0.7685198865783405,2
DEU,2022,17.6,3261.8564081995,0.902605624738883,1
DEU,2023,17.6,2928.19658713867,0.6368127281777913,1
DEU,2024,17.6,2824.59006117053,0.725216004407019,0
DEU,2025,17.6,2824.59006117053,0.8700730266279888,2
DNK,1960,7.0,3375.49333145812,-0.3839610214464229,0
DNK,1961,7.0,3375.49333145812,-0.3122962643741473,0
DNK,1962,7.0,3375.49333145812,-0.2883726252596276,0
DNK,1963,7.0,3375.49333145812,-0.3517706736991726,1
DNK,1964,7.0,3375.49333145812,-0.3336900844093045,1
DNK,1965,7.0,3375.49333145812,-0.39963917363484536,0
DNK,1966,7.0,3375.49333145812,-0.16552957091734144,0
DNK,1967,7.0,3375.49333145812,-0.3058426017377987,2
DNK,1968,7.0,3375.49333145812,-0.21735810556503474,1
DNK,1969,7.0,3375.49333145812,-0.23080713255898144,2
DNK,1970,7.0,3375.49333145812,-0.2480788551735934,1
DNK,1971,7.0,3375.49333145812,-0.02653389730602379,0
DNK,1972,7.0,3375.49333145812,-0.0004186110285776534,0
DNK,1973,7.0,3375.49333145812,-0.14326216584394036,1
DNK,1974,7.0,3375.49333145812,-0.0789282833920216,0
DNK,1975,7.0,3375.49333145812,-0.17167898695011613,2
DNK,1976,7.0,3375.49333145812,0.09074250346141997,1
DNK,1977,7.0,3375.49333145812,-0.2633401967134676,2
DNK,1978,7.0,3375.49333145812,-0.19395732658339987,2
DNK,1979,7.0,3375.49333145812,-0.030818178717416447,1
DNK,1980,7.0,3375.49333145812,-0.06498598184960587,3
DNK,1981,7.0,3375.49333145812,-0.008537169292705402,3
DNK,1982,7.0,3375.49333145812,0.11473024777862109,4
DNK,1983,7.0,3375.49333145812,0.07820755582515689,2
DNK,1984,7.0,3375.49333145812,0.06659228363087691,2
DNK,1985,7.0,3375.49333145812,0.29588896616903526,0
DNK,1986,7.0,3375.49333145812,0.16843133587792117,0
DNK,1987,7.0,3375.49333145812,0.19209180466817338,1
DNK,1988,7.0,3375.49333145812,0.1032680684267411,4
DNK,1989,7.0,3375.49333145812,0.20246561466100185,0
DNK,1990,7.0,3375.49333145812,0.09258245512965585,2
DNK,1991,7.1,3735.64154144855,0.05876133023175717,0
DNK,1992,7.8,3562.82145818303,0.2423049824833301,0
DNK,1993,7.7,3646.52089759252,0.3055345822893556,3
DNK,1994,7.3,3761.11016678955,0.21980831154983252,1
DNK,1995,7.5,3707.41092964335,0.2162911417900814,2
DNK,1996,7.3,4172.12941575212,0.4204188210813394,0
DNK,1997,8.1,3849.84990295516,0.1458334194858161,2
DNK,1998,8.5,3773.46075884024,0.08512887782979817,2
DNK,1999,9.1,3604.16901055628,0.317496171566367,2
DNK,2000,10.7,3491.17168608231,0.33805796576833347,1
DNK,2001,11.1,3586.44822949877,0.3247141224347281,3
DNK,2002,11.9,3536.23974586372,0.38743930101308355,1
DNK,2003,12.7,3729.38314390985,0.3096944207227033,1
DNK,2004,14.4,3598.35312921664,0.3724297323836133,2
DNK,2005,16.1,3484.59359006274,0.37458776936159016,3
DNK,2006,15.3,3729.69717999863,0.43490312131820896,3
DNK,2007,17.7,3626.53224599977,0.4279501387475201,2
DNK,2008,18.5,3502.69455323849,0.5105565992527975,5
DNK,2009,19.3,3359.26672454922,0.43260735619191115,1
DNK,2010,21.2,3498.02225565498,0.4728769834455096,1
DNK,2011,23.8,3218.55317400981,0.6640485225597141,1
DNK,2012,26.9,3072.08722081193,0.5188802806656789,0
DNK,2013,27.0,3075.55142847176,0.4805129596807557,1
DNK,2014,30.2,2881.05250715935,0.5431529439890954,1
DNK,2015,32.5,2847.9879109495,0.7474499036061317,5
DNK,2016,32.0,2891.02688317679,0.5649510363452308,2
DNK,2017,35.0,2896.57067618882,0.7270819722738743,1
DNK,2018,34.6,2870.41628591658,0.6208916915537672,4
DNK,2019,37.2,2757.24986480703,0.6655866280033644,0
DNK,2020,39.5,2637.04300572344,0.729357526218209,5
DNK,2021,39.5,2756.12264765988,0.7825405178759668,4
DNK,2022,39.5,2580.54319180783,0.6614314390890238,0
DNK,2023,39.5,2482.85667093368,0.8805281561625363,1
DNK,2024,39.5,2502.21881765196,0.8131108303682347,0
DNK,2025,39.5,2502.21881765196,0.7529042227221041,4
EGY,1960,9.0,575.627816051793,-0.2840820655544829,0
EGY,1961,9.0,575.627816051793,-0.3627300966361352,0
EGY,1962,9.0,575.627816051793,-0.37207738677233604,1
EGY,1963,9.0,575.627816051793,-0.21173293975651247,0
EGY,1964,9.0,575.627816051793,-0.402060006722909,0
EGY,1965,9.0,575.627816051793,-0.2582747453690574,1
EGY,1966,9.0,575.627816051793,-0.26619815484471615,0
EGY,1967,9.0,575.627816051793,0.06337103544561123,0
EGY,1968,9.0,575.627816051793,-0.3934458693983283,0
EGY,1969,9.0,575.627816051793,-0.2170253051464605,0
EGY,1970,9.0,575.627816051793,-0.09174281526253841,1
EGY,1971,9.0,575.627816051793,-0.11200130023168545,1
EGY,1972,9.0,575.627816051793,-0.18820061831824916,1
EGY,1973,9.0,575.627816051793,-0.0163548381758582,2
EGY,1974,9.0,575.627816051793,-0.15087518162837188,0
EGY,1975,9.0,575.627816051793,0.0615040010282997,2
EGY,1976,9.0,575.627816051793,-0.048866917138801313,0
EGY,1977,9.0,575.627816051793,0.03989171694085476,0
EGY,1978,9.0,575.627816051793,-0.045605667471357005,0
EGY,1979,9.0,575.627816051793,0.03166381599540055,0
EGY,1980,9.0,575.627816051793,0.10860955280946694,1
EGY,1981,9.0,575.627816051793,0.12263549303911751,1
EGY,1982,9.0,575.627816051793,-0.04297899341682033,1
EGY,1983,9.0,575.627816051793,0.1484269843761731,1
EGY,1984,9.0,575.627816051793,0.12922447344057963,0
EGY,1985,9.0,575.627816051793,0.1143326245179109,1
EGY,1986,9.0,575.627816051793,0.07088678093777306,2
EGY,1987,9.0,575.627816051793,0.15353945005387068,1
EGY,1988,9.0,575.627816051793,-0.027753627239410134,2
EGY,1989,9.0,575.627816051793,0.06980492923754111,1
EGY,1990,9.0,575.627816051793,0.17876595822047409,0
EGY,1991,9.3,560.09244203582,0.21563141831459318,2
EGY,1992,9.1,560.197168973292,0.3143824307692978,1
EGY,1993,9.2,567.643027729985,0.2861712518161591,1
EGY,1994,10.0,535.527088500906,0.3694015109363784,3
EGY,1995,9.4,557.752927274638,0.39222729956089125,0
EGY,1996,9.0,578.994921620111,0.13879566793234036,2
EGY,1997,8.6,589.73786141318,0.27813837821356713,1
EGY,1998,8.5,615.903471310701,0.3591138023709769,4
EGY,1999,8.8,615.24506398418,0.5092948235800983,1
EGY,2000,8.3,569.881356092312,0.2699937013114854,1
EGY,2001,7.8,634.095104088458,0.364735967644885,2
EGY,2002,7.3,636.526193894253,0.2510068451506672,2
EGY,2003,7.4,647.53985335306,0.5333565756291127,3
EGY,2004,7.6,692.141360028845,0.4485674211499845,2
EGY,2005,6.5,778.769640304157,0.41141620301000303,1
EGY,2006,6.2,806.402489163819,0.3371572322280597,0
EGY,2007,6.0,844.384421346476,0.5902316293067886,1
EGY,2008,5.9,859.150259001023,0.4871252343425514,3
EGY,2009,5.7,862.435116243687,0.5994256010674928,2
EGY,2010,5.4,838.166707475228,0.47076999989020907,0
EGY,2011,5.4,860.053119855617,0.5977012463279383,1
EGY,2012,5.3,866.240866672303,0.6205075404812275,6
EGY,2013,5.3,825.189960336054,0.45716010007033125,2
EGY,2014,5.4,832.772090858109,0.6040908755715896,1
EGY,2015,5.3,810.817127279737,0.584544230188333,2
EGY,2016,5.1,872.581407763809,0.5398673703073588,1
EGY,2017,4.9,897.218073562482,0.6521067708723574,3
EGY,2018,5.0,870.813573488394,0.7676359815540051,2
EGY,2019,6.2,844.783013447093,0.6781191788432488,4
EGY,2020,6.7,805.259456646637,0.7028267659260059,3
EGY,2021,6.1,857.821938469275,0.6467857479855724,2
EGY,2022,6.1,902.48842991302,0.8028011494801359,4
EGY,2023,6.1,928.39494742708,0.5629482491424246,5
EGY,2024,6.1,928.39494742708,0.7683810938388949,3
EGY,2025,6.1,928.39494742708,0.8168104894985561,5
ESP,1960,10.6,2317.97017574877,-0.33283797280340693,0
ESP,1961,10.6,2317.97017574877,-0.32353683065470523,0
ESP,1962,10.6,2317.97017574877,-0.3348049757225574,0
ESP,1963,10.6,2317.97017574877,-0.3417832712876192,1
ESP,1964,10.6,2317.97017574877,-0.13479247753219825,0
ESP,1965,10.6,2317.97017574877,-0.08195052081903892,1
ESP,1966,10.6,2317.97017574877,-0.3468544966741896,0
ESP,1967,10.6,2317.97017574877,-0.25884942730016103,0
ESP,1968,10.6,2317.97017574877,-0.2646963525256387,1
ESP,1969,10.6,2317.97017574877,-0.36010584881620655,1
ESP,1970,10.6,2317.97017574877,-0.08470665586373721,0
ESP,1971,10.6,2317.97017574877,-0.19297178974325233,1
ESP,1972,10.6,2317.97017574877,-0.23188181751042727,0
ESP,1973,10.6,2317.97017574877,-0.1167191256862149,0
ESP,1974,10.6,2317.97017574877,-0.152047584356432,2
ESP,1975,10.6,2317.97017574877,-0.0897362944600028,1
ESP,1976,10.6,2317.97017574877,-0.1270965343982522,2
ESP,1977,10.6,2317.97017574877,0.018119807961823914,0
ESP,1978,10.6,2317.97017574877,-0.053798821345097836,0
ESP,1979,10.6,2317.97017574877,0.01573618379017905,0
ESP,1980,10.6,2317.97017574877,0.07967428854136022,2
ESP,1981,10.6,2317.97017574877,-0.09273915673481892,0
ESP,1982,10.6,2317.97017574877,-0.01667502662801216,1
ESP,1983,10.6,2317.97017574877,0.18965114308993153,1
ESP,1984,10.6,2317.97017574877,0.020218266811504473,0
ESP,1985,10.6,2317.97017574877,0.1553647817150358,1
ESP,1986,10.6,2317.97017574877,0.21062405024934333,2
ESP,1987,10.6,2317.97017574877,0.024898115490339504,1
ESP,1988,10.6,2317.97017574877,0.17642249185806907,1
ESP,1989,10.6,2317.97017574877,0.19003982807079856,0
ESP,1990,10.6,2317.97017574877,0.0970660942580943,0
ESP,1991,9.9,2398.21804948706,0.14360541383471967,4
ESP,1992,8.2,2430.88437246788,0.285967098052431,0
ESP,1993,9.1,2319.50158512719,0.1598618582156812,2
ESP,1994,9.2,2435.94127282847,0.23821419031234412,1
ESP,1995,8.3,2537.01654979213,0.19877107181331127,1
ESP,1996,10.1,2489.29122824676,0.3941042128879914,2
ESP,1997,9.2,2634.70993203434,0.3157792030487857,0
ESP,1998,8.9,2756.25615027943,0.4002019247619745,6
ESP,1999,7.7,2878.01236592727,0.2586082063827838,0
ESP,2000,7.9,2991.49306471374,0.39758955129583984,1
ESP,2001,8.9,3048.84384472463,0.27682177800752844,1
ESP,2002,7.4,3095.99686843763,0.4150434466533669,1
ESP,2003,8.9,3145.4023925367,0.307567784566045,2
ESP,2004,8.0,3226.28942874321,0.3538600018993667,0
ESP,2005,7.3,3239.54436471806,0.5850529615785571,1
ESP,2006,8.5,3190.72627710892,0.425578956566291,2
ESP,2007,9.0,3168.95970956596,0.3710430940678854,2
ESP,2008,9.7,3015.00798974738,0.35822126493102907,3
ESP,2009,12.2,2749.85548907362,0.5380508191067304,2
ESP,2010,14.4,2735.18257337486,0.5749655260271266,3
ESP,2011,14.7,2684.34318918947,0.7040648121681391,3
ESP,2012,15.8,2677.18038552382,0.5507498241925263,6
ESP,2013,16.9,2506.25540520067,0.6539680694031518,0
ESP,2014,17.3,2458.57177736167,0.6863408013440212,3
ESP,2015,16.3,2552.40125248088,0.519237620651859,1
ESP,2016,16.7,2563.00704379932,0.6330579045855819,1
ESP,2017,15.2,2690.49733287835,0.7103574257214964,1
ESP,2018,16.9,2666.26079715432,0.5956813172078522,4
ESP,2019,16.7,2573.90442450746,0.826567242512928,1
ESP,2020,19.3,2303.51311623486,0.7572347140000371,4
ESP,2021,19.0,2422.46704705393,0.8778745184992903,1
ESP,2022,19.0,2408.92811488939,0.655946294311995,3
ESP,2023,19.0,2293.70814634203,0.765694477432497,1
ESP,2024,19.0,2303.6111637731,1.0596239265328975,5
ESP,2025,19.0,2303.6111637731,0.7141607042436845,0
ETH,1960,96.2,368.247986717548,-0.24903940719824919,1
ETH,1961,96.2,368.247986717548,-0.3713640533469732,0
ETH,1962,96.2,368.247986717548,-0.22385123719166022,0
ETH,1963,96.2,368.247986717548,-0.40070275469872735,2
ETH,1964,96.2,368.247986717548,-0.2472992710946677,1
ETH,1965,96.2,368.247986717548,-0.23922915902276942,1
ETH,1966,96.2,368.247986717548,-0.14115455618601813,3
ETH,1967,96.2,368.247986717548,-0.2071452697139093,1
ETH,1968,96.2,368.247986717548,-0.14484470030621774,1
ETH,1969,96.2,368.247986717548,-0.1974097434049147,1
ETH,1970,96.2,368.247986717548,-0.16865909218236105,0
ETH,1971,96.2,368.247986717548,-0.25168280907318863,0
ETH,1972,96.2,368.247986717548,-0.29302122641860395,0
ETH,1973,96.2,368.247986717548,-0.06985739903640512,1
ETH,1974,96.2,368.247986717548,-0.011968222234411269,0
ETH,1975,96.2,368.247986717548,-0.002870552906095669,0
ETH,1976,96.2,368.247986717548,-0.13937272555680902,1
ETH,1977,96.2,368.247986717548,0.148962764838124,2
ETH,1978,96.2,368.247986717548,0.10854195537150718,1
ETH,1979,96.2,368.247986717548,-0.1612299033398214,1
ETH,1980,96.2,368.247986717548,-0.08991034524050623,0
ETH,1981,96.2,368.247986717548,-0.11216006100748895,0
ETH,1982,96.2,368.247986717548,0.026877014005829737,1
ETH,1983,96.2,368.247986717548,0.08878384428078923,2
ETH,1984,96.2,368.247986717548,0.10652519988554165,0
ETH,1985,96.2,368.247986717548,0.1835609095485229,0
ETH,1986,96.2,368.247986717548,0.14790496240545722,2
ETH,1987,96.2,368.247986717548,0.13535124254400963,1
ETH,1988,96.2,368.247986717548,0.20862878614501246,1
ETH,1989,96.2,368.247986717548,0.2654029044034698,2
ETH,1990,96.2,368.247986717548,0.1480739197549844,2
ETH,1991,96.3,366.903730823917,0.23023990995518112,0
ETH,1992,97.5,360.759293316477,0.2108283829303246,0
ETH,1993,96.9,362.729069533154,0.2280968785176707,2
ETH,1994,96.5,363.832192837619,0.16866340466140745,2
ETH,1995,96.2,364.887007146337,0.16206071879726827,1
ETH,1996,95.9,365.417427056509,0.36770084870522385,3
ETH,1997,95.8,364.138774400544,0.4327239948250525,1
ETH,1998,95.7,364.193348754706,0.38291503822374057,2
ETH,1999,95.8,363.234894582195,0.3116877721672932,3
ETH,2000,95.5,363.603550531224,0.30064216097487506,3
ETH,2001,94.6,366.971780860921,0.5053607130740123,1
ETH,2002,94.5,366.758089028477,0.47013382521394265,2
ETH,2003,94.2,367.63116772625,0.4776404125483727,8
ETH,2004,94.1,367.777166433932,0.21163291603701614,2
ETH,2005,94.7,365.389330954915,0.3697352192581326,3
ETH,2006,94.5,366.046138985671,0.535657866428241,4
ETH,2007,94.1,367.675946638422,0.46999011311475153,2
ETH,2008,94.1,368.652913303335,0.668480614713849,2
ETH,2009,94.2,368.44943557023,0.45263217590170013,1
ETH,2010,94.1,368.268746003103,0.46640149120038643,2
ETH,2011,93.6,371.320232525157,0.6168103711506127,0
ETH,2012,93.3,371.675426449938,0.5755023618642303,5
ETH,2013,92.4,375.85804849591,0.5575350244855793,2
ETH,2014,91.4,379.902875684312,0.6670176196123735,2
ETH,2015,91.5,379.764413056995,0.8196059549912811,2
ETH,2016,90.4,383.271232956714,0.6885385091232589,3
ETH,2017,90.8,381.746445734134,0.6700727971562057,3
ETH,2018,90.0,384.353883621329,0.6748343625226693,0
ETH,2019,89.3,385.847616822769,0.7726098189231512,2
ETH,2020,90.7,379.568149086532,0.7024830145536988,3
ETH,2021,90.6,372.343233834902,0.7477259264483133,4
ETH,2022,90.6,378.635522850201,0.8301745451779321,2
ETH,2023,90.6,382.175692692495,0.81874892410784,1
ETH,2024,90.6,382.175692692495,0.810200235475687,3
ETH,2025,90.6,382.175692692495,0.6704281401786754,7
FIN,1960,24.5,5691.62343795639,-0.46612169553862254,1
FIN,1961,24.5,5691.62343795639,-0.27435804770786454,0
FIN,1962,24.5,5691.62343795639,-0.31238954755391946,0
FIN,1963,24.5,5691.62343795639,-0.16826040900697967,0
FIN,1964,24.5,5691.62343795639,-0.18567361947770816,0
FIN,1965,24.5,5691.62343795639,-0.28597418991088197,0
FIN,1966,24.5,5691.62343795639,-0.25122387043089184,0
FIN,1967,24.5,5691.62343795639,-0.29357694826571723,2
FIN,1968,24.5,5691.62343795639,-0.2594051870979182,0
FIN,1969,24.5,5691.62343795639,-0.19779645873444016,0
FIN,1970,24.5,5691.62343795639,-0.21047192396938846,0
FIN,1971,24.5,5691.62343795639,-0.14369921493279214,1
FIN,1972,24.5,5691.62343795639,-0.04158339108681189,1
FIN,1973,24.5,5691.62343795639,-0.11817922709610301,0
FIN,1974,24.5,5691.62343795639,-0.08242091014292559,2
FIN,1975,24.5,5691.62343795639,-0.1730757858092724,0
FIN,1976,24.5,5691.62343795639,-0.17541564516469055,1
FIN,1977,24.5,5691.62343795639,-0.17123920659605937,2
FIN,1978,24.5,5691.62343795639,0.10865063866997746,3
FIN,1979,24.5,5691.62343795639,0.10688530629488091,1
FIN,1980,24.5,5691.62343795639,0.0023336246406456818,0
FIN,1981,24.5,5691.62343795639,0.045866445188669815,1
FIN,1982,24.5,5691.62343795639,0.11970712640712464,1
FIN,1983,24.5,5691.62343795639,0.18718738191821493,2
FIN,1984,24.5,5691.62343795639,0.07001324718636896,2
FIN,1985,24.5,5691.62343795639,0.20540315748016957,3
FIN,1986,24.5,5691.62343795639,0.06172582402459239,0
FIN,1987,24.5,5691.62343795639,0.2309499332097384,0
FIN,1988,24.5,5691.62343795639,0.16392925232064126,4
FIN,1989,24.5,5691.62343795639,0.23366174887763227,0
FIN,1990,24.5,5691.62343795639,0.13553978582587095,0
FIN,1991,24.0,5742.82671829269,0.21773826646004674,1
FIN,1992,25.1,5381.02847300418,0.461479494974565,0
FIN,1993,26.0,5617.27677077652,0.27753274155977037,4
FIN,1994,25.1,5972.65301332318,0.11807695734626189,2
FIN,1995,27.3,5662.00742267697,0.03594641787887848,0
FIN,1996,26.9,6070.34663389252,0.315132351130934,1
FIN,1997,28.8,6277.08095861145,0.3409718759980484,3
FIN,1998,30.5,6319.46583521513,0.35002017228530996,2
FIN,1999,30.2,6284.09468261203,0.4555015871199581,3
FIN,2000,31.7,6257.21912070832,0.374368954589089,0
FIN,2001,29.2,6405.85272256556,0.43795207594214447,2
FIN,2002,29.5,6722.82613567459,0.5158200114637237,3
FIN,2003,28.4,7072.1791412038,0.34638583904909115,4
FIN,2004,31.1,7128.99567069435,0.3775681097485416,3
FIN,2005,31.5,6555.77647291287,0.4488497708826077,2
FIN,2006,31.2,7106.70978937984,0.45429057686156576,3
FIN,2007,31.8,6968.91134494832,0.537707452574242,1
FIN,2008,34.6,6654.45363101075,0.5070348201278435,2
FIN,2009,32.5,6255.05051638905,0.5529563602543967,1
FIN,2010,33.4,6812.6019950935,0.7394489933452981,3
FIN,2011,35.1,6522.93869318769,0.8405768023346183,1
FIN,2012,38.7,6265.77228948066,0.6676979294214324,2
FIN,2013,38.5,6138.31405576065,0.6019655939985807,2
FIN,2014,41.2,6246.04153603753,0.6633317385538187,4
FIN,2015,43.2,5921.59681653244,0.6239083895738756,1
FIN,2016,42.4,6120.63301519281,0.589749042889109,3
FIN,2017,44.4,6070.15750826277,0.7754625350129174,1
FIN,2018,44.2,6165.44402350648,0.708955659706113,1
FIN,2019,45.4,6024.65366583164,0.6252203654093345,3
FIN,2020,47.3,5739.2544528356,0.6352267814076576,2
FIN,2021,50.2,5996.8929932427,0.7543078747174063,1
FIN,2022,50.2,5683.95102157914,0.6872964378580357,1
FIN,2023,50.2,5866.65173975112,0.6386143045677874,4
FIN,2024,50.2,5613.99170800082,0.8082749339970564,2
FIN,2025,50.2,5613.99170800082,0.975388969534585,2
FRA,1960,10.5,3840.29284408953,-0.41491665791717036,0
FRA,1961,10.5,3840.29284408953,-0.17123914285813457,0
FRA,1962,10.5,3840.29284408953,-0.2377133098601504,0
FRA,1963,10.5,3840.29284408953,-0.3389566214805267,3
FRA,1964,10.5,3840.29284408953,-0.29660506908147277,1
FRA,1965,10.5,3840.29284408953,-0.3179722709967045,0
FRA,1966,10.5,3840.29284408953,-0.3601080254071587,0
FRA,1967,10.5,3840.29284408953,-0.2715973919761275,0
FRA,1968,10.5,3840.29284408953,-0.19039906324667988,1
FRA,1969,10.5,3840.29284408953,-0.28902917701596176,1
FRA,1970,10.5,3840.29284408953,-0.0526486794086809,2
FRA,1971,10.5,3840.29284408953,-0.22798645303443515,0
FRA,1972,10.5,3840.29284408953,-0.07366686575603171,2
FRA,1973,10.5,3840.29284408953,-0.13521344749105368,0
FRA,1974,10.5,3840.29284408953,-0.2146980566811224,4
FRA,1975,10.5,3840.29284408953,-0.08895672769118237,2
FRA,1976,10.5,3840.29284408953,-0.13671361402340249,0
FRA,1977,10.5,3840.29284408953,-0.060875936710834105,1
FRA,1978,10.5,3840.29284408953,0.004631405418304445,1
FRA,1979,10.5,3840.29284408953,0.09288864281641863,1
FRA,1980,10.5,3840.29284408953,-0.15650959908151982,1
FRA,1981,10.5,3840.29284408953,0.013586807849372256,0
FRA,1982,10.5,3840.29284408953,0.005815819146123079,0
FRA,1983,10.5,3840.29284408953,-0.13366049668464247,0
FRA,1984,10.5,3840.29284408953,0.14078957462987995,0
FRA,1985,10.5,3840.29284408953,0.13889226600666318,4
FRA,1986,10.5,3840.29284408953,0.16027242916992449,2
FRA,1987,10.5,3840.29284408953,-0.008902959055877624,1
FRA,1988,10.5,3840.29284408953,0.21775064964970625,1
FRA,1989,10.5,3840.29284408953,0.13899994539580046,3
FRA,1990,10.5,3840.29284408953,0.25104928227905743,0
FRA,1991,11.1,4038.65106657847,0.2799046879956014,2
FRA,1992,11.3,3949.27198438536,0.010395910123752516,1
FRA,1993,10.9,3997.18558148783,0.11887331293504379,3
FRA,1994,11.0,3831.06683360221,0.09041500949548031,0
FRA,1995,10.7,3975.88904728611,0.3671369554648981,1
FRA,1996,10.5,4186.80246709718,0.3450486869939557,2
FRA,1997,10.0,4043.67394488538,0.22299551323494832,1
FRA,1998,9.7,4146.55454542881,0.21539344822537104,3
FRA,1999,9.8,4117.93049493822,0.3189705410190746,2
FRA,2000,9.3,4130.17270058081,0.4255590940910184,1
FRA,2001,9.4,4240.43326978854,0.48576426528289063,0
FRA,2002,8.7,4220.32024855816,0.5445478599219707,1
FRA,2003,8.8,4296.5464931216,0.4605337445534632,1
FRA,2004,8.9,4327.20397302417,0.4827121724335425,0
FRA,2005,8.6,4313.6963002429,0.4400600816078264,3
FRA,2006,8.5,4214.29234630039,0.5903239612489645,1
FRA,2007,9.4,4142.17819118209,0.4981152830091699,3
FRA,2008,10.5,4137.71989985562,0.3892584692548143,1
FRA,2009,11.2,3938.38637955439,0.6061211648998751,1
FRA,2010,11.9,4040.43918739374,0.5265481183081184,5
FRA,2011,10.6,3951.00450412595,0.5958031565761123,2
FRA,2012,12.3,3929.20601557226,0.6170478346185431,1
FRA,2013,13.4,3925.86545930191,0.6522840220929907,5
FRA,2014,13.2,3755.83244171123,0.5937321593043807,0
FRA,2015,13.3,3799.19260526718,0.6950582024790487,1
FRA,2016,14.2,3718.17053401513,0.6561863548580925,3
FRA,2017,14.1,3705.41111644137,0.7837137097676259,2
FRA,2018,15.2,3669.37065950443,0.6890950079671742,3
FRA,2019,15.5,3605.53190025511,0.791553116890416,1
FRA,2020,16.8,3228.48915727036,0.8180318217115601,1
FRA,2021,16.2,3469.83398574773,0.7185697523733242,4
FRA,2022,16.2,3100.1897815932,0.8046704690863564,4
FRA,2023,16.2,3136.12237461475,0.6935885375244754,3
FRA,2024,16.2,3184.7895085475,0.8486801083826192,0
FRA,2025,16.2,3184.7895085475,0.7775894950515589,1
GBR,1960,0.7,3597.3010525851,-0.4475111800539891,0
GBR,1961,0.7,3597.3010525851,-0.3955684489751825,0
GBR,1962,0.7,3597.3010525851,-0.47156756131354294,1
GBR,1963,0.7,3597.3010525851,-0.40094022856926836,0
GBR,1964,0.7,3597.3010525851,-0.25666498407380534,0
GBR,1965,0.7,3597.3010525851,-0.05693454571875317,0
GBR,1966,0.7,3597.3010525851,-0.2302021955325145,2
GBR,1967,0.7,3597.3010525851,-0.32345502085593253,2
GBR,1968,0.7,3597.3010525851,-0.3523537368560711,0
GBR,1969,0.7,3597.3010525851,-0.1767190149028385,0
GBR,1970,0.7,3597.3010525851,-0.39531408385195843,2
GBR,1971,0.7,3597.3010525851,-0.1661208585529809,1
GBR,1972,0.7,3597.3010525851,-0.05072909613923114,1
GBR,1973,0.7,3597.3010525851,-0.11505703881439981,0
GBR,1974,0.7,3597.3010525851,-0.11737184530219458,2
GBR,1975,0.7,3597.3010525851,-0.005653462228290704,0
GBR,1976,0.7,3597.3010525851,-0.11709202913681566,0
GBR,1977,0.7,3597.3010525851,-0.06735819163017064,0
GBR,1978,0.7,3597.3010525851,-0.09510944754838258,0
GBR,1979,0.7,3597.3010525851,0.024187124149645804,1
GBR,1980,0.7,3597.3010525851,0.13923448850981676,1
GBR,1981,0.7,3597.3010525851,-0.1439023982099697,1
GBR,1982,0.7,3597.3010525851,0.033914296800154106,1
GBR,1983,0.7,3597.3010525851,-0.0008988334375994028,2
GBR,1984,0.7,3597.3010525851,0.017954949706290586,3
GBR,1985,0.7,3597.3010525851,0.027040130738958584,2
GBR,1986,0.7,3597.3010525851,0.15334322356674898,0
GBR,1987,0.7,3597.3010525851,0.12002345280218056,0
GBR,1988,0.7,3597.3010525851,0.1838403850278001,1
GBR,1989,0.7,3597.3010525851,0.13205400536435866,1
GBR,1990,0.7,3597.3010525851,0.0386734931234321,1
GBR,1991,0.6,3707.89443811568,0.08220401135900428,1
GBR,1992,0.8,3684.81144729003,0.09179995921054904,1
GBR,1993,0.8,3713.443124142,0.32859522012880066,3
GBR,1994,1.0,3733.80487842151,0.161392951344776,0
GBR,1995,1.1,3729.55293237334,0.4124493159606998,2
GBR,1996,0.9,3880.31355582242,0.3797175687745007,3
GBR,1997,1.0,3760.81073205794,0.234062856901132,4
GBR,1998,1.0,3787.50885825831,0.37908806680506857,1
GBR,1999,0.9,3784.31837908023,0.31143809191980354,1
GBR,2000,1.0,3786.40281086309,0.10299622659699054,3
GBR,2001,0.8,3785.6601241847,0.36478655875796057,0
GBR,2002,1.0,3716.62337347063,0.40429447043421096,2
GBR,2003,0.9,3764.06191688174,0.4761359871310553,4
GBR,2004,1.1,3697.50381825103,0.3302404720483125,3
GBR,2005,1.4,3689.55051742336,0.31628462798196705,2
GBR,2006,1.6,3601.05090812166,0.48910959877921034,2
GBR,2007,1.8,3443.58715993443,0.5292965347746784,4
GBR,2008,2.4,3370.1581117517,0.34556644284915505,1
GBR,2009,3.0,3144.00201324492,0.6601929271278233,2
GBR,2010,3.2,3235.05383786127,0.5804991842351637,1
GBR,2011,4.0,2973.83120573757,0.5091636858848702,0
GBR,2012,4.2,3028.77223348044,0.7770089454067377,2
GBR,2013,5.2,2962.343786375,0.566251533494022,2
GBR,2014,6.6,2768.00471923628,0.6198851841162362,3
GBR,2015,7.7,2774.83945986659,0.5617010287027566,1
GBR,2016,7.7,2697.02109894886,0.4557641450165444,1
GBR,2017,8.8,2659.07639289685,0.7129185290597708,0
GBR,2018,10.2,2632.23008890609,0.695328165612021,0
GBR,2019,11.4,2516.08673070511,0.6818753000799385,3
GBR,2020,13.6,2317.54743041471,0.9187636768402354,1
GBR,2021,12.2,2377.4766480833,0.8951611533535256,2
GBR,2022,12.2,2253.30282671333,0.7545188693019264,1
GBR,2023,12.2,2126.55279563942,0.867612415671446,5
GBR,2024,12.2,2069.37917526374,0.8870272836381389,2
GBR,2025,12.2,2069.37917526374,0.8044948632757364,6
GHA,1960,80.6,343.736504631431,-0.396715345911164,0
GHA,1961,80.6,343.736504631431,-0.1909350069989644,0
GHA,1962,80.6,343.736504631431,-0.48300897869486126,2
GHA,1963,80.6,343.736504631431,-0.48782179931757597,0
GHA,1964,80.6,343.736504631431,-0.40757899458432023,2
GHA,1965,80.6,343.736504631431,-0.308027838907013,0
GHA,1966,80.6,343.736504631431,-0.2274761155145548,0
GHA,1967,80.6,343.736504631431,-0.1068084446998517,0
GHA,1968,80.6,343.736504631431,-0.14709460302022032,1
GHA,1969,80.6,343.736504631431,-0.14693711100507093,2
GHA,1970,80.6,343.736504631431,-0.2866019285006043,0
GHA,1971,80.6,343.736504631431,-0.30647830875835463,2
GHA,1972,80.6,343.736504631431,-0.10819268728083424,2
GHA,1973,80.6,343.736504631431,0.08782365860461558,1
GHA,1974,80.6,343.736504631431,-0.034682476598186504,0
GHA,1975,80.6,343.736504631431,-0.24902918685033476,1
GHA,1976,80.6,343.736504631431,-0.03745880099611822,0
GHA,1977,80.6,343.736504631431,0.09786706951436214,1
GHA,1978,80.6,343.736504631431,-0.08694731335994865,2
GHA,1979,80.6,343.736504631431,0.06126336459074351,2
GHA,1980,80.6,343.736504631431,0.11867904701738485,0
GHA,1981,80.6,343.736504631431,0.060439391878123985,1
GHA,1982,80.6,343.736504631431,-0.021782671199140173,2
GHA,1983,80.6,343.736504631431,0.003379443666650224,3
GHA,1984,80.6,343.736504631431,0.10572197876783343,2
GHA,1985,80.6,343.736504631431,0.12662301995144645,0
GHA,1986,80.6,343.736504631431,0.16125227399765235,3
GHA,1987,80.6,343.736504631431,0.19823709313526203,0
GHA,1988,80.6,343.736504631431,-0.04409922684163678,0
GHA,1989,80.6,343.736504631431,-0.05098468578790949,1
GHA,1990,80.6,343.736504631431,0.15033777349498947,1
GHA,1991,82.9,346.842908215595,0.06263519611714344,2
GHA,1992,81.0,350.413755045689,0.2547640095784855,1
GHA,1993,81.3,358.208685416489,0.3083927478642927,2
GHA,1994,80.6,363.878561541399,0.10592479731590093,3
GHA,1995,79.8,371.979573023255,0.17384821325355287,5
GHA,1996,78.8,375.516649147209,0.3277485645495396,0
GHA,1997,78.3,383.784688131443,0.2849029712284556,2
GHA,1998,73.6,395.747512800287,0.32927628106499174,3
GHA,1999,72.8,401.340038042534,0.3089928576312827,4
GHA,2000,71.6,322.127334642966,0.2750842420955205,0
GHA,2001,69.3,313.165728366048,0.3399216800761397,1
GHA,2002,65.7,303.797214535662,0.38333337281943564,5
GHA,2003,64.5,281.217826361178,0.5062897911679098,1
GHA,2004,62.4,270.192103863779,0.35023021601813314,1
GHA,2005,61.4,261.893368449293,0.44654007445595006,1
GHA,2006,58.6,274.133659952501,0.2802179155868595,0
GHA,2007,54.5,263.025409302741,0.3730038032621088,2
GHA,2008,57.3,276.023736903457,0.48384420343324847,1
GHA,2009,51.9,274.268692555035,0.7485181820348776,0
GHA,2010,51.9,296.099589771501,0.8304870335809822,1
GHA,2011,50.1,302.776311436787,0.5134718887758317,2
GHA,2012,46.5,328.520151456093,0.5915090254520572,3
GHA,2013,46.2,323.671149524462,0.5978245203899512,2
GHA,2014,47.7,321.354700935333,0.583151134165146,3
GHA,2015,44.0,325.604049227551,0.6809866792561203,6
GHA,2016,45.2,327.930479432879,0.7966108216316807,4
GHA,2017,45.3,351.113971311685,0.5332002168600444,2
GHA,2018,42.1,378.657496575592,0.6978111133086489,2
GHA,2019,42.6,380.421155062376,0.47660542921894933,1
GHA,2020,40.0,392.373098140481,0.8086023574606923,2
GHA,2021,39.0,382.191892428598,0.6575647920285669,2
GHA,2022,39.0,361.562855486466,0.7251839295980638,7
GHA,2023,39.0,369.331287865765,0.67434025013969,4
GHA,2024,39.0,369.331287865765,1.0141672682152845,6
GHA,2025,39.0,369.331287865765,0.93096166840683,2
IDN,1960,59.2,461.47874965682,-0.2374357283299378,0
IDN,1961,59.2,461.47874965682,-0.2828675131435327,0
IDN,1962,59.2,461.47874965682,-0.25005922541759745,0
IDN,1963,59.2,461.47874965682,-0.23224021101108644,2
IDN,1964,59.2,461.47874965682,-0.24332001530824787,1
IDN,1965,59.2,461.47874965682,-0.10134027274078278,2
IDN,1966,59.2,461.47874965682,-0.32299055394609194,1
IDN,1967,59.2,461.47874965682,-0.16556878303577832,1
IDN,1968,59.2,461.47874965682,-0.0061359431170732726,3
IDN,1969,59.2,461.47874965682,-0.3036977646036675,2
IDN,1970,59.2,461.47874965682,-0.36804453254979713,0
IDN,1971,59.2,461.47874965682,-0.18276750082637655,1
IDN,1972,59.2,461.47874965682,-0.1779671369698594,0
IDN,1973,59.2,461.47874965682,-0.20694465837101966,2
IDN,1974,59.2,461.47874965682,-0.21971401969539722,2
IDN,1975,59.2,461.47874965682,-0.04819852430187891,2
IDN,1976,59.2,461.47874965682,-0.054753285346642394,0
IDN,1977,59.2,461.47874965682,-0.0303282120963117,0
IDN,1978,59.2,461.47874965682,-0.07590611019080064,0
IDN,1979,59.2,461.47874965682,-0.24906212360844845,1
IDN,1980,59.2,461.47874965682,0.12376120079988431,0
IDN,1981,59.2,461.47874965682,-0.07468800637542568,0
IDN,1982,59.2,461.47874965682,-0.06021285131446739,0
IDN,1983,59.2,461.47874965682,0.11942261473450735,1
IDN,1984,59.2,461.47874965682,-0.09045113522950933,0
IDN,1985,59.2,461.47874965682,0.1475127515234335,1
IDN,1986,59.2,461.47874965682,0.048651037217167244,0
IDN,1987,59.2,461.47874965682,0.3683973825301993,2
IDN,1988,59.2,461.47874965682,-0.06593477504374501,1
IDN,1989,59.2,461.47874965682,0.21615509703683186,0
IDN,1990,59.2,461.47874965682,0.12269985518186548,1
IDN,1991,58.4,477.034665447769,0.33441622316578457,2
IDN,1992,57.5,489.759547327284,0.25496906951915593,0
IDN,1993,56.1,534.334769070592,0.1704586914238373,1
IDN,1994,53.4,524.021858215958,0.32783227121041036,1
IDN,1995,50.7,574.757187942779,0.12007952649471182,0
IDN,1996,49.3,587.218752078902,0.31274504728648256,2
IDN,1997,47.6,595.387791448216,0.35915076991832945,4
IDN,1998,48.9,567.577817932084,0.292691315320663,1
IDN,1999,45.8,587.052743287001,0.18811395255478092,3
IDN,2000,45.6,585.786495774263,0.26532470026563537,1
IDN,2001,44.3,591.12494475388,0.2688561474353965,4
IDN,2002,44.7,606.322305750967,0.39418117203272035,1
IDN,2003,43.0,597.275615070065,0.4286532878119065,1
IDN,2004,41.5,634.752388297531,0.5683277419325581,2
IDN,2005,41.6,637.329758271386,0.4273919350205122,2
IDN,2006,40.1,643.624656628862,0.39377178893272047,1
IDN,2007,40.0,628.600516176574,0.5106902502709715,1
IDN,2008,41.1,632.507070175417,0.3872118154407249,0
IDN,2009,38.2,674.894542379565,0.5795537762042693,2
IDN,2010,36.0,674.428442918075,0.4303250399505397,3
IDN,2011,32.4,670.381187274325,0.574934802696397,1
IDN,2012,30.1,685.571308766816,0.6310539471686165,3
IDN,2013,30.6,701.22584018312,0.5822637876361796,2
IDN,2014,29.3,710.040590892745,0.4735038401075624,1
IDN,2015,26.6,704.248178401597,0.6718824802802648,0
IDN,2016,27.8,724.416482652765,0.664721957747082,2
IDN,2017,25.2,761.410391560642,0.7749497240796203,3
IDN,2018,22.0,832.361861659109,0.6132356458451264,2
IDN,2019,19.8,850.737725717128,0.7757109266482648,1
IDN,2020,21.9,856.09619536168,0.7413201120354576,3
IDN,2021,20.2,902.233603991512,0.6881021096159319,1
IDN,2022,20.2,958.649355730549,0.7421874708506722,3
IDN,2023,20.2,982.414925134717,0.879036787107459,2
IDN,2024,20.2,982.414925134717,0.6212176367891207,3
IDN,2025,20.2,982.414925134717,0.8467116899647698,0
IND,1960,53.0,323.595830731166,-0.35933544826650443,0
IND,1961,53.0,323.595830731166,-0.22279733952636782,0
IND,1962,53.0,323.595830731166,-0.2487982449656447,1
IND,1963,53.0,323.595830731166,-0.4533888397854339,0
IND,1964,53.0,323.595830731166,-0.17625495881636777,0
IND,1965,53.0,323.595830731166,-0.2564883093761632,0
IND,1966,53.0,323.595830731166,-0.10434812398134588,0
IND,1967,53.0,323.595830731166,-0.11889751693322749,1
IND,1968,53.0,323.595830731166,-0.2655184947185856,0
IND,1969,53.0,323.595830731166,-0.3257757674374484,0
IND,1970,53.0,323.595830731166,-0.17007654022905405,2
IND,1971,53.0,323.595830731166,-0.3732599223444353,1
IND,1972,53.0,323.595830731166,-0.1726907535320596,0
IND,1973,53.0,323.595830731166,-0.16469980065876041,0
IND,1974,53.0,323.595830731166,-0.11150405962056964,0
IND,1975,53.0,323.595830731166,-0.15245278657768788,0
IND,1976,53.0,323.595830731166,-0.09346979090042058,2
IND,1977,53.0,323.595830731166,-0.10845511448557446,4
IND,1978,53.0,323.595830731166,-0.023184518541579824,0
IND,1979,53.0,323.595830731166,0.0016899611134592873,2
IND,1980,53.0,323.595830731166,0.04653757478860403,2
IND,1981,53.0,323.595830731166,-0.13038412897714916,1
IND,1982,53.0,323.595830731166,-0.060277909025818956,2
IND,1983,53.0,323.595830731166,-0.08203850565956292,2
IND,1984,53.0,323.595830731166,0.2289350838345492,1
IND,1985,53.0,323.595830731166,0.19591652226242545,0
IND,1986,53.0,323.595830731166,0.08272703262457129,0
IND,1987,53.0,323.595830731166,0.19723180427114156,0
IND,1988,53.0,323.595830731166,0.19834460669291035,2
IND,1989,53.0,323.595830731166,0.24980719107465432,4
IND,1990,53.0,323.595830731166,0.14071684675840698,1
IND,1991,52.0,331.222087309417,0.1416433232649902,1
IND,1992,51.5,336.206818642044,0.02493602471171258,2
IND,1993,51.5,339.038033254784,0.331050196369606,1
IND,1994,50.5,347.806182247067,0.31415328216294647,0
IND,1995,49.5,361.640673294246,0.12665696161377074,1
IND,1996,49.1,367.704650910734,0.4246379006124028,1
IND,1997,47.9,376.185592059812,0.42573346379624816,3
IND,1998,48.0,378.300390670302,0.1445168358346315,2
IND,1999,47.1,392.976731815711,0.3884975443829198,1
IND,2000,46.9,394.916803104241,0.4612147718818231,1
IND,2001,47.1,393.38088619861,0.27952707971356966,1
IND,2002,45.8,397.344252941148,0.31915585863264767,1
IND,2003,45.6,399.699897139001,0.412957163340057,2
IND,2004,44.9,415.47995649887,0.3453715169752947,2
IND,2005,44.2,425.369642526643,0.2970059769181563,0
IND,2006,43.2,441.785886693878,0.5224506651445191,1
IND,2007,41.5,461.201738250187,0.3811271366057293,1
IND,2008,39.4,481.553027437162,0.5264373888185058,4
IND,2009,37.4,509.446000134302,0.4622786605566288,2
IND,2010,36.2,531.86706609011,0.6028551392797715,1
IND,2011,35.0,546.675890208969,0.5198158719108376,2
IND,2012,34.8,572.133085479526,0.5326477010885652,3
IND,2013,34.9,577.254621645988,0.49632788333797834,4
IND,2014,33.9,610.165371779455,0.6717802099528939,1
IND,2015,33.4,622.339883988149,0.6223945632666725,2
IND,2016,33.0,627.273531026365,0.4727877287217681,3
IND,2017,32.5,648.014718317903,0.6700025579019622,2
IND,2018,32.9,668.303370218852,0.621205175595271,0
IND,2019,33.5,666.977347524506,0.587304593417755,1
IND,2020,36.1,632.239828540427,0.7674179023085717,3
IND,2021,34.9,676.814293488143,0.8418849982516525,1
IND,2022,34.9,727.902200094024,0.7051250137019633,3
IND,2023,34.9,763.197899394641,0.906942696227698,3
IND,2024,34.9,763.197899394641,0.9170085574546255,5
IND,2025,34.9,763.197899394641,0.9350849104703928,2
IRN,1960,1.2,1187.74506046275,-0.22696644816587633,2
IRN,1961,1.2,1187.74506046275,-0.36878819078824887,0
IRN,1962,1.2,1187.74506046275,-0.4839535906248956,1
IRN,1963,1.2,1187.74506046275,-0.2107182065743417,1
IRN,1964,1.2,1187.74506046275,-0.30951577543964276,1
IRN,1965,1.2,1187.74506046275,-0.16254646141496745,1
IRN,1966,1.2,1187.74506046275,-0.45192093996489735,0
IRN,1967,1.2,1187.74506046275,-0.14401653062467223,0
IRN,1968,1.2,1187.74506046275,-0.10762098054845998,0
IRN,1969,1.2,1187.74506046275,-0.3111352653687546,2
IRN,1970,1.2,1187.74506046275,-0.49921310630692667,0
IRN,1971,1.2,1187.74506046275,-0.19074725697520228,0
IRN,1972,1.2,1187.74506046275,-0.23341260932849112,1
IRN,1973,1.2,1187.74506046275,-0.058547535120899385,1
IRN,1974,1.2,1187.74506046275,-0.23250889682497602,0
IRN,1975,1.2,1187.74506046275,-0.03949511109806032,1
IRN,1976,1.2,1187.74506046275,-0.18489052676163814,1
IRN,1977,1.2,1187.74506046275,0.04941901160752071,0
IRN,1978,1.2,1187.74506046275,-0.09183925427522216,1
IRN,1979,1.2,1187.74506046275,0.049883274357897286,0
IRN,1980,1.2,1187.74506046275,-0.03517722885812388,1
IRN,1981,1.2,1187.74506046275,0.17601162177526017,3
IRN,1982,1.2,1187.74506046275,0.12723103305556827,1
IRN,1983,1.2,1187.74506046275,0.06437079092787736,0
IRN,1984,1.2,1187.74506046275,0.13121812768097155,0
IRN,1985,1.2,1187.74506046275,-0.1506270173922657,3
IRN,1986,1.2,1187.74506046275,0.2426265698638955,0
IRN,1987,1.2,1187.74506046275,0.19479726568179448,1
IRN,1988,1.2,1187.74506046275,0.16691915135464386,3
IRN,1989,1.2,1187.74506046275,0.16023549606181528,1
IRN,1990,1.2,1187.74506046275,0.18238621651698286,0
IRN,1991,1.2,1281.45328831159,0.315939305219352,1
IRN,1992,1.4,1322.50943975278,0.38380434604255553,1
IRN,1993,1.5,1418.82846840925,0.2617303880807499,3
IRN,1994,1.1,1572.39282151467,0.36537601966413585,0
IRN,1995,1.0,1627.53420707184,0.2796883165916947,2
IRN,1996,1.0,1553.03446677673,0.09143725782595291,0
IRN,1997,0.9,1716.87603038661,0.17770283582369695,2
IRN,1998,0.8,1724.62254985873,0.37113168373303346,3
IRN,1999,0.6,1928.76954619246,0.40568605056077933,3
IRN,2000,0.4,1852.32868023683,0.27229152453992767,1
IRN,2001,0.5,1978.89752444269,0.39121838961715255,2
IRN,2002,0.7,2030.52201096447,0.43270606551922236,2
IRN,2003,0.8,2075.2052424627,0.5447390715242985,3
IRN,2004,0.7,2215.26566937508,0.575386254650597,1
IRN,2005,1.4,2404.72248381983,0.27211192684352775,1
IRN,2006,1.4,2459.98518383154,0.6080605495372474,1
IRN,2007,1.3,2560.85802626139,0.4890847870633814,0
IRN,2008,0.7,2711.04099566854,0.5540378133257021,1
IRN,2009,0.8,2672.02281312134,0.6212950065904019,0
IRN,2010,0.9,2639.53621273079,0.6937797442811571,1
IRN,2011,0.9,2658.74959959687,0.5273631291967589,3
IRN,2012,0.9,2740.80449432044,0.4789769842894605,0
IRN,2013,1.0,2758.63469172941,0.6535881960092258,4
IRN,2014,0.9,2883.56133864636,0.6320845366677169,4
IRN,2015,0.9,2737.21795051014,0.7584099060347737,5
IRN,2016,1.0,2861.01308462065,0.6785683664562717,1
IRN,2017,1.0,3026.76271438293,0.7861111548737961,0
IRN,2018,1.0,2921.43583957478,0.5981028609015201,4
IRN,2019,1.0,3177.85679111808,0.6253624114883813,1
IRN,2020,0.9,3256.87632117151,0.7048523308532908,2
IRN,2021,0.9,3356.96967009824,0.7817958147212021,1
IRN,2022,0.9,3288.17306422824,0.6392337239898361,3
IRN,2023,0.9,3399.10476404644,0.8231214047424755,4
IRN,2024,0.9,3399.10476404644,0.9327869549800734,3
IRN,2025,0.9,3399.10476404644,0.9602421166841585,3
IRQ,1960,1.6,1140.06857395631,-0.3297430438736301,0
IRQ,1961,1.6,1140.06857395631,-0.37148453165897993,0
IRQ,1962,1.6,1140.06857395631,-0.3813536710051616,0
IRQ,1963,1.6,1140.06857395631,-0.21692083846512517,1
IRQ,1964,1.6,1140.06857395631,-0.26351746264725767,0
IRQ,1965,1.6,1140.06857395631,0.006482225298086675,2
IRQ,1966,1.6,1140.06857395631,-0.27877404315967214,1
IRQ,1967,1.6,1140.06857395631,-0.25340560810030227,1
IRQ,1968,1.6,1140.06857395631,-0.1913845147653248,2
IRQ,1969,1.6,1140.06857395631,-0.23711694178886705,0
IRQ,1970,1.6,1140.06857395631,-0.10672750513962544,0
IRQ,1971,1.6,1140.06857395631,-0.15705589745935455,0
IRQ,1972,1.6,1140.06857395631,-0.11837403946672892,2
IRQ,1973,1.6,1140.06857395631,-0.16696207782634356,0
IRQ,1974,1.6,1140.06857395631,-0.12817981865368688,0
IRQ,1975,1.6,1140.06857395631,-0.16720333355460767,3
IRQ,1976,1.6,1140.06857395631,-0.11361369422392158,2
IRQ,1977,1.6,1140.06857395631,-0.13089599727256052,1
IRQ,1978,1.6,1140.06857395631,-0.018780297993947235,1
IRQ,1979,1.6,1140.06857395631,0.10776233508530779,3
IRQ,1980,1.6,1140.06857395631,-0.08907447248193273,2
IRQ,1981,1.6,1140.06857395631,-0.19905795787468963,3
IRQ,1982,1.6,1140.06857395631,-0.00969156980146247,0
IRQ,1983,1.6,1140.06857395631,0.016281500121313554,0
IRQ,1984,1.6,1140.06857395631,0.23545074814733835,2
IRQ,1985,1.6,1140.06857395631,0.17987574549355254,1
IRQ,1986,1.6,1140.06857395631,0.09542418021791735,2
IRQ,1987,1.6,1140.06857395631,0.16860570648530734,3
IRQ,1988,1.6,1140.06857395631,0.027771645801929423,0
IRQ,1989,1.6,1140.06857395631,0.1464230147666049,1
IRQ,1990,1.6,1140.06857395631,0.1965480817313379,1
IRQ,1991,0.8,898.069023227648,0.37626327881286015,0
IRQ,1992,0.5,1295.43119076746,0.3517176602325758,3
IRQ,1993,0.4,1556.86859388652,0.1769562329230808,3
IRQ,1994,0.4,1688.17518004057,0.3660990994313725,4
IRQ,1995,0.4,1580.67937441499,0.11774153271991741,2
IRQ,1996,0.4,1476.75565525716,0.2524906393291094,1
IRQ,1997,0.4,1731.61875739311,0.43294409322294664,4
IRQ,1998,0.4,1273.20991639156,0.24996717948944908,2
IRQ,1999,0.4,959.845851088191,0.24604733785224558,4
IRQ,2000,0.4,1089.27326383404,0.45956612060190083,2
IRQ,2001,0.3,1181.99516468889,0.46069654647764247,0
IRQ,2002,0.3,1091.28719492902,0.3941345738274166,2
IRQ,2003,0.3,939.517629598492,0.48367264338274524,2
IRQ,2004,0.4,980.249444124443,0.3915294293677011,1
IRQ,2005,2.4,949.253481740859,0.48178122562037007,2
IRQ,2006,2.6,916.179043545813,0.49720356811160127,3
IRQ,2007,2.0,909.133658720632,0.4272724279866704,1
IRQ,2008,1.1,962.301839872785,0.5546666866437784,1
IRQ,2009,1.2,995.7798442565,0.5267754993536414,2
IRQ,2010,1.7,1064.17152061051,0.4030351238570149,1
IRQ,2011,1.1,1125.37331940921,0.7513926933966323,0
IRQ,2012,1.3,1190.03229059907,0.6476903718376171,3
IRQ,2013,1.5,1175.83271780348,0.5340238285465729,2
IRQ,2014,1.0,1082.71904877674,0.6438546160661183,1
IRQ,2015,0.8,998.349545341439,0.614995751121008,1
IRQ,2016,0.9,1076.45729137323,0.801567783079141,2
IRQ,2017,0.5,1185.88106304283,0.6435830733009664,3
IRQ,2018,0.5,1287.11356086079,0.7555456675825086,1
IRQ,2019,0.9,1319.49517610224,0.696925999004758,2
IRQ,2020,1.1,1142.9073605104,0.7091086189478962,2
IRQ,2021,1.1,1275.91306536574,0.656124624692672,3
IRQ,2022,1.1,1415.17378116176,0.7865107657177067,0
IRQ,2023,1.1,1506.04801552981,0.8653954906515904,3
IRQ,2024,1.1,1506.04801552981,0.8247724432482872,4
IRQ,2025,1.1,1506.04801552981,0.8012622076466573,1
ISR,1960,5.8,2460.48176754989,-0.4310856971734902,0
ISR,1961,5.8,2460.48176754989,-0.43757042006726815,2
ISR,1962,5.8,2460.48176754989,-0.38368582660574413,1
ISR,1963,5.8,2460.48176754989,-0.28157541836510325,0
ISR,1964,5.8,2460.48176754989,-0.29232675321917173,0
ISR,1965,5.8,2460.48176754989,-0.09791120677000131,0
ISR,1966,5.8,2460.48176754989,-0.2514487485829184,0
ISR,1967,5.8,2460.48176754989,-0.23202893190042934,1
ISR,1968,5.8,2460.48176754989,-0.1763324825518804,1
ISR,1969,5.8,2460.48176754989,-0.21053990973234804,1
ISR,1970,5.8,2460.48176754989,-0.31786115041955165,2
ISR,1971,5.8,2460.48176754989,-0.05817563165881888,1
ISR,1972,5.8,2460.48176754989,-0.06269232367024608,3
ISR,1973,5.8,2460.48176754989,-0.054064404014329964,0
ISR,1974,5.8,2460.48176754989,-0.16745788432367287,1
ISR,1975,5.8,2460.48176754989,-0.02364879809589536,2
ISR,1976,5.8,2460.48176754989,-0.07049531089252847,1
ISR,1977,5.8,2460.48176754989,-0.0014738712126230874,2
ISR,1978,5.8,2460.48176754989,-0.12284359629209118,0
ISR,1979,5.8,2460.48176754989,0.11729258985903908,1
ISR,1980,5.8,2460.48176754989,-0.003695400821637648,1
ISR,1981,5.8,2460.48176754989,-0.07973297764110578,2
ISR,1982,5.8,2460.48176754989,0.23964348961919654,0
ISR,1983,5.8,2460.48176754989,0.07882048512629419,2
ISR,1984,5.8,2460.48176754989,-0.046752769692470025,1
ISR,1985,5.8,2460.48176754989,0.11580903251462432,3
ISR,1986,5.8,2460.48176754989,0.01874718112427516,0
ISR,1987,5.8,2460.48176754989,0.052328634804055155,0
ISR,1988,5.8,2460.48176754989,0.19772830631042293,1
ISR,1989,5.8,2460.48176754989,0.26272692503000983,1
ISR,1990,5.8,2460.48176754989,0.2605845965725626,1
ISR,1991,6.0,2324.55598552647,0.1644564974934214,3
ISR,1992,6.2,2580.92968949329,0.22663541143841232,2
ISR,1993,5.9,2634.64593522424,0.03414624524898979,3
ISR,1994,5.7,2738.44186262608,0.15846914858335626,1
ISR,1995,5.4,2796.31041024382,0.2633964109183929,0
ISR,1996,5.4,2801.22764441017,0.1168669418246378,0
ISR,1997,5.7,2881.17071224801,0.12749357178829263,1
ISR,1998,6.1,2885.62324026661,0.21246141841235652,4
ISR,1999,5.9,2737.58342545966,0.19335589626726923,3
ISR,2000,6.0,2899.21092060716,0.5209637393318387,2
ISR,2001,6.3,2973.01751340231,0.2404413894465619,1
ISR,2002,6.5,2862.54444096904,0.141696867349427,1
ISR,2003,6.5,2949.36140375621,0.396469048315431,2
ISR,2004,6.7,2822.35591418715,0.5526013635275011,2
ISR,2005,7.0,2661.980099421,0.5142800340855396,1
ISR,2006,6.9,2883.01357713219,0.4787060160593764,3
ISR,2007,6.7,2899.35253797653,0.3651815615054292,4
ISR,2008,8.9,3130.72173959461,0.5398892353140576,2
ISR,2009,8.5,2874.86147474045,0.37444384830635424,2
ISR,2010,8.6,3043.56517574048,0.60038167292907,4
ISR,2011,9.1,2981.37242150116,0.5604761543461356,2
ISR,2012,2.9,2968.58833913788,0.5379609736932205,6
ISR,2013,3.3,2662.60942480489,0.5853715252267434,1
ISR,2014,3.7,2528.01855666417,0.613633483952189,2
ISR,2015,3.7,2607.84399987972,0.6616895281182467,0
ISR,2016,4.0,2569.21718310487,0.4258452527603408,1
ISR,2017,3.9,2481.51602271413,0.543727657163374,1
ISR,2018,3.8,2490.06554012289,0.7072291080667725,1
ISR,2019,4.5,2407.97500275888,0.6705443657496596,3
ISR,2020,5.6,2453.62703150387,0.6334322683057169,3
ISR,2021,6.2,2432.5509270456,0.7610726801935611,0
ISR,2022,6.2,2501.42064264807,0.7961286242414449,0
ISR,2023,6.2,2459.62529465788,0.7522389069932418,2
ISR,2024,6.2,2476.65013076128,0.8317853129579585,0
ISR,2025,6.2,2476.65013076128,0.8429882136850194,3
ITA,1960,3.8,2584.07898755354,-0.4116551829225179,0
ITA,1961,3.8,2584.07898755354,-0.2527588767056613,0
ITA,1962,3.8,2584.07898755354,-0.3807987189895271,0
ITA,1963,3.8,2584.07898755354,-0.2149505813098127,0
ITA,1964,3.8,2584.07898755354,-0.09899047854316415,0
ITA,1965,3.8,2584.07898755354,-0.42027395945815404,1
ITA,1966,3.8,2584.07898755354,-0.4266476476496137,1
ITA,1967,3.8,2584.07898755354,-0.27976637512113844,0
ITA,1968,3.8,2584.07898755354,-0.23198871829772483,0
ITA,1969,3.8,2584.07898755354,-0.13363336093920528,1
ITA,1970,3.8,2584.07898755354,-0.11765981555091243,0
ITA,1971,3.8,2584.07898755354,-0.0961903245988988,2
ITA,1972,3.8,2584.07898755354,0.05999765894391504,2
ITA,1973,3.8,2584.07898755354,-0.018310536256815793,0
ITA,1974,3.8,2584.07898755354,-0.08351832324411082,1
ITA,1975,3.8,2584.07898755354,-0.11755050823225267,0
ITA,1976,3.8,2584.07898755354,-0.13466442950836882,1
ITA,1977,3.8,2584.07898755354,0.030574093993742557,1
ITA,1978,3.8,2584.07898755354,-0.15536618211603945,0
ITA,1979,3.8,2584.07898755354,-0.01957215141024346,2
ITA,1980,3.8,2584.07898755354,0.042251177893812664,1
ITA,1981,3.8,2584.07898755354,0.10050745058169884,1
ITA,1982,3.8,2584.07898755354,0.05834622567591145,1
ITA,1983,3.8,2584.07898755354,-0.18817733005929443,1
ITA,1984,3.8,2584.07898755354,-0.05361140279370173,0
ITA,1985,3.8,2584.07898755354,0.08881907076099056,1
ITA,1986,3.8,2584.07898755354,0.1053923344071463,2
ITA,1987,3.8,2584.07898755354,0.1485448546218561,0
ITA,1988,3.8,2584.07898755354,0.20883594315430398,0
ITA,1989,3.8,2584.07898755354,0.31339323620548204,0
ITA,1990,3.8,2584.07898755354,0.19020040435364344,2
ITA,1991,4.7,2645.87384365211,0.15080707075055402,1
ITA,1992,4.8,2627.54011715057,0.23162183976359638,1
ITA,1993,4.8,2612.19400052933,0.16172163321873811,0
ITA,1994,5.2,2578.66204057136,0.29849275532334907,2
ITA,1995,4.5,2799.59479171327,0.23468171316453457,1
ITA,1996,4.8,2796.38058021046,0.32819210830807766,0
ITA,1997,4.8,2834.63680923621,0.3558542009792408,3
ITA,1998,4.8,2913.20022573948,0.32036076878070235,2
ITA,1999,5.0,2957.58654940452,0.2690183196863156,2
ITA,2000,5.1,3012.48356350836,0.1990778610490098,0
ITA,2001,5.4,3020.75373063924,0.22280930465471765,2
ITA,2002,5.6,3035.91851152815,0.4931224051768963,2
ITA,2003,6.2,3164.10814422149,0.32730076031089483,1
ITA,2004,5.9,3162.43494730256,0.27518035575957267,2
ITA,2005,6.7,3204.1351997897,0.3847247495625059,3
ITA,2006,7.5,3162.24131154867,0.3562398172221277,2
ITA,2007,8.7,3132.89653716264,0.5441626553790255,4
ITA,2008,10.8,3067.89962633863,0.5576999722804798,1
ITA,2009,12.5,2848.10100531328,0.5258753038459194,0
ITA,2010,12.8,2904.35856014464,0.6483268365306587,3
ITA,2011,11.9,2798.23628262725,0.4851813423679173,0
ITA,2012,14.4,2680.46208450702,0.5199135477676207,0
ITA,2013,16.3,2576.45615324387,0.5456440032653762,1
ITA,2014,17.1,2433.16257781775,0.6413650564153192,1
ITA,2015,16.6,2533.02354460955,0.6263008426297297,3
ITA,2016,16.1,2511.46353090755,0.7024770045890795,0
ITA,2017,16.4,2557.32535513975,0.7701879104643347,2
ITA,2018,17.1,2514.69811221783,0.45830080433801434,1
ITA,2019,17.3,2494.02659804115,0.6367626205152225,0
ITA,2020,18.7,2313.10006204514,0.7571829030136793,1
ITA,2021,17.5,2531.08698798735,0.8296631084224336,0
ITA,2022,17.5,2411.65172417311,0.7672423116093781,1
ITA,2023,17.5,2298.39093933589,0.7359471395291449,0
ITA,2024,17.5,2231.202099939,0.761887149216628,4
ITA,2025,17.5,2231.202099939,0.9213954017363899,0
JPN,1960,4.3,3538.39176035754,-0.24374534108620233,0
JPN,1961,4.3,3538.39176035754,-0.31932295675092076,0
JPN,1962,4.3,3538.39176035754,-0.19857016343209702,1
JPN,1963,4.3,3538.39176035754,-0.38980019963487283,0
JPN,1964,4.3,3538.39176035754,-0.4683756289995602,0
JPN,1965,4.3,3538.39176035754,-0.14732700634575208,1
JPN,1966,4.3,3538.39176035754,-0.2742998810867608,0
JPN,1967,4.3,3538.39176035754,-0.3892460232957913,0
JPN,1968,4.3,3538.39176035754,-0.08445052048293072,0
JPN,1969,4.3,3538.39176035754,-0.23768106746156173,1
JPN,1970,4.3,3538.39176035754,-0.0833326769377026,1
JPN,1971,4.3,3538.39176035754,-0.2330321018885445,1
JPN,1972,4.3,3538.39176035754,-0.0018348893045711245,0
JPN,1973,4.3,3538.39176035754,-0.12687403644676556,1
JPN,1974,4.3,3538.39176035754,-0.12520826500196477,2
JPN,1975,4.3,3538.39176035754,-0.0937961774192009,0
JPN,1976,4.3,3538.39176035754,-0.11043306238389589,2
JPN,1977,4.3,3538.39176035754,-0.044115683295777135,1
JPN,1978,4.3,3538.39176035754,-0.15248668425045678,0
JPN,1979,4.3,3538.39176035754,0.11586977203586209,1
JPN,1980,4.3,3538.39176035754,0.03988714911253849,0
JPN,1981,4.3,3538.39176035754,0.02096148740562853,0
JPN,1982,4.3,3538.39176035754,0.1364573278490296,0
JPN,1983,4.3,3538.39176035754,0.011792792571460223,0
JPN,1984,4.3,3538.39176035754,0.08659510494048417,0
JPN,1985,4.3,3538.39176035754,0.18013032525846867,2
JPN,1986,4.3,3538.39176035754,0.023081438006324687,1
JPN,1987,4.3,3538.39176035754,0.28753813589911004,3
JPN,1988,4.3,3538.39176035754,0.029056462025099122,0
JPN,1989,4.3,3538.39176035754,0.09438264664568172,1
JPN,1990,4.3,3538.39176035754,0.19956405829447998,2
JPN,1991,4.5,3560.89610232943,0.2570709083935091,2
JPN,1992,4.0,3626.46889746532,0.2057580576624378,1
JPN,1993,4.2,3636.46948341282,0.1465024922310858,3
JPN,1994,3.3,3823.87113500931,0.4389160360172977,4
JPN,1995,3.7,3915.67795216885,0.2592276768604913,3
JPN,1996,3.6,3990.47398761077,0.30218429112583156,3
JPN,1997,3.8,4022.0891472937,0.2996624564964845,0
JPN,1998,3.8,3938.28293836089,0.3415087192741092,1
JPN,1999,3.7,3994.22367709485,0.15653894314966144,0
JPN,2000,3.7,4067.03534426909,0.23466435217322154,1
JPN,2001,3.5,3990.10602386433,0.36659814495968657,1
JPN,2002,3.7,3992.91998129661,0.4835236122245573,3
JPN,2003,4.2,3956.90048891144,0.590103765296908,3
JPN,2004,4.3,4085.4919552124,0.5308524564252726,2
JPN,2005,4.0,4066.44200433533,0.485524500925138,0
JPN,2006,4.4,4064.36044717698,0.40871173525085375,3
JPN,2007,4.3,4020.80546615948,0.5193989712640539,2
JPN,2008,4.4,3867.13557310575,0.5668309781733083,1
JPN,2009,4.5,3709.02326188514,0.7465601099194401,5
JPN,2010,4.7,3900.21212768124,0.6061579067569363,2
JPN,2011,4.8,3620.18019068219,0.633602301492581,3
JPN,2012,4.7,3536.70253450885,0.7669246872623587,3
JPN,2013,5.0,3567.33780517627,0.3853214339241484,3
JPN,2014,5.6,3445.81632921551,0.42505441684223233,1
JPN,2015,6.2,3400.59271053608,0.4644223730277939,0
JPN,2016,6.4,3370.8877963853,0.7241308143692728,3
JPN,2017,6.9,3391.05041453219,0.619836977954785,2
JPN,2018,7.3,3343.05412833973,0.6212651902643916,2
JPN,2019,7.8,3261.62024942915,0.7048266028749911,3
JPN,2020,8.5,3046.85480668859,0.718654323725261,3
JPN,2021,8.8,3196.03970960845,0.7712083642475093,1
JPN,2022,8.8,3129.65861717499,0.9202039134040293,4
JPN,2023,8.8,3039.14126131753,0.6367546165032005,5
JPN,2024,8.8,3005.89902824379,0.8954448596506144,4
JPN,2025,8.8,3005.89902824379,0.9331028758178097,4
KAZ,1960,1.4,4281.89445289382,-0.447192134921316,0
KAZ,1961,1.4,4281.89445289382,-0.19171880432109462,0
KAZ,1962,1.4,4281.89445289382,-0.4063979519833713,1
KAZ,1963,1.4,4281.89445289382,-0.27076981183774673,0
KAZ,1964,1.4,4281.89445289382,-0.13446887391791812,2
KAZ,1965,1.4,4281.89445289382,-0.1361581134082244,1
KAZ,1966,1.4,4281.89445289382,-0.32879934628063706,0
KAZ,1967,1.4,4281.89445289382,-0.24996401776636698,1
KAZ,1968,1.4,4281.89445289382,-0.11267360114456978,2
KAZ,1969,1.4,4281.89445289382,-0.04362111300966834,0
KAZ,1970,1.4,4281.89445289382,-0.055796735341200804,2
KAZ,1971,1.4,4281.89445289382,-0.29762434918499214,1
KAZ,1972,1.4,4281.89445289382,-0.21226220026248832,2
KAZ,1973,1.4,4281.89445289382,-0.0128119098888628,1
KAZ,1974,1.4,4281.89445289382,0.021009158265659467,1
KAZ,1975,1.4,4281.89445289382,-0.06000992686644131,0
KAZ,1976,1.4,4281.89445289382,0.0643380215566771,0
KAZ,1977,1.4,4281.89445289382,-0.023810411211009883,1
KAZ,1978,1.4,4281.89445289382,-0.08251903176690673,2
KAZ,1979,1.4,4281.89445289382,0.13650798037962025,1
KAZ,1980,1.4,4281.89445289382,-0.2589841970758874,1
KAZ,1981,1.4,4281.89445289382,0.23761386906804052,3
KAZ,1982,1.4,4281.89445289382,0.0745481121571697,2
KAZ,1983,1.4,4281.89445289382,0.2762721416028355,2
KAZ,1984,1.4,4281.89445289382,0.12063827296498787,1
KAZ,1985,1.4,4281.89445289382,0.20915058728093916,0
KAZ,1986,1.4,4281.89445289382,0.19314416024828354,1
KAZ,1987,1.4,4281.89445289382,0.3341514303302659,3
KAZ,1988,1.4,4281.89445289382,0.20279744910814007,3
KAZ,1989,1.4,4281.89445289382,0.24159026445980436,1
KAZ,1990,1.4,4281.89445289382,0.1971732399317245,2
KAZ,1991,1.3,4337.69754409076,0.15924342955864232,0
KAZ,1992,1.2,4549.12129193902,0.2270619464066233,1
KAZ,1993,1.3,3799.01798234766,0.4061435716066746,2
KAZ,1994,1.8,3411.22039446455,0.21432761101832776,0
KAZ,1995,1.6,3122.78221073192,0.2447303777654906,1
KAZ,1996,1.6,2762.82237678729,0.17356698811234564,0
KAZ,1997,1.7,2461.86076122748,0.47858533182873414,2
KAZ,1998,1.5,2514.04329382024,0.30566956883659613,0
KAZ,1999,1.8,2324.27262615097,0.4107881095679323,2
KAZ,2000,2.5,2301.832950293,0.4050474639446547,0
KAZ,2001,2.4,2217.57862083109,0.4376677436341451,2
KAZ,2002,2.8,2538.1420196136,0.36105554739033974,1
KAZ,2003,2.3,2737.29872977182,0.4422558457131305,0
KAZ,2004,1.9,3204.58811216281,0.3903214242440577,3
KAZ,2005,2.1,3186.46182049893,0.5806735889507496,3
KAZ,2006,2.1,3763.63490829315,0.35210930228207005,3
KAZ,2007,1.8,4065.37338873297,0.4438450370331519,2
KAZ,2008,1.1,4253.35380920843,0.48293952768680337,0
KAZ,2009,1.3,3819.51468551316,0.4565136892962453,1
KAZ,2010,1.4,4105.7018942109,0.45002437761417524,1
KAZ,2011,1.4,4532.00308919896,0.35482881614644823,0
KAZ,2012,1.3,4270.24340373999,0.6185603083563451,2
KAZ,2013,1.2,4645.78037421422,0.6785231248045702,4
KAZ,2014,1.3,3698.18319229425,0.6277751212698236,5
KAZ,2015,1.7,3050.9438545054,0.5964348715715714,3
KAZ,2016,2.1,3389.09731833891,0.7871729278623116,2
KAZ,2017,2.0,3404.26707460291,0.642087854296332,3
KAZ,2018,1.9,3814.13873379292,0.5739073731783872,1
KAZ,2019,1.9,3753.15793323889,0.8438378104038189,0
KAZ,2020,1.8,3388.38789091494,0.671091326108419,8
KAZ,2021,2.0,3540.40029844449,0.6905857859105079,2
KAZ,2022,2.0,3506.54555005386,0.8269625697729475,1
KAZ,2023,2.0,3650.54759330848,0.8626759239719923,2
KAZ,2024,2.0,3650.54759330848,0.7844022230181547,0
KAZ,2025,2.0,3650.54759330848,0.8723918764743233,4
KEN,1960,76.5,472.558588767998,-0.21451487336978456,0
KEN,1961,76.5,472.558588767998,-0.35995627767338395,1
KEN,1962,76.5,472.558588767998,-0.3453289447762511,0
KEN,1963,76.5,472.558588767998,-0.46778363364321385,2
KEN,1964,76.5,472.558588767998,-0.34188614737279055,0
KEN,1965,76.5,472.558588767998,-0.4633819564681033,0
KEN,1966,76.5,472.558588767998,-0.06714378025336967,1
KEN,1967,76.5,472.558588767998,-0.38382066728975417,0
KEN,1968,76.5,472.558588767998,-0.23037613900487158,0
KEN,1969,76.5,472.558588767998,-0.14640150753115294,0
KEN,1970,76.5,472.558588767998,-0.14993314367718516,1
KEN,1971,76.5,472.558588767998,-0.14383293385149495,1
KEN,1972,76.5,472.558588767998,-0.0037151968004622005,1
KEN,1973,76.5,472.558588767998,-0.16456275528341407,2
KEN,1974,76.5,472.558588767998,-0.1840758036153124,0
KEN,1975,76.5,472.558588767998,0.1583690361450746,0
KEN,1976,76.5,472.558588767998,0.03771410443972684,0
KEN,1977,76.5,472.558588767998,-0.03527403785850825,0
KEN,1978,76.5,472.558588767998,-0.10470769681817549,0
KEN,1979,76.5,472.558588767998,0.11722061592362244,2
KEN,1980,76.5,472.558588767998,-0.1036780068253082,0
KEN,1981,76.5,472.558588767998,0.05250204776065513,1
KEN,1982,76.5,472.558588767998,0.07727274493618738,2
KEN,1983,76.5,472.558588767998,0.0726884050399189,1
KEN,1984,76.5,472.558588767998,0.20540152077668922,4
KEN,1985,76.5,472.558588767998,0.3699932334218349,0
KEN,1986,76.5,472.558588767998,0.16059939470869727,1
KEN,1987,76.5,472.558588767998,0.22508187905657662,2
KEN,1988,76.5,472.558588767998,0.07622036080236419,1
KEN,1989,76.5,472.558588767998,0.2800006064943137,2
KEN,1990,76.5,472.558588767998,0.3035924412476422,0
KEN,1991,77.8,465.13535378224,0.19443590525424032,0
KEN,1992,78.4,461.514800014424,0.19373191582434993,1
KEN,1993,79.1,457.162477874331,0.41789912807329715,1
KEN,1994,79.3,448.817790825803,0.19775193286889642,1
KEN,1995,78.2,457.701869210403,0.15978957724611467,0
KEN,1996,77.2,461.288541982308,0.15067414968120546,0
KEN,1997,78.1,453.644363435621,0.2672168444912813,2
KEN,1998,77.9,459.342548020959,0.3438884812236985,1
KEN,1999,77.7,456.367492363499,0.3420088105581466,3
KEN,2000,76.8,460.259557885245,0.4412552999216147,2
KEN,2001,78.3,452.428455522956,0.24148461378307484,2
KEN,2002,78.8,445.351766080328,0.5026615473802819,3
KEN,2003,81.6,435.103052843273,0.6413769489054915,1
KEN,2004,80.3,449.67502007767,0.654492339477492,1
KEN,2005,79.2,453.624918249435,0.49909682243107345,0
KEN,2006,77.6,459.858505198544,0.6109517511993847,3
KEN,2007,78.2,456.223752941816,0.4512340261785712,2
KEN,2008,78.2,456.15344235827,0.4995304220128752,2
KEN,2009,75.6,470.588388726011,0.6657374451151813,1
KEN,2010,74.0,469.595821222952,0.45971441573751165,2
KEN,2011,74.7,472.715162690229,0.6064159649300637,3
KEN,2012,76.2,462.749845582612,0.5446349482120708,1
KEN,2013,74.3,471.435474475568,0.5031786379122533,3
KEN,2014,71.8,497.485664126512,0.6582600440004871,1
KEN,2015,69.2,530.458901047223,0.5385701389588026,3
KEN,2016,68.3,533.407778503543,0.5835556883698477,4
KEN,2017,68.1,538.606903918261,0.6872351902128729,1
KEN,2018,68.7,546.495296692888,0.6803508716274819,1
KEN,2019,68.1,543.883187157453,0.7493220655728894,4
KEN,2020,69.0,534.753957479746,0.770639005673092,3
KEN,2021,67.7,539.778643234306,0.6203797060441294,6
KEN,2022,67.7,541.12804988998,0.6423159759626805,0
KEN,2023,67.7,544.940571966597,0.7677630613772871,0
KEN,2024,67.7,539.298427448329,0.679198094439252,3
KEN,2025,67.7,539.298427448329,0.7423195012213544,3
KOR,1960,1.6,2088.02162760717,-0.36993732942245183,1
KOR,1961,1.6,2088.02162760717,-0.3546457597684155,0
KOR,1962,1.6,2088.02162760717,-0.531959836729506,0
KOR,1963,1.6,2088.02162760717,-0.42536729245142646,0
KOR,1964,1.6,2088.02162760717,-0.167922215216521,0
KOR,1965,1.6,2088.02162760717,-0.13031018153194854,0
KOR,1966,1.6,2088.02162760717,-0.2996115265831182,0
KOR,1967,1.6,2088.02162760717,-0.2993723134430085,1
KOR,1968,1.6,2088.02162760717,-0.13795661727832526,0
KOR,1969,1.6,2088.02162760717,-0.05319419400167863,1
KOR,1970,1.6,2088.02162760717,-0.16856284566661847,1
KOR,1971,1.6,2088.02162760717,-0.20301595164126487,1
KOR,1972,1.6,2088.02162760717,-0.1884735214681891,1
KOR,1973,1.6,2088.02162760717,-0.34627000086716897,3
KOR,1974,1.6,2088.02162760717,-0.1702293160842705,1
KOR,1975,1.6,2088.02162760717,-0.1966423693999859,0
KOR,1976,1.6,2088.02162760717,-0.1742523305850705,0
KOR,1977,1.6,2088.02162760717,-0.062174706993444004,1
KOR,1978,1.6,2088.02162760717,-0.016540912235252257,0
KOR,1979,1.6,2088.02162760717,-0.13310311660649438,2
KOR,1980,1.6,2088.02162760717,0.12918078132667252,2
KOR,1981,1.6,2088.02162760717,-0.007864526398647407,0
KOR,1982,1.6,2088.02162760717,0.06674426948913233,1
KOR,1983,1.6,2088.02162760717,0.08711435096981307,0
KOR,1984,1.6,2088.02162760717,0.05535261260497662,2
KOR,1985,1.6,2088.02162760717,0.10340471707662034,1
KOR,1986,1.6,2088.02162760717,0.21057096278154974,0
KOR,1987,1.6,2088.02162760717,-0.0428352840936882,0
KOR,1988,1.6,2088.02162760717,0.16914479227266846,1
KOR,1989,1.6,2088.02162760717,0.07366415981966166,2
KOR,1990,1.6,2088.02162760717,0.32014398111501996,2
KOR,1991,1.0,2259.93752469834,0.3449390057489511,1
KOR,1992,0.8,2545.85498921945,0.14126355402076857,0
KOR,1993,0.7,2824.86789707394,0.28909056567025687,1
KOR,1994,0.4,2968.99819252669,0.26104620534255496,3
KOR,1995,0.4,3234.29761074072,0.3282797178453603,2
KOR,1996,0.6,3460.92201688076,0.28199791757812265,0
KOR,1997,0.7,3675.46830349413,0.5169156331370475,3
KOR,1998,0.9,3374.34870324412,0.3150263495546756,2
KOR,1999,0.8,3665.80037287776,0.5051464336637386,1
KOR,2000,0.7,3952.36285253717,0.5365211811245355,1
KOR,2001,0.7,3923.08094343002,0.31807422325107565,0
KOR,2002,0.7,4093.47640135718,0.4176665943105976,4
KOR,2003,0.8,4137.64649746404,0.541506726750668,3
KOR,2004,0.8,4255.20021526328,0.4442208236272571,1
KOR,2005,0.9,4324.50929706891,0.2054757432433075,1
KOR,2006,0.9,4337.55103463972,0.5027336603353375,4
KOR,2007,1.0,4487.98132629667,0.48953344315897485,1
KOR,2008,1.1,4512.96932152779,0.35234996615134084,2
KOR,2009,1.2,4557.69756825002,0.27990462013339573,1
KOR,2010,1.3,4920.34159542887,0.5146353294291007,2
KOR,2011,1.4,5114.96282558864,0.5031683982734165,2
KOR,2012,1.6,5122.94213308196,0.49881537891647637,4
KOR,2013,1.9,5108.23633855207,0.6278063396930074,2
KOR,2014,2.9,5136.98533019492,0.4783776709287866,2
KOR,2015,2.7,5239.00345362778,0.7097435277391462,1
KOR,2016,2.6,5390.84042635905,0.41624460765328763,2
KOR,2017,2.8,5467.82224967457,0.6210057220201229,4
KOR,2018,3.2,5531.77957372505,0.5807675371665628,1
KOR,2019,3.2,5334.67385872126,0.8196885864509484,2
KOR,2020,3.6,5195.91011087811,0.6343720793704076,1
KOR,2021,3.6,5513.62830573477,0.7432681617547264,1
KOR,2022,3.6,5411.97477731382,0.8051740277461836,5
KOR,2023,3.6,5336.92485966157,0.8549390025880006,1
KOR,2024,3.6,5438.79036783753,0.9044894709247937,2
KOR,2025,3.6,5438.79036783753,0.7465221050582286,6
MEX,1960,14.4,1502.65916196056,-0.2585534374252221,2
MEX,1961,14.4,1502.65916196056,-0.4734785797484721,1
MEX,1962,14.4,1502.65916196056,-0.3936611019531692,0
MEX,1963,14.4,1502.65916196056,-0.25828959380588423,1
MEX,1964,14.4,1502.65916196056,-0.16595819405981815,0
MEX,1965,14.4,1502.65916196056,-0.14914674977556244,0
MEX,1966,14.4,1502.65916196056,-0.17062728810598976,0
MEX,1967,14.4,1502.65916196056,-0.1959873102896343,0
MEX,1968,14.4,1502.65916196056,-0.14531740627022402,1
MEX,1969,14.4,1502.65916196056,-0.16780330191641776,2
MEX,1970,14.4,1502.65916196056,-0.10916832354075415,0
MEX,1971,14.4,1502.65916196056,-0.17676439155454457,1
MEX,1972,14.4,1502.65916196056,0.0876185078604578,1
MEX,1973,14.4,1502.65916196056,-0.188617462988526,0
MEX,1974,14.4,1502.65916196056,-0.05668688804789474,0
MEX,1975,14.4,1502.65916196056,-0.10148275320706789,0
MEX,1976,14.4,1502.65916196056,-0.13989142090307774,2
MEX,1977,14.4,1502.65916196056,0.005664902286234577,2
MEX,1978,14.4,1502.65916196056,-0.05813179712300559,2
MEX,1979,14.4,1502.65916196056,-0.10995189555860456,0
MEX,1980,14.4,1502.65916196056,-0.05208032886989949,1
MEX,1981,14.4,1502.65916196056,-0.04794898286441421,2
MEX,1982,14.4,1502.65916196056,0.11274697525276975,1
MEX,1983,14.4,1502.65916196056,0.13639273433017216,2
MEX,1984,14.4,1502.65916196056,0.07554770349919501,0
MEX,1985,14.4,1502.65916196056,0.1777305961704986,0
MEX,1986,14.4,1502.65916196056,0.051154437522845514,1
MEX,1987,14.4,1502.65916196056,0.0006253180470328912,2
MEX,1988,14.4,1502.65916196056,0.21123138495533367,3
MEX,1989,14.4,1502.65916196056,0.18769841809339666,0
MEX,1990,14.4,1502.65916196056,0.19602524372480756,5
MEX,1991,13.2,1547.4413301937,0.18721126219349202,1
MEX,1992,13.4,1532.05083523555,0.09207021420533987,2
MEX,1993,13.3,1529.66917943226,0.17476265420027529,1
MEX,1994,11.9,1536.71971480805,0.17202222757607283,3
MEX,1995,13.3,1461.03050354057,0.2587678263428839,2
MEX,1996,13.1,1467.31082127073,0.25421468019717713,2
MEX,1997,12.7,1518.26280329371,0.16200742079033165,0
MEX,1998,12.2,1536.12241939376,0.3265947788356855,2
MEX,1999,12.8,1555.69407717508,0.14873647623154193,2
MEX,2000,12.2,1541.32297457171,0.5438279962030687,0
MEX,2001,11.3,1563.12708165755,0.3189916437261792,2
MEX,2002,10.7,1556.55451556538,0.5926720908269592,1
MEX,2003,10.2,1644.23440955963,0.14763506545484467,1
MEX,2004,10.2,1651.99432971724,0.48614294502041167,3
MEX,2005,10.3,1718.63669370638,0.22514305104141896,1
MEX,2006,9.8,1723.71763802356,0.564946894296921,3
MEX,2007,9.5,1693.77880726541,0.4540803909695947,5
MEX,2008,9.8,1678.23287321257,0.6164654983106348,1
MEX,2009,9.2,1616.79369985205,0.46523145800440835,0
MEX,2010,9.4,1581.82622504404,0.49299233951768,5
MEX,2011,9.1,1632.53833582198,0.720042115815751,1
MEX,2012,9.0,1652.16322037583,0.4948654855384116,1
MEX,2013,9.2,1633.00512016612,0.7762065837650151,2
MEX,2014,9.8,1582.66666115179,0.6062167491250786,3
MEX,2015,9.2,1539.13826670827,0.7647336702412995,1
MEX,2016,9.2,1525.3837445098,0.5135722701900076,2
MEX,2017,10.1,1478.43896510686,0.6638408534513711,5
MEX,2018,10.3,1493.47882156246,0.7857191358267542,2
MEX,2019,10.3,1469.65350320528,0.8339574227562786,2
MEX,2020,12.3,1366.42722558757,0.6576779836106477,2
MEX,2021,13.0,1417.70559078908,0.5785924631833572,2
MEX,2022,13.0,1441.98382794786,0.871805235562718,3
MEX,2023,13.0,1467.10931902847,0.742678820410561,4
MEX,2024,13.0,1558.75790867013,0.6967012331518214,2
MEX,2025,13.0,1558.75790867013,0.6351929071426864,1
MYS,1960,8.3,1188.84060189268,-0.35040161880302195,0
MYS,1961,8.3,1188.84060189268,-0.43539056447966706,1
MYS,1962,8.3,1188.84060189268,-0.4315908459072296,1
MYS,1963,8.3,1188.84060189268,-0.3506264916727461,0
MYS,1964,8.3,1188.84060189268,-0.3941284516119078,2
MYS,1965,8.3,1188.84060189268,-0.36791589650040407,1
MYS,1966,8.3,1188.84060189268,-0.2156014847663281,0
MYS,1967,8.3,1188.84060189268,-0.3344613284027136,1
MYS,1968,8.3,1188.84060189268,-0.22944553619873825,0
MYS,1969,8.3,1188.84060189268,-0.3272268453887459,0
MYS,1970,8.3,1188.84060189268,-0.11427935547908653,0
MYS,1971,8.3,1188.84060189268,-0.20219930434363553,1
MYS,1972,8.3,1188.84060189268,-0.05703730289119034,0
MYS,1973,8.3,1188.84060189268,-0.23756568585649257,0
MYS,1974,8.3,1188.84060189268,-0.07615421518673282,1
MYS,1975,8.3,1188.84060189268,0.08936708621457842,1
MYS,1976,8.3,1188.84060189268,0.030325445156241415,0
MYS,1977,8.3,1188.84060189268,-0.09717044077486871,1
MYS,1978,8.3,1188.84060189268,0.06829337200835642,0
MYS,1979,8.3,1188.84060189268,-0.06442677545093108,1
MYS,1980,8.3,1188.84060189268,-0.09411343197150564,3
MYS,1981,8.3,1188.84060189268,0.05111648600163167,0
MYS,1982,8.3,1188.84060189268,0.21412456545172798,1
MYS,1983,8.3,1188.84060189268,0.03714959213631165,0
MYS,1984,8.3,1188.84060189268,0.32672259885976324,0
MYS,1985,8.3,1188.84060189268,0.016182826556560073,2
MYS,1986,8.3,1188.84060189268,0.1698395667635936,1
MYS,1987,8.3,1188.84060189268,0.0884885997983639,1
MYS,1988,8.3,1188.84060189268,0.21818434883403542,5
MYS,1989,8.3,1188.84060189268,0.2588780139301322,0
MYS,1990,8.3,1188.84060189268,0.02824543929356854,2
MYS,1991,7.6,1433.30606817767,0.14347043893785646,2
MYS,1992,6.9,1542.61687062497,0.21382790742229607,1
MYS,1993,6.7,1630.7489319844,0.24217196806779562,2
MYS,1994,6.8,1582.13890684174,0.28679966611235924,3
MYS,1995,6.1,1671.57361488883,0.3068371823524558,0
MYS,1996,4.9,1806.8714056465,0.10726095585527312,2
MYS,1997,4.2,2055.0627709161,0.1853845257308853,3
MYS,1998,4.5,1904.8817638131,0.19239225172677313,1
MYS,1999,4.9,1885.28043320853,0.2653501424774019,0
MYS,2000,4.4,2104.61130534021,0.1944954271462217,0
MYS,2001,4.2,2138.33457477966,0.4374766397082598,2
MYS,2002,3.5,2156.94723368447,0.5596038285179176,2
MYS,2003,3.3,2256.65106815589,0.4979372899135083,2
MYS,2004,3.2,2373.57770275285,0.3733323780450943,3
MYS,2005,3.0,2517.46451671722,0.6020612349713834,0
MYS,2006,3.1,2474.39161833063,0.4598381002497672,2
MYS,2007,2.8,2586.98987893226,0.4961529151529819,1
MYS,2008,3.0,2681.00003448113,0.6470222368080132,2
MYS,2009,2.3,2485.91667427986,0.4471845079877922,3
MYS,2010,2.0,2531.67710637413,0.4556165071409935,2
MYS,2011,2.2,2593.27310292824,0.5966683896909175,3
MYS,2012,2.5,2589.31990369775,0.8823899790360974,3
MYS,2013,2.8,2871.7567101939,0.7229841095332274,3
MYS,2014,3.0,2883.13550906147,0.8868514910220942,1
MYS,2015,3.4,2708.66289491905,0.6986130675851587,1
MYS,2016,4.4,2760.83197397162,0.7937212755205627,4
MYS,2017,5.2,2619.44252695383,0.593790359687354,4
MYS,2018,5.3,2841.11800656893,0.9070767640996908,2
MYS,2019,5.7,2879.89449600209,0.8009019571937103,1
MYS,2020,7.0,2719.43378264705,0.8370754081030436,2
MYS,2021,7.5,2781.735038205,0.7970057449144673,4
MYS,2022,7.5,3035.37257619634,0.7395368543504055,1
MYS,2023,7.5,3008.82419919301,0.8066425450737386,5
MYS,2024,7.5,3008.82419919301,0.827859525927793,3
MYS,2025,7.5,3008.82419919301,0.8383236141779977,3
NGA,1960,87.8,287.480711933649,-0.19068764677199704,1
NGA,1961,87.8,287.480711933649,-0.3077989433179244,0
NGA,1962,87.8,287.480711933649,-0.3176950216590254,0
NGA,1963,87.8,287.480711933649,-0.339761342651595,1
NGA,1964,87.8,287.480711933649,-0.272051557842204,0
NGA,1965,87.8,287.480711933649,-0.15366180917693856,0
NGA,1966,87.8,287.480711933649,-0.3203728696861794,0
NGA,1967,87.8,287.480711933649,-0.2663264460456311,2
NGA,1968,87.8,287.480711933649,-0.0872691139118566,0
NGA,1969,87.8,287.480711933649,-0.337312924972342,3
NGA,1970,87.8,287.480711933649,-0.4238921004413453,1
NGA,1971,87.8,287.480711933649,-0.2405017250272466,0
NGA,1972,87.8,287.480711933649,-0.16701748125320287,1
NGA,1973,87.8,287.480711933649,-0.003627906196862679,3
NGA,1974,87.8,287.480711933649,0.001434962031181597,1
NGA,1975,87.8,287.480711933649,-0.13515371120909783,0
NGA,1976,87.8,287.480711933649,-0.15162108231760274,1
NGA,1977,87.8,287.480711933649,0.12933224704370624,2
NGA,1978,87.8,287.480711933649,0.023491454692095508,0
NGA,1979,87.8,287.480711933649,-0.043483823763622656,1
NGA,1980,87.8,287.480711933649,-0.026446170099902216,4
NGA,1981,87.8,287.480711933649,0.08762940361627902,0
NGA,1982,87.8,287.480711933649,-0.030912204468060943,1
NGA,1983,87.8,287.480711933649,0.11374651880634937,2
NGA,1984,87.8,287.480711933649,0.037988056153793956,2
NGA,1985,87.8,287.480711933649,0.073698766834409,0
NGA,1986,87.8,287.480711933649,0.30770693052781506,2
NGA,1987,87.8,287.480711933649,0.2635573371757446,2
NGA,1988,87.8,287.480711933649,0.08787312314581104,1
NGA,1989,87.8,287.480711933649,0.04164440491241282,0
NGA,1990,87.8,287.480711933649,0.14241355759342242,1
NGA,1991,86.5,298.659159161854,0.18996520636155217,3
NGA,1992,84.5,307.486931417379,0.041721705413193866,2
NGA,1993,86.3,299.654362920468,0.29428331339823155,2
NGA,1994,88.6,263.019074663051,0.04590227451562434,1
NGA,1995,88.0,256.918214458953,0.2742565885956332,3
NGA,1996,87.1,268.073571237971,0.38260675066977357,0
NGA,1997,85.6,278.489226833014,0.36695577387941236,1
NGA,1998,87.2,269.365010804453,0.32738788685079384,2
NGA,1999,87.2,272.180386890724,0.5090297871197212,2
NGA,2000,86.0,274.074132064522,0.328214745958038,1
NGA,2001,84.5,283.010546626806,0.4100290816844608,2
NGA,2002,84.5,283.767136886797,0.42399127184185814,0
NGA,2003,82.9,296.852571416246,0.4443292368155958,2
NGA,2004,84.0,286.383177568012,0.3912352569859554,0
NGA,2005,83.9,305.406217610864,0.3479375900757458,4
NGA,2006,85.8,287.970022263625,0.5337732520195688,2
NGA,2007,87.1,281.735044345631,0.4930785665605334,1
NGA,2008,85.7,287.532726671296,0.5006978846434457,2
NGA,2009,88.1,260.777838499638,0.49912609238887096,1
NGA,2010,86.0,335.074608295017,0.49607569179768124,2
NGA,2011,84.1,376.552072943772,0.6591958705462375,3
NGA,2012,83.9,357.338084625584,0.6873474421103554,2
NGA,2013,81.4,351.718781805646,0.5675961898088756,1
NGA,2014,79.9,349.237811590683,0.7236695855827873,3
NGA,2015,81.3,320.318542380023,0.7845522144173307,4
NGA,2016,81.1,331.486140542982,0.5765833516004732,2
NGA,2017,81.6,316.730326522651,0.6647139409313982,4
NGA,2018,80.8,300.45746967174,0.7188724756290054,1
NGA,2019,80.1,331.04474710561,0.5886965453039086,2
NGA,2020,81.8,324.45517224141,0.5461602975916489,6
NGA,2021,80.3,334.476501487262,0.5757973249572717,1
NGA,2022,80.3,333.698006196423,0.7640808408221551,2
NGA,2023,80.3,319.900429211784,0.7646125423014025,3
NGA,2024,80.3,319.900429211784,0.7563796958150245,2
NGA,2025,80.3,319.900429211784,0.8373154089729875,3
NLD,1960,1.2,4488.69599340726,-0.24698122066848183,1
NLD,1961,1.2,4488.69599340726,-0.30353495444934797,3
NLD,1962,1.2,4488.69599340726,-0.4531262263594581,1
NLD,1963,1.2,4488.69599340726,-0.35927979970578694,2
NLD,1964,1.2,4488.69599340726,-0.0755637285218203,0
NLD,1965,1.2,4488.69599340726,-0.3182443027851256,3
NLD,1966,1.2,4488.69599340726,-0.33049840995972424,2
NLD,1967,1.2,4488.69599340726,-0.2752317550877913,0
NLD,1968,1.2,4488.69599340726,-0.2380147977245763,1
NLD,1969,1.2,4488.69599340726,-0.21802127742381833,3
NLD,1970,1.2,4488.69599340726,-0.31237028469394007,1
NLD,1971,1.2,4488.69599340726,-0.19578634626855257,0
NLD,1972,1.2,4488.69599340726,-0.28326061515344164,2
NLD,1973,1.2,4488.69599340726,-0.1980792612659622,1
NLD,1974,1.2,4488.69599340726,-0.11673622025084035,0
NLD,1975,1.2,4488.69599340726,0.12131622024046279,0
NLD,1976,1.2,4488.69599340726,-0.007908041505112845,1
NLD,1977,1.2,4488.69599340726,-0.15263433393465375,2
NLD,1978,1.2,4488.69599340726,-0.11205401374140583,2
NLD,1979,1.2,4488.69599340726,-0.14968959139558152,1
NLD,1980,1.2,4488.69599340726,-0.15683806052238677,0
NLD,1981,1.2,4488.69599340726,0.12510173755776005,0
NLD,1982,1.2,4488.69599340726,0.1095674917469841,2
NLD,1983,1.2,4488.69599340726,0.15659112636399125,2
NLD,1984,1.2,4488.69599340726,0.03552833978341809,4
NLD,1985,1.2,4488.69599340726,0.17934201422640772,4
NLD,1986,1.2,4488.69599340726,0.28156713126098554,0
NLD,1987,1.2,4488.69599340726,0.13917973352307778,2
NLD,1988,1.2,4488.69599340726,0.029228004284761702,2
NLD,1989,1.2,4488.69599340726,0.3266168860338877,1
NLD,1990,1.2,4488.69599340726,0.2087764418094683,1
NLD,1991,1.1,4620.66814618483,-0.010789603068910386,0
NLD,1992,1.2,4549.24415711085,0.2666589875203476,0
NLD,1993,1.2,4616.71602028756,0.17559390925687324,1
NLD,1994,1.2,4607.58662804011,0.41519498575239455,2
NLD,1995,1.2,4732.28641364731,0.35179675926148296,4
NLD,1996,1.3,4949.7817593583,0.31423917980863497,1
NLD,1997,1.5,4788.82912974708,0.25950652979250677,0
NLD,1998,1.6,4794.51173163397,0.4644650313555053,3
NLD,1999,1.6,4685.19177004479,0.35274004100786155,2
NLD,2000,1.7,4695.37009641521,0.4303382674931976,0
NLD,2001,1.8,4783.23806405221,0.36922186713706073,1
NLD,2002,1.9,4804.57738217673,0.2553774260899254,1
NLD,2003,1.9,4959.46581521204,0.2772767496451468,2
NLD,2004,2.2,4985.68017725458,0.34576285097988585,1
NLD,2005,2.7,4893.73296113648,0.3968326854149759,0
NLD,2006,3.1,4840.784340365,0.5777961139175026,1
NLD,2007,3.7,4812.3646510682,0.5019019738672155,1
NLD,2008,3.9,4755.09420293282,0.5149210794341179,1
NLD,2009,4.4,4665.86427744867,0.46451114488614986,1
NLD,2010,3.9,4978.86938849852,0.576413796616505,3
NLD,2011,4.7,4611.91453819796,0.5493235603954398,3
NLD,2012,4.9,4599.20591866701,0.586924578208461,0
NLD,2013,5.0,4488.60406405713,0.6108657297867589,2
NLD,2014,5.6,4215.35262065709,0.7015773395401103,3
NLD,2015,5.8,4298.59287050144,0.6166242086720809,2
NLD,2016,5.6,4352.44653138733,0.7922783071579067,2
NLD,2017,6.4,4365.20385335267,0.6697104836503222,7
NLD,2018,7.4,4251.16716726453,0.6102703838691593,2
NLD,2019,8.6,4129.40909477343,0.43718064470022494,6
NLD,2020,10.7,3975.37813564997,0.8443151318834492,1
NLD,2021,12.2,4057.79129205731,0.8165846540814097,2
NLD,2022,12.2,3570.12031994399,0.7927997462769185,2
NLD,2023,12.2,3418.13670132261,0.7303144260068333,1
NLD,2024,12.2,3415.76133096426,0.967120263697709,2
NLD,2025,12.2,3415.76133096426,0.7957621599027105,3
NOR,1960,59.2,4966.99576478242,-0.5419542910126971,1
NOR,1961,59.2,4966.99576478242,-0.0758567186453078,0
NOR,1962,59.2,4966.99576478242,-0.4921219397736347,0
NOR,1963,59.2,4966.99576478242,-0.46397882085086983,1
NOR,1964,59.2,4966.99576478242,-0.3156751360597473,2
NOR,1965,59.2,4966.99576478242,-0.3544529566971981,1
NOR,1966,59.2,4966.99576478242,-0.3777816024017422,0
NOR,1967,59.2,4966.99576478242,-0.279952633732391,0
NOR,1968,59.2,4966.99576478242,-0.21596995763083965,1
NOR,1969,59.2,4966.99576478242,-0.2245939370870374,0
NOR,1970,59.2,4966.99576478242,-0.19559126394663995,2
NOR,1971,59.2,4966.99576478242,-0.09282905028814073,1
NOR,1972,59.2,4966.99576478242,-0.026181039301246656,0
NOR,1973,59.2,4966.99576478242,-0.051937944668327615,0
NOR,1974,59.2,4966.99576478242,-0.23647575204562218,0
NOR,1975,59.2,4966.99576478242,0.022303176630443317,0
NOR,1976,59.2,4966.99576478242,0.06662227243408782,0
NOR,1977,59.2,4966.99576478242,-0.0243804337282833,1
NOR,1978,59.2,4966.99576478242,-0.07451103408059118,2
NOR,1979,59.2,4966.99576478242,-0.023792964589662294,2
NOR,1980,59.2,4966.99576478242,0.056559661578025534,2
NOR,1981,59.2,4966.99576478242,0.22972988755056803,1
NOR,1982,59.2,4966.99576478242,-0.02588464997177959,1
NOR,1983,59.2,4966.99576478242,0.1832293969284863,1
NOR,1984,59.2,4966.99576478242,-0.003994317329275257,1
NOR,1985,59.2,4966.99576478242,0.14653300462734656,0
NOR,1986,59.2,4966.99576478242,0.1838500950781842,0
NOR,1987,59.2,4966.99576478242,0.09270646630483587,1
NOR,1988,59.2,4966.99576478242,0.16853436072367242,0
NOR,1989,59.2,4966.99576478242,0.23583015629276077,1
NOR,1990,59.2,4966.99576478242,0.148225075092811,0
NOR,1991,60.8,5105.03280053314,0.24215984726606815,1
NOR,1992,61.4,5159.59171943113,0.2366229974911879,3
NOR,1993,61.1,5460.5481615252,0.0803694283128058,1
NOR,1994,60.4,5315.22229443427,0.16811367453900739,1
NOR,1995,60.0,5391.36648885496,0.029581837946604017,2
NOR,1996,57.9,5201.94925297777,0.05955518362577561,0
NOR,1997,58.8,5475.16675140309,0.22540954037483302,0
NOR,1998,59.5,5684.74560231404,0.25612140693137464,3
NOR,1999,59.4,5913.28022163827,0.46052796861182965,1
NOR,2000,60.2,5826.12232323722,0.47385364407074126,2
NOR,2001,59.6,5954.81911743802,0.4070730970355577,2
NOR,2002,59.5,5502.08929908871,0.44238576204255164,0
NOR,2003,56.2,5934.59079848361,0.4162112513672411,0
NOR,2004,56.9,6231.94030988748,0.26039058519062896,2
NOR,2005,58.6,6319.92545895993,0.39742552404621934,1
NOR,2006,57.0,6319.15452788829,0.5351586598104883,2
NOR,2007,57.4,5864.30044405949,0.7160728961032754,1
NOR,2008,58.5,6412.35151011432,0.446207140633231,2
NOR,2009,56.7,6200.50244551882,0.7965052969219779,4
NOR,2010,56.0,6455.3166845378,0.3392760605265548,0
NOR,2011,56.0,5501.9559356258,0.5474079909213939,0
NOR,2012,56.9,5805.46758867551,0.639198458143071,2
NOR,2013,56.6,6047.18057523381,0.5650439911476335,3
NOR,2014,55.8,5525.57603893844,0.5311907526560637,2
NOR,2015,56.5,4930.48137593923,0.5625910558616777,2
NOR,2016,57.7,5368.57647170474,0.48874118735737637,2
NOR,2017,58.9,5673.5093152418,0.5846587977083114,0
NOR,2018,58.9,5539.19011908654,0.7038811052189845,2
NOR,2019,59.8,5220.68866140147,0.7389316129163404,1
NOR,2020,60.9,5145.72221927617,0.8177687913688114,4
NOR,2021,61.4,5298.87662808584,0.6204859381492143,2
NOR,2022,61.4,4651.48670758657,0.8908856022451624,1
NOR,2023,61.4,4884.6175244586,0.6706557043522713,2
NOR,2024,61.4,4775.00280327143,0.6752299876281675,3
NOR,2025,61.4,4775.00280327143,0.7729605385800352,3
NZL,1960,28.0,3894.97849090062,-0.25271618544063273,1
NZL,1961,28.0,3894.97849090062,-0.5610098783727548,0
NZL,1962,28.0,3894.97849090062,-0.48026061663205566,1
NZL,1963,28.0,3894.97849090062,-0.3620030378170496,0
NZL,1964,28.0,3894.97849090062,-0.2222386455398802,1
NZL,1965,28.0,3894.97849090062,-0.3036802258160911,1
NZL,1966,28.0,3894.97849090062,-0.3469710667635661,0
NZL,1967,28.0,3894.97849090062,-0.1791793075276375,2
NZL,1968,28.0,3894.97849090062,-0.23670247641389108,3
NZL,1969,28.0,3894.97849090062,-0.29071338102324823,0
NZL,1970,28.0,3894.97849090062,-0.2050046577672346,1
NZL,1971,28.0,3894.97849090062,-0.16933684531470428,3
NZL,1972,28.0,3894.97849090062,0.02238180900472342,1
NZL,1973,28.0,3894.97849090062,-0.17580318454041435,1
NZL,1974,28.0,3894.97849090062,-0.12512165229951935,3
NZL,1975,28.0,3894.97849090062,-0.0325181993127477,2
NZL,1976,28.0,3894.97849090062,-0.13072320826097836,0
NZL,1977,28.0,3894.97849090062,-0.020342492463711816,1
NZL,1978,28.0,3894.97849090062,0.05988018350368416,3
NZL,1979,28.0,3894.97849090062,0.04153036153273801,0
NZL,1980,28.0,3894.97849090062,0.02301637704081234,1
NZL,1981,28.0,3894.97849090062,0.1256884843723048,0
NZL,1982,28.0,3894.97849090062,0.0452402354823956,2
NZL,1983,28.0,3894.97849090062,0.13067271603916203,0
NZL,1984,28.0,3894.97849090062,0.16152375910652111,1
NZL,1985,28.0,3894.97849090062,-0.02987449081151887,2
NZL,1986,28.0,3894.97849090062,0.05327762343205086,3
NZL,1987,28.0,3894.97849090062,0.17266064558247943,2
NZL,1988,28.0,3894.97849090062,0.1902503123923534,2
NZL,1989,28.0,3894.97849090062,0.3043366625152576,0
NZL,1990,28.0,3894.97849090062,-0.0851050602500324,2
NZL,1991,27.6,3799.72789540517,0.19098703859011076,0
NZL,1992,25.6,3845.05576712532,0.21762675864893063,2
NZL,1993,27.3,4008.71565940675,0.1544889660435224,2
NZL,1994,28.2,4093.40299715978,0.45285649790669724,0
NZL,1995,28.7,4091.52500895612,0.10972755908740656,0
NZL,1996,27.6,4173.39684739807,0.2571147894559173,1
NZL,1997,25.9,4305.04363779536,0.2303861530815553,1
NZL,1998,27.3,4204.70201485772,0.2624041869019444,3
NZL,1999,26.4,4330.2348149308,0.2959447156353858,0
NZL,2000,26.4,4467.21138613373,0.5101404322674999,1
NZL,2001,24.6,4399.14687852578,0.35124731758903055,1
NZL,2002,26.6,4326.22295420317,0.403676873704526,2
NZL,2003,25.9,4180.76991429149,0.4862776224107498,1
NZL,2004,28.2,4224.87567596318,0.30749928866956644,0
NZL,2005,26.8,4074.1485914825,0.42997591776520805,3
NZL,2006,27.0,4034.75821834113,0.30044634089804045,1
NZL,2007,27.0,4057.16268229104,0.5789008481896057,0
NZL,2008,26.1,4100.75606551399,0.6809462320559521,1
NZL,2009,28.5,4073.03697683547,0.45769589445592157,0
NZL,2010,29.4,4147.30616096111,0.6037738866003082,3
NZL,2011,30.3,4108.26383266428,0.5515956865812337,1
NZL,2012,28.8,4280.5653723436,0.5025963464055411,1
NZL,2013,28.3,4298.71533674262,0.6441643134007482,3
NZL,2014,29.0,4476.80712476497,0.890714955875979,2
NZL,2015,29.3,4422.74264118048,0.5931700344812347,3
NZL,2016,30.1,4265.93839527509,0.7605116213962018,1
NZL,2017,28.4,4200.71262692085,0.6148291043760619,2
NZL,2018,28.9,4109.2206852685,0.7814261693430273,2
NZL,2019,28.0,4170.80496267642,0.776810987285771,4
NZL,2020,28.7,3862.58510163497,0.8522891462943757,1
NZL,2021,28.9,3907.64776650523,0.8017557385638148,3
NZL,2022,28.9,3764.50781429311,0.6886696821968887,2
NZL,2023,28.9,3660.60273680658,0.9438127850659296,2
NZL,2024,28.9,3557.46740633951,0.8129596652119154,0
NZL,2025,28.9,3557.46740633951,0.738122694002946,1
PAK,1960,57.5,370.756577158868,-0.3856622916330795,1
PAK,1961,57.5,370.756577158868,-0.34304619780926904,0
PAK,1962,57.5,370.756577158868,-0.409104374451902,0
PAK,1963,57.5,370.756577158868,-0.16760117937302177,0
PAK,1964,57.5,370.756577158868,-0.2110787616635164,2
PAK,1965,57.5,370.756577158868,-0.31324427661552523,1
PAK,1966,57.5,370.756577158868,-0.24073734041205527,0
PAK,1967,57.5,370.756577158868,-0.23188031640959283,0
PAK,1968,57.5,370.756577158868,-0.22055507688170528,1
PAK,1969,57.5,370.756577158868,-0.08248500046115778,0
PAK,1970,57.5,370.756577158868,-0.18786765870450442,1
PAK,1971,57.5,370.756577158868,-0.036997571432505455,0
PAK,1972,57.5,370.756577158868,-0.026816822178594213,1
PAK,1973,57.5,370.756577158868,-0.11123978041368175,1
PAK,1974,57.5,370.756577158868,-0.24497110053950444,4
PAK,1975,57.5,370.756577158868,-0.15998725963258947,0
PAK,1976,57.5,370.756577158868,0.051842789565069256,0
PAK,1977,57.5,370.756577158868,-0.08630626386988235,1
PAK,1978,57.5,370.756577158868,-0.03870683769435488,0
PAK,1979,57.5,370.756577158868,-0.16794135591034268,1
PAK,1980,57.5,370.756577158868,0.1982381819973029,2
PAK,1981,57.5,370.756577158868,0.049274190719911584,1
PAK,1982,57.5,370.756577158868,0.088169640787875,0
PAK,1983,57.5,370.756577158868,-0.06928485156921832,1
PAK,1984,57.5,370.756577158868,0.05983129732855945,1
PAK,1985,57.5,370.756577158868,0.05341439966341647,3
PAK,1986,57.5,370.756577158868,0.057369071176986926,2
PAK,1987,57.5,370.756577158868,0.1471275767342984,2
PAK,1988,57.5,370.756577158868,0.12917387960653648,2
PAK,1989,57.5,370.756577158868,-0.017267596089398568,2
PAK,1990,57.5,370.756577158868,0.09283624554722437,0
PAK,1991,58.1,367.121771650235,0.24426346180948838,1
PAK,1992,56.0,379.579213707596,-0.019387792195323522,2
PAK,1993,54.1,387.504827835984,0.3882666224440017,1
PAK,1994,54.2,392.525740918468,0.22899457278914487,2
PAK,1995,53.1,397.682408796608,0.312436377067033,0
PAK,1996,52.2,403.99573108234,0.45908306215086947,0
PAK,1997,51.9,402.965782669408,0.29022191656839785,2
PAK,1998,51.6,399.272943328572,0.38688202690606044,0
PAK,1999,50.2,410.681455271548,0.30863488773691733,2
PAK,2000,51.0,411.549930374513,0.4748608100040987,3
PAK,2001,51.5,407.99646563704,0.29056738176866126,2
PAK,2002,51.4,404.334238651861,0.3343772662211987,1
PAK,2003,50.1,412.836751547714,0.4842159862560014,0
PAK,2004,47.9,431.672759795812,0.3959725148754186,2
PAK,2005,48.0,436.061866708612,0.22981808364825834,1
PAK,2006,47.0,443.903367754097,0.39813220972834495,0
PAK,2007,44.9,457.205362427423,0.6278386091581614,1
PAK,2008,46.6,437.835189001934,0.4362650029372699,2
PAK,2009,46.4,433.272314472197,0.5733744655629287,3
PAK,2010,47.4,429.327792495327,0.45289657501183267,0
PAK,2011,46.8,422.842537376111,0.5826854795370825,1
PAK,2012,47.2,419.546153206932,0.6594980878371846,3
PAK,2013,48.1,421.580013785875,0.650181863062621,2
PAK,2014,47.2,433.449973838963,0.5617295062546024,0
PAK,2015,45.9,437.198223010365,0.7221764367242961,5
PAK,2016,43.7,446.915365965869,0.6839362789876915,2
PAK,2017,42.1,456.107326373589,0.7071926996753721,3
PAK,2018,43.4,453.603126548778,0.7061046288062347,3
PAK,2019,45.9,431.604754942186,0.7985029402612672,2
PAK,2020,42.7,454.338436216576,0.7736717081516787,1
PAK,2021,41.6,465.115862856144,0.5649517504574803,1
PAK,2022,41.6,418.447652844549,0.6014721294207106,4
PAK,2023,41.6,414.952130205765,0.885722119347523,5
PAK,2024,41.6,414.952130205765,0.7755338519226548,2
PAK,2025,41.6,414.952130205765,0.59556866836568,2
PER,1960,39.4,442.190103300007,-0.5778384329299576,1
PER,1961,39.4,442.190103300007,-0.24533001754408268,0
PER,1962,39.4,442.190103300007,-0.17899291560921338,1
PER,1963,39.4,442.190103300007,-0.40436472842501014,0
PER,1964,39.4,442.190103300007,-0.19909229123953437,0
PER,1965,39.4,442.190103300007,-0.22647289676486473,0
PER,1966,39.4,442.190103300007,-0.15489785377428553,1
PER,1967,39.4,442.190103300007,-0.25133878394538434,0
PER,1968,39.4,442.190103300007,-0.276029927913367,0
PER,1969,39.4,442.190103300007,-0.19155431866745343,1
PER,1970,39.4,442.190103300007,-0.1723656506687309,0
PER,1971,39.4,442.190103300007,-0.2174789412797215,0
PER,1972,39.4,442.190103300007,-0.11905781255757203,0
PER,1973,39.4,442.190103300007,-0.2062180396062836,2
PER,1974,39.4,442.190103300007,-0.13338325980148852,0
PER,1975,39.4,442.190103300007,0.013360734912282915,2
PER,1976,39.4,442.190103300007,-0.09105459283028948,0
PER,1977,39.4,442.190103300007,-0.11272368842033778,1
PER,1978,39.4,442.190103300007,0.09537832205131888,0
PER,1979,39.4,442.190103300007,-0.08190436082976764,3
PER,1980,39.4,442.190103300007,-0.15820434821118068,0
PER,1981,39.4,442.190103300007,0.0975346880867612,1
PER,1982,39.4,442.190103300007,0.05072678979624688,2
PER,1983,39.4,442.190103300007,-0.10621576392502169,3
PER,1984,39.4,442.190103300007,0.14359076671787965,3
PER,1985,39.4,442.190103300007,-0.03779925720661781,0
PER,1986,39.4,442.190103300007,0.13830470145356613,1
PER,1987,39.4,442.190103300007,-0.011226934890675805,0
PER,1988,39.4,442.190103300007,0.2710274874251707,1
PER,1989,39.4,442.190103300007,0.25927534744209935,3
PER,1990,39.4,442.190103300007,0.25225805888645225,4
PER,1991,39.9,424.716318291528,0.18635696505386867,2
PER,1992,37.3,404.725692410994,0.2818619315001255,0
PER,1993,37.1,423.43055009833,0.33043226304917195,1
PER,1994,35.9,430.040755246651,0.3475087141826873,1
PER,1995,33.3,450.596166882078,0.3461637397932531,1
PER,1996,31.7,455.442514177719,0.26593953254378905,1
PER,1997,31.7,432.783525835008,0.375571680439202,3
PER,1998,39.4,495.125029470165,0.2511083957570395,2
PER,1999,36.7,512.507313541697,0.3292610858501989,1
PER,2000,38.6,506.014210706954,0.24018836400426352,2
PER,2001,41.2,483.108294248133,0.4016582194273416,3
PER,2002,40.2,478.098496757568,0.24097654461871781,1
PER,2003,40.9,464.596377330113,0.4036222784798407,1
PER,2004,37.8,499.923038960814,0.43096627390738884,2
PER,2005,38.4,525.150774936013,0.4034086094220729,1
PER,2006,38.7,503.267677520574,0.4004499541339476,2
PER,2007,36.0,531.689082123698,0.41818522731440466,2
PER,2008,33.7,581.639950576616,0.5536619935421924,0
PER,2009,32.9,583.179748347996,0.431877253680469,3
PER,2010,32.2,603.514556773827,0.6601345211581603,3
PER,2011,30.6,688.136449869059,0.5293334728060282,3
PER,2012,30.8,732.071792113932,0.38595539385201905,2
PER,2013,28.4,698.171569630996,0.7533749733319702,0
PER,2014,28.6,728.772878760832,0.516351866535989,3
PER,2015,27.4,743.166479123214,0.56382271357439,0
PER,2016,27.2,764.235827890262,0.7430114905946476,1
PER,2017,27.6,762.24633988882,0.6503169959804348,3
PER,2018,27.9,784.027983193931,0.5317844532137799,5
PER,2019,27.1,798.59712052539,0.7325894775532912,1
PER,2020,31.6,678.51171228291,0.8716085833792917,2
PER,2021,30.6,775.289508844919,0.6819381281360842,2
PER,2022,30.6,826.458777086818,0.84769997159577,4
PER,2023,30.6,823.371374235583,0.5612434206082785,5
PER,2024,30.6,823.371374235583,0.9191038123432336,3
PER,2025,30.6,823.371374235583,0.9595379680717117,1
PHL,1960,49.5,427.117860028084,-0.5295187791576176,0
PHL,1961,49.5,427.117860028084,-0.42608045271390826,0
PHL,1962,49.5,427.117860028084,-0.17456314196636882,0
PHL,1963,49.5,427.117860028084,-0.26286357350405853,0
PHL,1964,49.5,427.117860028084,-0.09624292803067933,0
PHL,1965,49.5,427.117860028084,-0.2761511636928264,1
PHL,1966,49.5,427.117860028084,-0.16926021710528877,0
PHL,1967,49.5,427.117860028084,-0.33300430572702977,1
PHL,1968,49.5,427.117860028084,-0.2333328358639744,1
PHL,1969,49.5,427.117860028084,-0.23895736248738392,0
PHL,1970,49.5,427.117860028084,-0.157876092625029,0
PHL,1971,49.5,427.117860028084,-0.13833881614927415,0
PHL,1972,49.5,427.117860028084,-0.24616303733974726,2
PHL,1973,49.5,427.117860028084,0.014298770646047204,2
PHL,1974,49.5,427.117860028084,-0.12803757520180406,1
PHL,1975,49.5,427.117860028084,-0.02171570915186663,2
PHL,1976,49.5,427.117860028084,0.034982898887783304,1
PHL,1977,49.5,427.117860028084,0.008110491584205605,2
PHL,1978,49.5,427.117860028084,0.07969789056200854,1
PHL,1979,49.5,427.117860028084,-0.11180170080473263,0
PHL,1980,49.5,427.117860028084,0.038068818483570674,0
PHL,1981,49.5,427.117860028084,0.04095303775255846,1
PHL,1982,49.5,427.117860028084,-0.13114911383088956,2
PHL,1983,49.5,427.117860028084,0.09286218095874038,0
PHL,1984,49.5,427.117860028084,-0.006579471218270946,1
PHL,1985,49.5,427.117860028084,0.17565351572994117,1
PHL,1986,49.5,427.117860028084,0.07621876619224319,0
PHL,1987,49.5,427.117860028084,0.054361677542136985,0
PHL,1988,49.5,427.117860028084,0.21125069430347865,2
PHL,1989,49.5,427.117860028084,0.15082453116400887,3
PHL,1990,49.5,427.117860028084,0.1689298671901022,2
PHL,1991,51.3,432.402813931724,0.21254480330509792,2
PHL,1992,47.7,445.123985563461,0.3731099246428411,1
PHL,1993,44.1,415.058925173639,0.18644565097714538,1
PHL,1994,43.1,446.192042340061,0.11958035268070452,1
PHL,1995,37.8,459.521976498717,0.13272238085966767,1
PHL,1996,35.8,463.395880336417,0.310744437168182,2
PHL,1997,33.4,478.61145040091,0.25042111788320515,0
PHL,1998,32.8,482.976812080329,0.40782841978946316,1
PHL,1999,33.6,483.923600710289,0.2719053886414371,1
PHL,2000,33.9,487.402779547692,0.36234818248457906,2
PHL,2001,32.9,454.323831320083,0.3003234350888279,0
PHL,2002,31.8,451.284468681461,0.35896232840162423,2
PHL,2003,30.9,442.568789118581,0.38024558186001345,1
PHL,2004,30.2,430.07575264053,0.5566428407778883,1
PHL,2005,31.3,434.471174614398,0.5296746067148181,2
PHL,2006,33.3,423.357079718941,0.4844009263415622,0
PHL,2007,32.4,425.625806041344,0.4701702229233841,4
PHL,2008,33.9,439.082917578862,0.3917008726937463,2
PHL,2009,34.1,420.718047255526,0.44696389583570434,2
PHL,2010,32.7,431.461435820742,0.4370619799773986,1
PHL,2011,33.8,428.330759054984,0.523818246827776,5
PHL,2012,34.1,437.467121529591,0.404735401808756,1
PHL,2013,33.1,443.270655295728,0.4269721066442169,1
PHL,2014,32.4,465.627497665949,0.5735369757275256,3
PHL,2015,30.8,499.072363832856,0.562096676984688,5
PHL,2016,28.6,520.982417182237,0.47443049182474667,3
PHL,2017,27.8,544.477187986696,0.5964049996761156,4
PHL,2018,27.6,554.501992818921,0.8507675994946705,5
PHL,2019,26.9,551.879483141713,0.6218638084783144,2
PHL,2020,29.1,518.170627326086,0.76811454826055,3
PHL,2021,28.0,531.045421495391,0.699444316643625,2
PHL,2022,28.0,551.042784448026,0.7265251446491283,2
PHL,2023,28.0,580.1360554135,0.8174814144012856,1
PHL,2024,28.0,580.1360554135,0.8425669238196174,4
PHL,2025,28.0,580.1360554135,0.9368143713483621,2
POL,1960,2.5,2705.72692194049,-0.3926341939196786,1
POL,1961,2.5,2705.72692194049,-0.33603552279711896,0
POL,1962,2.5,2705.72692194049,-0.24943675296532036,1
POL,1963,2.5,2705.72692194049,-0.3073662693851727,2
POL,1964,2.5,2705.72692194049,-0.3213234575966902,1
POL,1965,2.5,2705.72692194049,-0.2006134559841625,1
POL,1966,2.5,2705.72692194049,-0.3579318661958511,0
POL,1967,2.5,2705.72692194049,-0.14166475275472487,1
POL,1968,2.5,2705.72692194049,-0.11866874294609872,0
POL,1969,2.5,2705.72692194049,-0.18022896416223325,0
POL,1970,2.5,2705.72692194049,-0.27526631092936077,3
POL,1971,2.5,2705.72692194049,-0.15652812666640636,1
POL,1972,2.5,2705.72692194049,-0.16294679412938612,0
POL,1973,2.5,2705.72692194049,-0.27558555859929984,0
POL,1974,2.5,2705.72692194049,-0.05271272844275714,0
POL,1975,2.5,2705.72692194049,-0.36070721992927723,4
POL,1976,2.5,2705.72692194049,0.10251117557540752,0
POL,1977,2.5,2705.72692194049,-0.031167798247762973,1
POL,1978,2.5,2705.72692194049,-0.08963528589792988,0
POL,1979,2.5,2705.72692194049,-0.12120228468534743,0
POL,1980,2.5,2705.72692194049,-0.013375083253164256,1
POL,1981,2.5,2705.72692194049,-0.20368033569639402,0
POL,1982,2.5,2705.72692194049,0.10131398635421163,1
POL,1983,2.5,2705.72692194049,0.1682391642362115,0
POL,1984,2.5,2705.72692194049,0.10457403058745139,2
POL,1985,2.5,2705.72692194049,0.12829230932300567,3
POL,1986,2.5,2705.72692194049,0.08016466555143509,2
POL,1987,2.5,2705.72692194049,0.10026419998405497,0
POL,1988,2.5,2705.72692194049,0.17185009222391576,2
POL,1989,2.5,2705.72692194049,0.18452831796008776,0
POL,1990,2.5,2705.72692194049,0.23345114337677242,1
POL,1991,2.1,2641.10358006456,0.3013661446621143,4
POL,1992,2.3,2569.22878977271,0.2658894773468707,2
POL,1993,6.1,2625.55495537132,0.024677845685825983,4
POL,1994,6.2,2495.22317226992,0.04575340861014737,1
POL,1995,6.3,2578.20837982237,0.36338292248319126,0
POL,1996,5.9,2680.1080126261,0.3088114046055908,2
POL,1997,6.0,2640.54587904468,0.19429164211521024,1
POL,1998,6.5,2461.01864758147,0.19729156309281157,1
POL,1999,6.4,2396.67141418898,0.2687843962241629,2
POL,2000,6.9,2321.77643337011,0.2367592365690514,2
POL,2001,7.3,2338.14293839845,0.36523092572110266,2
POL,2002,7.5,2312.5947846893,0.32664372656628915,1
POL,2003,7.3,2375.41153801546,0.3810898069333398,1
POL,2004,7.3,2383.78041134423,0.4344459415925528,3
POL,2005,7.2,2414.28237185953,0.40185468003710545,2
POL,2006,7.2,2538.76112384258,0.48617712726676104,1
POL,2007,7.3,2529.61907810596,0.5848217202089913,1
POL,2008,8.0,2563.58518489618,0.5389682345300044,6
POL,2009,8.8,2463.27043395388,0.5321492419618358,4
POL,2010,9.5,2642.06881241023,0.49643719953789606,1
POL,2011,10.4,2652.99080592091,0.5398378685395445,2
POL,2012,10.9,2563.69089214526,0.6011868001085069,2
POL,2013,11.4,2567.18208491979,0.5802618161780552,1
POL,2014,11.6,2473.79770713362,0.5597604193223426,2
POL,2015,11.9,2498.7740659386,0.6226849043928291,2
POL,2016,11.3,2614.97160490538,0.7836414012823218,2
POL,2017,11.1,2734.42727608835,0.9059094156610554,1
POL,2018,15.1,2865.52683144763,0.5716625521445791,2
POL,2019,15.6,2761.07246212926,0.6323290779017392,4
POL,2020,16.1,2710.95606232103,0.6665246898949013,1
POL,2021,15.2,2920.11352538648,0.6631646213133964,1
POL,2022,15.2,2798.00774623397,0.8069584497038098,4
POL,2023,15.2,2639.20385996686,0.7331657520808679,3
POL,2024,15.2,2646.7365667251,0.8592646237944153,1
POL,2025,15.2,2646.7365667251,0.7164050708629668,1
RUS,1960,3.8,5942.67811987717,-0.37566164148359776,0
RUS,1961,3.8,5942.67811987717,-0.3448689238269471,0
RUS,1962,3.8,5942.67811987717,-0.5263889656008894,2
RUS,1963,3.8,5942.67811987717,0.014631622978034609,1
RUS,1964,3.8,5942.67811987717,-0.19428584945879132,0
RUS,1965,3.8,5942.67811987717,-0.028925940950652346,1
RUS,1966,3.8,5942.67811987717,-0.20633201791444422,0
RUS,1967,3.8,5942.67811987717,-0.3632020931589539,1
RUS,1968,3.8,5942.67811987717,-0.13283223607742167,2
RUS,1969,3.8,5942.67811987717,-0.18866515292781313,0
RUS,1970,3.8,5942.67811987717,-0.10507722465773794,2
RUS,1971,3.8,5942.67811987717,-0.10419695859202727,0
RUS,1972,3.8,5942.67811987717,-0.13347367496545703,1
RUS,1973,3.8,5942.67811987717,-0.15834612821536326,2
RUS,1974,3.8,5942.67811987717,-0.14454350829580792,0
RUS,1975,3.8,5942.67811987717,-0.20537234690752526,0
RUS,1976,3.8,5942.67811987717,-0.05586293440394392,2
RUS,1977,3.8,5942.67811987717,-0.12122776670419448,1
RUS,1978,3.8,5942.67811987717,0.011503608951883473,1
RUS,1979,3.8,5942.67811987717,0.14875705308242218,1
RUS,1980,3.8,5942.67811987717,0.08687474632569114,1
RUS,1981,3.8,5942.67811987717,-0.03207464162586812,2
RUS,1982,3.8,5942.67811987717,0.05853331718125834,2
RUS,1983,3.8,5942.67811987717,0.056173818852943834,1
RUS,1984,3.8,5942.67811987717,0.1416913977290054,0
RUS,1985,3.8,5942.67811987717,0.07082936907662328,0
RUS,1986,3.8,5942.67811987717,0.08423212496559146,1
RUS,1987,3.8,5942.67811987717,0.26044693173685585,3
RUS,1988,3.8,5942.67811987717,0.26613193694159853,1
RUS,1989,3.8,5942.67811987717,0.09519167008705869,0
RUS,1990,3.8,5942.67811987717,0.10963419925807642,4
RUS,1991,3.8,5871.9943382327,0.19395937292423254,1
RUS,1992,4.0,5357.07699443819,0.194870520846131,1
RUS,1993,4.0,5060.11636686839,0.2623801519955091,0
RUS,1994,3.9,4427.26643919973,0.24110648696727116,2
RUS,1995,3.9,4291.53342502059,0.23355674818326425,1
RUS,1996,3.7,4254.59294421479,0.10026836850246368,1
RUS,1997,3.8,4070.65837100817,0.24758522489161228,3
RUS,1998,3.6,3982.26585700237,0.2305406837279298,2
RUS,1999,3.8,4137.74703962256,0.3081947596432802,1
RUS,2000,3.5,4224.98951887146,0.36141000270227813,3
RUS,2001,3.6,4287.90829493258,0.27216111533595644,0
RUS,2002,3.5,4289.43957286052,0.35653844312231997,3
RUS,2003,3.3,4461.83176005763,0.49448496957618143,1
RUS,2004,3.5,4494.50152836851,0.42089107658832076,1
RUS,2005,3.6,4541.20863501769,0.3581977319428207,0
RUS,2006,3.5,4689.15108443259,0.4025771847785994,4
RUS,2007,3.7,4710.47452096269,0.38621787133319757,2
RUS,2008,3.3,4822.38136319959,0.5934137416239509,2
RUS,2009,3.6,4529.20319928613,0.4952791684001354,0
RUS,2010,3.3,4853.36753031766,0.8512531419410148,3
RUS,2011,3.2,5004.23439250465,0.4852215958062912,4
RUS,2012,3.2,5056.08323400834,0.5326790416676255,1
RUS,2013,3.6,4919.89870162422,0.5568881795618902,1
RUS,2014,3.3,4915.75746633152,0.6904820273843568,4
RUS,2015,3.2,4804.23014928516,0.7487586001441637,0
RUS,2016,3.4,4936.04266971322,0.6997862835462499,3
RUS,2017,3.2,5018.77352571388,0.646929303128511,1
RUS,2018,3.2,5279.09416060338,0.7819089760977359,3
RUS,2019,3.2,5082.7299560342,0.610892155857075,1
RUS,2020,3.7,5068.38550364971,0.7297437939300493,3
RUS,2021,3.5,5710.55279279027,0.7158252459706775,2
RUS,2022,3.5,5707.1572675389,0.7381619908204463,3
RUS,2023,3.5,5498.30525622561,0.9175534452812927,2
RUS,2024,3.5,5498.30525622561,0.6692720931516738,1
RUS,2025,3.5,5498.30525622561,0.8216787395466725,2
SAU,1960,0.0,5451.71882279534,-0.4469362928029245,0
SAU,1961,0.0,5451.71882279534,-0.3427424473473939,0
SAU,1962,0.0,5451.71882279534,-0.38355243729975375,2
SAU,1963,0.0,5451.71882279534,-0.29194157272951604,0
SAU,1964,0.0,5451.71882279534,-0.43527428781994226,1
SAU,1965,0.0,5451.71882279534,-0.2715235163676046,1
SAU,1966,0.0,5451.71882279534,-0.1609968719230995,1
SAU,1967,0.0,5451.71882279534,-0.15194138909736002,0
SAU,1968,0.0,5451.71882279534,-0.4325399431603738,1
SAU,1969,0.0,5451.71882279534,-0.3432084475575811,0
SAU,1970,0.0,5451.71882279534,-0.13569715873622568,0
SAU,1971,0.0,5451.71882279534,-0.015235325284469192,1
SAU,1972,0.0,5451.71882279534,-0.0002628379097384115,1
SAU,1973,0.0,5451.71882279534,-0.008848614118051323,0
SAU,1974,0.0,5451.71882279534,-0.022326419891084054,2
SAU,1975,0.0,5451.71882279534,-0.14104554884508183,0
SAU,1976,0.0,5451.71882279534,0.05974886775844988,0
SAU,1977,0.0,5451.71882279534,-0.16159440541089828,0
SAU,1978,0.0,5451.71882279534,-0.029963394108366667,4
SAU,1979,0.0,5451.71882279534,-0.04771337190757978,0
SAU,1980,0.0,5451.71882279534,-0.006621317429394424,2
SAU,1981,0.0,5451.71882279534,0.09730873054343732,1
SAU,1982,0.0,5451.71882279534,0.2625943292511829,2
SAU,1983,0.0,5451.71882279534,-0.06601111206511151,1
SAU,1984,0.0,5451.71882279534,-0.19919624853985618,3
SAU,1985,0.0,5451.71882279534,0.2753032884177207,1
SAU,1986,0.0,5451.71882279534,0.12838551081860103,2
SAU,1987,0.0,5451.71882279534,0.28671532835737173,3
SAU,1988,0.0,5451.71882279534,0.07001405440128165,2
SAU,1989,0.0,5451.71882279534,0.2943442509041997,1
SAU,1990,0.0,5451.71882279534,0.17218942930570957,4
SAU,1991,0.0,6050.38289786175,0.1841670038944199,1
SAU,1992,0.0,6582.97119687211,0.32750982843977,0
SAU,1993,0.0,6537.84679475271,0.250629596890576,2
SAU,1994,0.0,6591.02644141393,0.2776451693832523,1
SAU,1995,0.0,6316.7131696411,0.1152059388512375,2
SAU,1996,0.0,6494.45936719249,0.3147561232844477,1
SAU,1997,0.0,6019.93240274695,0.23153088508093395,0
SAU,1998,0.0,6169.38088980637,0.5281450167519182,1
SAU,1999,0.0,6054.28343091785,0.2420633536214731,2
SAU,2000,0.0,6516.00755562211,0.4441870485321481,2
SAU,2001,0.0,6348.58935367071,0.3444874752413391,0
SAU,2002,0.0,6826.99573187577,0.5164236820986935,4
SAU,2003,0.0,6631.81585672969,0.6048163502998116,1
SAU,2004,0.0,6375.54473048108,0.3978523921026562,1
SAU,2005,0.0,6447.07190249029,0.4005291528340316,2
SAU,2006,0.0,6605.44101687621,0.4198000756933225,1
SAU,2007,0.0,6696.94747279399,0.5654763671610687,1
SAU,2008,0.0,6980.05897029755,0.5486144959260786,4
SAU,2009,0.0,7125.05300494705,0.5607150461052458,1
SAU,2010,0.0,7965.26121862505,0.5336673102590198,3
SAU,2011,0.0,7979.3799657336,0.5796677234079671,0
SAU,2012,0.0,7862.42354103658,0.735661420708797,1
SAU,2013,0.0,7401.17130265584,0.6816105154662429,0
SAU,2014,0.0,7959.81351652344,0.7660290669100389,4
SAU,2015,0.0,7786.91651664863,0.44494383309250685,3
SAU,2016,0.0,7521.58911581712,0.7733207175958454,1
SAU,2017,0.0,7707.05632967392,0.6167558941817181,4
SAU,2018,0.0,7650.76338796016,0.8968073541111248,0
SAU,2019,0.0,7669.39905417665,0.6734677282766255,3
SAU,2020,0.1,7172.00803547452,0.6846151618141877,2
SAU,2021,0.1,7467.02479068822,0.7819709918317855,2
SAU,2022,0.1,7525.25321185534,0.7310367066772956,3
SAU,2023,0.1,7148.58725115291,0.6727204236968584,2
SAU,2024,0.1,7148.58725115291,0.8946737025133833,2
SAU,2025,0.1,7148.58725115291,0.8012816596936027,1
SWE,1960,34.1,5514.19827733048,-0.3348685765519888,1
SWE,1961,34.1,5514.19827733048,-0.14878030863992556,0
SWE,1962,34.1,5514.19827733048,-0.4401223942734037,0
SWE,1963,34.1,5514.19827733048,-0.1478531367293465,0
SWE,1964,34.1,5514.19827733048,-0.2817327957974908,0
SWE,1965,34.1,5514.19827733048,-0.26794861370172285,1
SWE,1966,34.1,5514.19827733048,-0.33183821671208297,0
SWE,1967,34.1,5514.19827733048,-0.081825174979817,0
SWE,1968,34.1,5514.19827733048,-0.30051078303859324,0
SWE,1969,34.1,5514.19827733048,-0.052977617103969865,0
SWE,1970,34.1,5514.19827733048,0.0025648914428887948,1
SWE,1971,34.1,5514.19827733048,-0.26951436333117595,0
SWE,1972,34.1,5514.19827733048,-0.22212757483883122,0
SWE,1973,34.1,5514.19827733048,-0.16529806321478666,1
SWE,1974,34.1,5514.19827733048,-0.12012984411456519,2
SWE,1975,34.1,5514.19827733048,-0.06670497692847166,1
SWE,1976,34.1,5514.19827733048,-0.06092231421456941,0
SWE,1977,34.1,5514.19827733048,-0.0013845336055147706,1
SWE,1978,34.1,5514.19827733048,0.10446162501598485,1
SWE,1979,34.1,5514.19827733048,0.2166032812671513,2
SWE,1980,34.1,5514.19827733048,-0.04210233265189884,0
SWE,1981,34.1,5514.19827733048,0.10950828485484544,4
SWE,1982,34.1,5514.19827733048,-0.062434712713804165,1
SWE,1983,34.1,5514.19827733048,0.15273578890354167,0
SWE,1984,34.1,5514.19827733048,-0.30482505759977335,1
SWE,1985,34.1,5514.19827733048,0.08232972244409877,0
SWE,1986,34.1,5514.19827733048,0.10472478457803577,0
SWE,1987,34.1,5514.19827733048,0.14784450010843078,0
SWE,1988,34.1,5514.19827733048,0.061265223503737004,2
SWE,1989,34.1,5514.19827733048,0.15721597748389876,1
SWE,1990,34.1,5514.19827733048,0.05320566953058653,0
SWE,1991,32.5,5650.16283823718,0.2645275248846198,0
SWE,1992,33.2,5369.06986784062,0.13904318814816224,1
SWE,1993,34.4,5333.87357287498,0.1464064376681043,0
SWE,1994,31.4,5659.95258523583,0.3113160037023721,2
SWE,1995,33.9,5701.87027966891,0.31320632895454537,2
SWE,1996,31.4,5824.79922638629,0.24044481170672882,1
SWE,1997,35.5,5683.45838854063,0.41542461978389417,3
SWE,1998,35.5,5783.40686535687,0.3575583269844482,2
SWE,1999,34.6,5675.23773166234,0.23541751713295794,4
SWE,2000,39.8,5375.75151158851,0.21882422016849862,5
SWE,2001,37.4,5701.68206771918,0.17627536780772396,1
SWE,2002,35.9,5826.34189342548,0.38697691568979004,1
SWE,2003,34.6,5676.54834518443,0.3629351101256245,2
SWE,2004,35.5,5872.97554411383,0.5193826424363025,3
SWE,2005,39.3,5711.64214196537,0.3572824768559638,2
SWE,2006,40.1,5532.76265714386,0.4315176675826835,2
SWE,2007,41.8,5464.45613719356,0.40378541011965374,1
SWE,2008,43.2,5383.76479707233,0.3786627139646978,2
SWE,2009,45.7,4891.39219246248,0.5076085726937571,2
SWE,2010,44.7,5443.32366800687,0.5667534993094374,2
SWE,2011,45.4,5281.40096330574,0.5061156900156805,1
SWE,2012,48.3,5295.92806615816,0.6505173156263137,0
SWE,2013,47.3,5178.9349383913,0.502440694671807,1
SWE,2014,48.6,4997.87990362276,0.5372778376898291,1
SWE,2015,51.9,4573.58907986933,0.6065160833147112,2
SWE,2016,50.9,4858.89940544006,0.524297790035291,2
SWE,2017,51.8,4926.81117539334,0.6481978415792701,2
SWE,2018,51.6,4966.26111814633,0.8923167133996787,1
SWE,2019,52.9,4781.87568337501,0.6099794873227999,2
SWE,2020,57.8,4284.99805555044,0.8295413794165255,3
SWE,2021,57.9,4558.74420693219,0.7219999877625847,0
SWE,2022,57.9,4323.66572139304,0.7285975351347391,2
SWE,2023,57.9,4288.83333908122,0.7734062468741152,4
SWE,2024,57.9,4308.30881527016,0.9574174542758729,4
SWE,2025,57.9,4308.30881527016,0.8113118967290849,5
THA,1960,33.5,774.494770138849,-0.3800618110254803,0
THA,1961,33.5,774.494770138849,-0.3180265410426879,0
THA,1962,33.5,774.494770138849,-0.4082753104388527,1
THA,1963,33.5,774.494770138849,-0.39090716052746555,2
THA,1964,33.5,774.494770138849,-0.38562532781890946,1
THA,1965,33.5,774.494770138849,-0.1528826639196501,0
THA,1966,33.5,774.494770138849,-0.24540059276421786,1
THA,1967,33.5,774.494770138849,-0.27284538736404707,1
THA,1968,33.5,774.494770138849,-0.21282396762785327,0
THA,1969,33.5,774.494770138849,-0.37283839348674863,0
THA,1970,33.5,774.494770138849,-0.23343109016805513,1
THA,1971,33.5,774.494770138849,-0.052612478980416724,1
THA,1972,33.5,774.494770138849,-0.23524526597652337,1
THA,1973,33.5,774.494770138849,-0.22683306609751902,2
THA,1974,33.5,774.494770138849,0.007189955685102861,0
THA,1975,33.5,774.494770138849,-0.14029412001232525,1
THA,1976,33.5,774.494770138849,-0.07386150684135369,0
THA,1977,33.5,774.494770138849,-0.06796051724903118,1
THA,1978,33.5,774.494770138849,-0.1597927087092166,1
THA,1979,33.5,774.494770138849,0.08224167559203599,1
THA,1980,33.5,774.494770138849,0.08310750902202796,0
THA,1981,33.5,774.494770138849,0.1627874394915453,2
THA,1982,33.5,774.494770138849,-0.0844875905081636,1
THA,1983,33.5,774.494770138849,-0.0025285889394866257,1
THA,1984,33.5,774.494770138849,0.11281547143271707,2
THA,1985,33.5,774.494770138849,0.06803135786378368,2
THA,1986,33.5,774.494770138849,0.22610883980003343,1
THA,1987,33.5,774.494770138849,0.23328905732580507,1
THA,1988,33.5,774.494770138849,-0.06694428358455232,1
THA,1989,33.5,774.494770138849,0.0754267235716832,2
THA,1990,33.5,774.494770138849,0.2931226397358206,0
THA,1991,33.0,825.479872492741,0.2737153807216436,2
THA,1992,31.7,865.704309113413,0.15121900769488072,2
THA,1993,26.4,899.125553407656,0.03897071435741045,1
THA,1994,23.8,979.262431000536,0.22766571242922837,1
THA,1995,22.6,1052.28021147702,0.25801329139795304,0
THA,1996,21.0,1160.58015021158,0.18829557971263733,3
THA,1997,21.1,1166.79566594222,0.49500181013010025,1
THA,1998,21.5,1079.80595351035,0.3869244735587246,2
THA,1999,21.1,1138.84929761085,0.20081764224472906,0
THA,2000,21.8,1153.04552225626,0.3096567696119093,3
THA,2001,19.9,1174.20279195013,0.40951775201718865,1
THA,2002,19.9,1286.14403684353,0.6268333816250533,0
THA,2003,20.2,1379.29175743715,0.29644867379792966,2
THA,2004,19.9,1477.38480877104,0.31075884393239545,3
THA,2005,20.1,1508.58026062719,0.3540523022399019,2
THA,2006,20.5,1525.12655757667,0.47187154436966033,3
THA,2007,21.6,1569.87237319879,0.30684351173170854,4
THA,2008,22.6,1596.82835450256,0.4613085028725703,3
THA,2009,22.8,1578.76107269732,0.5858551655607049,2
THA,2010,22.8,1718.62118368043,0.5873116780584968,5
THA,2011,23.0,1704.82334080525,0.620484367845894,0
THA,2012,23.6,1818.19204308684,0.7330368712616109,2
THA,2013,23.2,1943.92303978228,0.4824407510652568,2
THA,2014,24.4,1926.22582617648,0.5418344537916177,1
THA,2015,22.6,1932.67390968815,0.4665840615345095,3
THA,2016,22.4,1985.00530928348,0.5529706087465134,1
THA,2017,22.2,1988.13781529099,0.5461622374410645,2
THA,2018,23.7,1951.8556356188,0.835926647777639,2
THA,2019,23.9,1989.81234226863,0.6049312350911884,3
THA,2020,20.9,1884.35073727402,0.8035376078991936,3
THA,2021,19.0,1848.06336093307,0.8833060510296122,1
THA,2022,19.0,1867.46968312053,0.8799065964347289,3
THA,2023,19.0,1851.27231424167,0.8585014822115309,1
THA,2024,19.0,1851.27231424167,0.811927281579481,6
THA,2025,19.0,1851.27231424167,0.6671714192517699,5
TUR,1960,24.4,918.261888219127,-0.4354522185954984,1
TUR,1961,24.4,918.261888219127,-0.2702751855540445,0
TUR,1962,24.4,918.261888219127,-0.4385862748051109,0
TUR,1963,24.4,918.261888219127,-0.1654171511206901,1
TUR,1964,24.4,918.261888219127,-0.2929102125184391,0
TUR,1965,24.4,918.261888219127,-0.20898279925870572,0
TUR,1966,24.4,918.261888219127,-0.25514464696394773,0
TUR,1967,24.4,918.261888219127,-0.28076149602507067,2
TUR,1968,24.4,918.261888219127,-0.3419371363024384,1
TUR,1969,24.4,918.261888219127,-0.3647736831654431,2
TUR,1970,24.4,918.261888219127,-0.17854983960761783,0
TUR,1971,24.4,918.261888219127,-0.2941049359420802,1
TUR,1972,24.4,918.261888219127,-0.19140378456592175,1
TUR,1973,24.4,918.261888219127,-0.12936531910057356,2
TUR,1974,24.4,918.261888219127,-0.1466173883821508,1
TUR,1975,24.4,918.261888219127,-0.16306215449312905,0
TUR,1976,24.4,918.261888219127,0.00017612482694778775,1
TUR,1977,24.4,918.261888219127,-0.09375383976393223,0
TUR,1978,24.4,918.261888219127,0.14800584763711735,1
TUR,1979,24.4,918.261888219127,0.13366814284238204,0
TUR,1980,24.4,918.261888219127,0.15123794018735442,0
TUR,1981,24.4,918.261888219127,0.2069522618702628,1
TUR,1982,24.4,918.261888219127,0.05784820119480962,4
TUR,1983,24.4,918.261888219127,0.0002862203402384175,0
TUR,1984,24.4,918.261888219127,-0.15734004855047384,0
TUR,1985,24.4,918.261888219127,0.042473706297195046,1
TUR,1986,24.4,918.261888219127,-0.02641565800787063,3
TUR,1987,24.4,918.261888219127,0.11413203367187646,4
TUR,1988,24.4,918.261888219127,0.29604088057859124,3
TUR,1989,24.4,918.261888219127,0.13280937706800933,1
TUR,1990,24.4,918.261888219127,0.22784414607568865,3
TUR,1991,24.0,887.162812412747,0.20270176150390576,0
TUR,1992,24.0,911.309124510702,0.15778982507035172,1
TUR,1993,23.6,955.118552884009,0.26433672728803226,0
TUR,1994,24.0,927.181663056975,0.5124277597558105,0
TUR,1995,21.9,997.967536333338,0.3146816160761841,1
TUR,1996,21.0,1073.12750011037,0.4326528712208223,3
TUR,1997,20.7,1109.80579406891,0.3462622152506617,3
TUR,1998,21.5,1111.04759170567,0.25544899066925275,1
TUR,1999,20.5,1079.90999533335,0.4326446490387963,1
TUR,2000,17.3,1166.01412005443,0.33463531262832696,2
TUR,2001,18.1,1060.57071953568,0.24005580370030524,0
TUR,2002,17.5,1107.27991011855,0.503331664410156,2
TUR,2003,16.3,1159.99665803769,0.22909684724409346,2
TUR,2004,16.8,1176.75430160118,0.48730864877883684,3
TUR,2005,15.3,1211.46561646669,0.44980849542075824,1
TUR,2006,14.2,1328.69230138979,0.4072931373567265,1
TUR,2007,12.5,1429.92300570179,0.5464024264274574,2
TUR,2008,12.5,1385.17801532797,0.44538207122362933,6
TUR,2009,13.1,1364.09730379872,0.6301684796616125,4
TUR,2010,14.2,1445.41016354332,0.4806691761859771,0
TUR,2011,12.7,1515.88033612695,0.5425996470180601,2
TUR,2012,13.0,1567.31606123672,0.6861983362291122,2
TUR,2013,13.8,1510.79118967025,0.5528609610401397,2
TUR,2014,11.5,1543.09095693879,0.5180851558580286,0
TUR,2015,13.3,1646.83631130339,0.5416191200829772,5
TUR,2016,13.2,1724.54363987712,0.6714435126914008,2
TUR,2017,11.4,1828.02986770908,0.5779641995672717,0
TUR,2018,11.8,1771.33742856964,0.6318645524808683,0
TUR,2019,14.1,1774.19625722275,0.6066165885744036,5
TUR,2020,13.7,1762.01062220058,0.7479184080403084,1
TUR,2021,12.0,1894.62719281739,0.6485581217425821,2
TUR,2022,12.0,1841.55630679263,0.9754381772004945,6
TUR,2023,12.0,1849.53592344542,0.6390278563406186,1
TUR,2024,12.0,1924.93815098993,0.6169096521372145,2
TUR,2025,12.0,1924.93815098993,0.865383044253387,4
USA,1960,4.2,7669.4512686363,-0.3695712881649451,1
USA,1961,4.2,7669.4512686363,-0.27933719352717656,1
USA,1962,4.2,7669.4512686363,-0.40698626638525826,2
USA,1963,4.2,7669.4512686363,-0.3495203338373399,0
USA,1964,4.2,7669.4512686363,-0.21188424572234998,0
USA,1965,4.2,7669.4512686363,-0.1686945551240659,0
USA,1966,4.2,7669.4512686363,-0.09998357969218163,1
USA,1967,4.2,7669.4512686363,-0.4116249934730059,1
USA,1968,4.2,7669.4512686363,-0.27056360054869344,1
USA,1969,4.2,7669.4512686363,-0.33719781160332646,3
USA,1970,4.2,7669.4512686363,-0.16593545788636252,0
USA,1971,4.2,7669.4512686363,-0.008028693293455763,2
USA,1972,4.2,7669.4512686363,-0.23015630457041714,1
USA,1973,4.2,7669.4512686363,-0.03495357284036375,3
USA,1974,4.2,7669.4512686363,-0.11728189279040611,2
USA,1975,4.2,7669.4512686363,-0.04289181386312279,1
USA,1976,4.2,7669.4512686363,-0.014768054405716505,0
USA,1977,4.2,7669.4512686363,-0.1315459695070864,1
USA,1978,4.2,7669.4512686363,-0.0337160467294533,1
USA,1979,4.2,7669.4512686363,-0.1777000879952145,1
USA,1980,4.2,7669.4512686363,0.03528244366825863,1
USA,1981,4.2,7669.4512686363,0.08202662727621603,1
USA,1982,4.2,7669.4512686363,0.020876740660723526,1
USA,1983,4.2,7669.4512686363,0.07179461833746695,0
USA,1984,4.2,7669.4512686363,0.029828981448684976,1
USA,1985,4.2,7669.4512686363,0.15594845688932119,2
USA,1986,4.2,7669.4512686363,0.2868556424549382,2
USA,1987,4.2,7669.4512686363,0.272660820926399,1
USA,1988,4.2,7669.4512686363,0.24285486595068517,3
USA,1989,4.2,7669.4512686363,0.08837687278480826,1
USA,1990,4.2,7669.4512686363,0.22133845890214515,2
USA,1991,4.5,7629.84715395512,0.20552526691890252,0
USA,1992,4.8,7675.63655553518,0.1241255987832343,4
USA,1993,4.3,7708.10161116809,0.18003745980863836,2
USA,1994,4.1,7755.08252133275,0.18420208315237085,1
USA,1995,4.7,7760.89035266192,0.2001302287667232,3
USA,1996,4.8,7841.59288605808,0.4886698100693362,2
USA,1997,4.5,7825.23663798017,0.32382415330474734,1
USA,1998,4.5,7800.439490719,0.4252655372423885,3
USA,1999,5.7,7920.05392329598,0.3804240107693419,3
USA,2000,5.4,8055.14548852416,0.36896098925034876,2
USA,2001,4.7,7824.24393877407,0.4595328903744474,1
USA,2002,4.8,7840.46095949898,0.44855739152899565,3
USA,2003,5.3,7791.30391526846,0.4750577447506305,2
USA,2004,5.5,7878.53717143427,0.44617783983140974,1
USA,2005,5.8,7843.3910574627,0.6320980696191052,0
USA,2006,6.4,7694.40657948116,0.38371914632903187,4
USA,2007,6.3,7756.0141894981,0.35436115293452114,2
USA,2008,6.8,7484.83268900712,0.5712740827951417,3
USA,2009,7.3,7053.35846690965,0.5496269555166166,3
USA,2010,7.4,7162.55933024159,0.55181741696138,2
USA,2011,8.4,7009.64607964907,0.43403266811289837,1
USA,2012,8.5,6820.46062064875,0.8055426682571576,0
USA,2013,8.9,6888.38143742637,0.6193767348692063,3
USA,2014,9.0,6915.64165280321,0.6436482423313241,2
USA,2015,8.9,6789.64733291075,0.4305346281652108,5
USA,2016,9.3,6663.4963294418,0.7115825601574194,4
USA,2017,9.7,6590.83509745633,0.6051925679812444,4
USA,2018,9.9,6738.27272433986,0.7705297444863342,1
USA,2019,10.2,6700.93033990565,0.4878336427443546,2
USA,2020,11.0,6141.5241450627,0.7092280893127609,1
USA,2021,10.9,6445.82621225492,0.7431809321776097,2
USA,2022,10.9,6512.09816744798,0.8129116419489322,3
USA,2023,10.9,6364.46726343838,0.6714244618259826,1
USA,2024,10.9,6361.4447017904,0.8504734872865303,4
USA,2025,10.9,6361.4447017904,0.7256323316591144,0
VEN,1960,12.0,1997.56479057799,-0.3148566089491772,3
VEN,1961,12.0,1997.56479057799,-0.2503414831944263,1
VEN,1962,12.0,1997.56479057799,-0.4591255621734731,0
VEN,1963,12.0,1997.56479057799,-0.2402669435787132,0
VEN,1964,12.0,1997.56479057799,-0.2154023952312455,0
VEN,1965,12.0,1997.56479057799,-0.31699970569169866,0
VEN,1966,12.0,1997.56479057799,-0.26080446205891245,0
VEN,1967,12.0,1997.56479057799,-0.11634473884008924,0
VEN,1968,12.0,1997.56479057799,-0.22723903871947418,0
VEN,1969,12.0,1997.56479057799,-0.22371259723325823,0
VEN,1970,12.0,1997.56479057799,-0.22198453134250867,0
VEN,1971,12.0,1997.56479057799,-0.01233196917599208,0
VEN,1972,12.0,1997.56479057799,-0.07474263942853246,1
VEN,1973,12.0,1997.56479057799,0.042242725585671215,2
VEN,1974,12.0,1997.56479057799,-0.06449143721259382,1
VEN,1975,12.0,1997.56479057799,-0.08422601970983258,1
VEN,1976,12.0,1997.56479057799,-0.07870227370958048,0
VEN,1977,12.0,1997.56479057799,-0.05552791757172299,1
VEN,1978,12.0,1997.56479057799,-0.19455887394527857,1
VEN,1979,12.0,1997.56479057799,-0.025597141683261704,1
VEN,1980,12.0,1997.56479057799,-0.10578362671401208,2
VEN,1981,12.0,1997.56479057799,-0.13219690546819726,1
VEN,1982,12.0,1997.56479057799,0.035470674534201795,0
VEN,1983,12.0,1997.56479057799,0.04504318168903632,1
VEN,1984,12.0,1997.56479057799,-0.01716314257416146,0
VEN,1985,12.0,1997.56479057799,0.2583944157639191,1
VEN,1986,12.0,1997.56479057799,0.16368471665148945,0
VEN,1987,12.0,1997.56479057799,-0.012323558353934089,2
VEN,1988,12.0,1997.56479057799,0.050430246371906906,2
VEN,1989,12.0,1997.56479057799,0.16481029171359216,1
VEN,1990,12.0,1997.56479057799,0.3273141033691315,1
VEN,1991,13.2,2037.30182520885,0.3470838678790936,3
VEN,1992,14.2,2226.55481105961,0.31721261539292434,1
VEN,1993,13.2,2027.59967205093,0.31824028579161506,0
VEN,1994,13.8,2299.11785137022,0.25284263143688274,3
VEN,1995,13.2,2111.33770063193,0.3403775509566299,2
VEN,1996,12.9,2203.62644762536,0.12367963639709506,3
VEN,1997,13.9,2149.90770739915,0.32229476672070745,2
VEN,1998,13.7,2218.43187719732,0.3208023556529758,0
VEN,1999,15.0,2399.16210710328,0.19884455867837827,2
VEN,2000,15.3,2391.36796026802,0.22917031553105885,3
VEN,2001,14.0,2188.40606705914,0.3888541032078526,2
VEN,2002,12.8,2648.88652521803,0.30057447040101337,1
VEN,2003,13.4,2432.12630470112,0.3312853239610172,3
VEN,2004,14.6,2305.02805179379,0.3904865756810301,0
VEN,2005,14.2,2371.58340737061,0.4238684368051796,0
VEN,2006,15.6,2377.64028480756,0.4777901498537468,8
VEN,2007,16.6,2391.33788149518,0.5212821926397352,1
VEN,2008,16.4,2346.01163837283,0.6318907458793146,1
VEN,2009,16.2,2231.75458660546,0.46546331717587974,3
VEN,2010,13.8,2621.20702328211,0.723756523882578,3
VEN,2011,14.8,2309.9066118944,0.6310010173599081,2
VEN,2012,13.8,2310.75269478151,0.44875614570622907,1
VEN,2013,15.4,2529.2097489945,0.584361256062054,7
VEN,2014,12.1,2173.57093050952,0.6816836041204843,3
VEN,2015,15.4,2098.46944015591,0.5783021387574837,2
VEN,2016,14.6,2009.0681450604,0.49574771686429453,5
VEN,2017,14.3,1933.19114696252,0.6246368704893847,3
VEN,2018,14.6,1451.3949056587,0.64665088037747,1
VEN,2019,15.8,1379.73439965,0.6489705079102503,2
VEN,2020,31.2,1093.43160664363,0.5304810064905745,1
VEN,2021,33.7,1409.82623845927,0.7234180197164859,0
VEN,2022,33.7,1364.68351163595,0.816977465086659,4
VEN,2023,33.7,1331.23284099658,0.5279618577322276,2
VEN,2024,33.7,1331.23284099658,0.9081554460144998,1
VEN,2025,33.7,1331.23284099658,0.8444716067788925,3
VNM,1960,75.9,272.780251085134,-0.4285552768327222,0
VNM,1961,75.9,272.780251085134,-0.42261954549115205,1
VNM,1962,75.9,272.780251085134,-0.22021967652813787,0
VNM,1963,75.9,272.780251085134,-0.45449517345356283,1
VNM,1964,75.9,272.780251085134,-0.2882484944221321,2
VNM,1965,75.9,272.780251085134,-0.1343705805845373,0
VNM,1966,75.9,272.780251085134,-0.160995014748467,0
VNM,1967,75.9,272.780251085134,-0.18615651868630112,0
VNM,1968,75.9,272.780251085134,-0.27832753329416665,0
VNM,1969,75.9,272.780251085134,-0.13283494381465194,3
VNM,1970,75.9,272.780251085134,-0.18442220137151508,2
VNM,1971,75.9,272.780251085134,-0.07367480159024288,0
VNM,1972,75.9,272.780251085134,-0.14678387058829523,0
VNM,1973,75.9,272.780251085134,0.05009639628990409,1
VNM,1974,75.9,272.780251085134,0.015500282183177255,3
VNM,1975,75.9,272.780251085134,-0.1857346042866429,0
VNM,1976,75.9,272.780251085134,-0.05932454513649386,2
VNM,1977,75.9,272.780251085134,-0.10013582498038726,0
VNM,1978,75.9,272.780251085134,-0.09339923077517559,1
VNM,1979,75.9,272.780251085134,0.02329254953445317,2
VNM,1980,75.9,272.780251085134,0.05112179395560286,2
VNM,1981,75.9,272.780251085134,0.11552219900217746,3
VNM,1982,75.9,272.780251085134,0.0964850328015742,3
VNM,1983,75.9,272.780251085134,0.04973219202207384,2
VNM,1984,75.9,272.780251085134,0.06188277455831894,2
VNM,1985,75.9,272.780251085134,0.18375307845914915,1
VNM,1986,75.9,272.780251085134,0.03260792683325167,1
VNM,1987,75.9,272.780251085134,0.01923219962711964,2
VNM,1988,75.9,272.780251085134,0.23494428576229193,3
VNM,1989,75.9,272.780251085134,0.2793980520945572,0
VNM,1990,75.9,272.780251085134,0.07217136790295285,3
VNM,1991,75.5,270.748866586584,0.24870039483500775,0
VNM,1992,74.5,276.933206862751,0.20537327818476617,2
VNM,1993,70.6,294.74751383968,0.18878904338935396,2
VNM,1994,67.8,289.677004526493,0.2520624998122775,2
VNM,1995,64.9,304.058538367664,0.2651191357220779,1
VNM,1996,62.6,315.960539910077,0.2679451576701613,2
VNM,1997,60.5,335.565681064978,0.21635720167547373,1
VNM,1998,59.2,352.512759719206,0.21895532685109365,0
VNM,1999,59.3,358.075426214906,0.21137462341963134,1
VNM,2000,57.7,372.486738202477,0.32927112842510026,1
VNM,2001,56.1,393.081627304938,0.36388693105759157,0
VNM,2002,52.2,424.572449525025,0.4967317921357301,2
VNM,2003,50.8,441.331501223992,0.2927451895139218,4
VNM,2004,45.8,485.432705372372,0.44570149863846537,3
VNM,2005,44.1,509.245126631649,0.36575300510811287,1
VNM,2006,44.2,515.075042472671,0.4565553819826178,5
VNM,2007,41.9,544.673183366382,0.5076940101045841,2
VNM,2008,39.3,572.099542305108,0.5094561851554082,3
VNM,2009,37.0,615.142147070174,0.6125218014084041,1
VNM,2010,34.6,670.10802910064,0.6933633143301108,1
VNM,2011,36.3,663.574440140704,0.4714633534974312,0
VNM,2012,37.9,664.347312614103,0.6555260073718772,1
VNM,2013,37.4,674.678165107275,0.5849085772175754,2
VNM,2014,36.7,745.633531778112,0.583453864429946,4
VNM,2015,27.8,679.445923972947,0.46687767981557526,2
VNM,2016,26.8,738.879533385899,0.5598438575335761,3
VNM,2017,28.3,757.479979941312,0.7608894923063172,4
VNM,2018,24.3,885.646841787765,0.717500573738249,1
VNM,2019,20.4,987.27147244039,0.5641840349401117,2
VNM,2020,18.9,991.281232485165,0.8175812389993471,1
VNM,2021,24.2,962.199524881189,0.5946561759766278,1
VNM,2022,24.2,1023.0571362687,0.8836195584711863,3
VNM,2023,24.2,1018.06940422163,0.7502368832661597,4
VNM,2024,24.2,1018.06940422163,0.9513149147379396,5
VNM,2025,24.2,1018.06940422163,0.803803988426194,1
ZAF,1960,16.6,2238.59314975903,-0.4161556770141681,0
ZAF,1961,16.6,2238.59314975903,-0.2965622598826133,0
ZAF,1962,16.6,2238.59314975903,-0.3742991984649713,0
ZAF,1963,16.6,2238.59314975903,-0.29116919834503247,1
ZAF,1964,16.6,2238.59314975903,-0.3763496749510111,0
ZAF,1965,16.6,2238.59314975903,-0.16877361263755647,0
ZAF,1966,16.6,2238.59314975903,-0.3201762134065412,1
ZAF,1967,16.6,2238.59314975903,-0.3706419696520921,1
ZAF,1968,16.6,2238.59314975903,-0.12346400127870086,0
ZAF,1969,16.6,2238.59314975903,-0.3722173598328812,0
ZAF,1970,16.6,2238.59314975903,-0.1641269770728319,2
ZAF,1971,16.6,2238.59314975903,-0.09527773467301115,2
ZAF,1972,16.6,2238.59314975903,-0.11338534155425732,0
ZAF,1973,16.6,2238.59314975903,-0.22333071436588592,1
ZAF,1974,16.6,2238.59314975903,-0.13720685243004194,0
ZAF,1975,16.6,2238.59314975903,-0.25218735950329674,1
ZAF,1976,16.6,2238.59314975903,0.11986947077812656,0
ZAF,1977,16.6,2238.59314975903,0.06125907010886038,1
ZAF,1978,16.6,2238.59314975903,-0.13272456199545332,1
ZAF,1979,16.6,2238.59314975903,-0.11887297483977186,1
ZAF,1980,16.6,2238.59314975903,0.029869839987754054,2
ZAF,1981,16.6,2238.59314975903,-0.05974177649836607,2
ZAF,1982,16.6,2238.59314975903,0.01959883909626905,1
ZAF,1983,16.6,2238.59314975903,0.12705574921074225,1
ZAF,1984,16.6,2238.59314975903,-0.01734469816101955,1
ZAF,1985,16.6,2238.59314975903,0.18541650421170086,2
ZAF,1986,16.6,2238.59314975903,0.1430310885739881,0
ZAF,1987,16.6,2238.59314975903,0.12808224424977022,3
ZAF,1988,16.6,2238.59314975903,0.07467393303982013,4
ZAF,1989,16.6,2238.59314975903,0.10159808959184802,1
ZAF,1990,16.6,2238.59314975903,0.219644345134919,1
ZAF,1991,17.5,2247.25101078796,0.2284716284206314,2
ZAF,1992,18.4,2104.60311343692,0.22270257441296182,1
ZAF,1993,18.6,2197.40025902621,0.13660480695658925,3
ZAF,1994,18.6,2255.95489604194,0.06127959686150525,0
ZAF,1995,18.1,2357.97344794861,0.30655693928002875,2
ZAF,1996,17.4,2395.08882561738,0.27310680054373127,3
ZAF,1997,17.1,2418.36525437478,0.2452138493925117,1
ZAF,1998,17.3,2434.78353341314,0.3030927165971771,1
ZAF,1999,17.7,2365.70130153691,0.32130852493947776,0
ZAF,2000,16.2,2269.37063464901,0.4127192161992398,2
ZAF,2001,15.0,2180.26593384169,0.34162576490819313,2
ZAF,2002,13.3,2072.05766349373,0.47647824718616727,0
ZAF,2003,11.8,2300.85052603256,0.40156223036840033,1
ZAF,2004,11.0,2478.00378605228,0.3833944640614055,3
ZAF,2005,9.7,2374.43550245537,0.29622803482603133,2
ZAF,2006,9.3,2397.99082240112,0.4327341830550383,0
ZAF,2007,8.7,2576.78503956652,0.3198511269672356,3
ZAF,2008,9.7,2738.08467369962,0.4031720183948835,1
ZAF,2009,9.2,2735.00618529644,0.4256742714266827,2
ZAF,2010,9.4,2518.44190314477,0.5046373626845269,1
ZAF,2011,9.0,2536.41417638413,0.6411959283088909,1
ZAF,2012,8.3,2394.39798705356,0.6761894025194025,4
ZAF,2013,7.8,2341.17923180198,0.5848916427036118,1
ZAF,2014,7.6,2438.67891656885,0.579096888103347,2
ZAF,2015,7.6,2257.19467617813,0.696921860692633,4
ZAF,2016,7.8,2311.76901865151,0.5425355409869193,3
ZAF,2017,7.9,2283.45815447669,0.546677735503472,1
ZAF,2018,8.0,2184.87777550689,0.6179831738736483,3
ZAF,2019,8.7,2231.91074710296,0.7403225501484981,1
ZAF,2020,9.8,2037.46194166103,0.8111100390145045,0
ZAF,2021,9.7,2124.62297436572,0.5202274443049749,4
ZAF,2022,9.7,1938.30644693274,0.9888467586890001,1
ZAF,2023,9.7,1938.50916018053,0.7679267603836848,4
ZAF,2024,9.7,1938.50916018053,0.8746396716056464,5
ZAF,2025,9.7,1938.50916018053,0.866034817355538,1
