iso3,year,co2_emissions_per_capita,temp_anomaly_celsius,forest_area_pct_land,floods_count,droughts_count,wildfires_count,extreme_temp_count,storms_count,disaster_economic_damage_usd,renewable_energy_pct_share,greenhouse_gas_total_kt,energy_use_per_capita,protected_area_pct
ARE,1960,0.9898389312834565,-0.28166395307508935,14.129428229118208,0.0,0.0,0.0,0.0,0.0,57693.742202489484,9.511958582133232,9715.271945881428,326.2759311477484,2.4936767004341096
ARE,1961,0.8605849918320726,-0.3696291916520907,8.17324032341459,0.0,0.0,0.0,0.0,0.0,32007.082741707374,4.530397542610363,66033.21775367032,414.8811351282782,5.320259193408949
ARE,1962,0.6154240379363415,-0.30527532981494077,3.0602081658975813,1.0,0.0,0.0,0.0,0.0,879142.0147325838,3.1997546390156826,-30.14160476194229,800.0340537259854,1.0695063702245746
ARE,1963,1.5739351548743166,-0.32441789661185305,13.858137872445024,0.0,0.0,0.0,1.0,0.0,5674.783896124849,5.986404340100453,55319.1299390658,158.12963178640928,4.308871221866466
ARE,1964,0.5377409799792018,-0.27902908691433964,9.895006882863617,0.0,1.0,1.0,0.0,1.0,140306.75461190753,9.955909613485604,21687.410217670895,1027.4052235942463,4.9777472880072695
ARE,1965,1.8185851207042991,-0.46908604040789015,13.261779744279538,1.0,0.0,0.0,0.0,0.0,175612.9520801568,9.74725216167072,52686.1055127788,848.6058778009532,3.1406856572066175
ARE,1966,0.8802112237972405,-0.4132982308263709,13.403392222134604,0.0,1.0,0.0,0.0,0.0,288433.5296547225,8.38278801798455,74142.64131317922,769.3343303367552,5.03567856434027
ARE,1967,1.1152637901928506,-0.20492590189248308,18.52464955678165,0.0,0.0,0.0,0.0,0.0,199149.72023333202,11.506207567359503,30402.528672593235,924.2337573044986,5.169786868400401
ARE,1968,0.8037291402723646,-0.15742470495657973,15.987515838343274,0.0,0.0,0.0,0.0,1.0,55254.26033655975,10.857437357574975,14140.02657772381,1038.7224729938873,4.412598844676784
ARE,1969,1.4663072092903078,-0.298284022369541,15.86948862677733,0.0,0.0,0.0,0.0,0.0,198229.48236378437,10.68330076241951,48977.635226127335,865.1339968850988,6.57621484500703
ARE,1970,2.43163826687919,-0.2287975929383027,18.052623987690062,1.0,0.0,0.0,0.0,1.0,829699.964567506,10.325272904279506,50816.263272751414,1042.153758312866,4.577298990150183
ARE,1971,2.2927336060297505,-0.1682489007870193,17.426667685247487,0.0,0.0,0.0,0.0,0.0,438692.9378644883,12.87167306076907,33876.81262908783,681.2393813438316,7.167929534855229
ARE,1972,2.6938799607717296,-0.11758088802652325,15.948360762553305,1.0,0.0,1.0,0.0,0.0,145011.76565669218,13.082743950031105,21646.783937525026,1157.504083547755,6.156433547616183
ARE,1973,2.5765825123726622,-0.31506975760001243,20.401953079813136,1.0,0.0,0.0,0.0,2.0,160616.27607459176,11.336560976677593,108433.87828092472,1168.795645760499,5.88873334514209
ARE,1974,1.7971784195549065,-0.20211263597254936,15.624705423583091,1.0,0.0,1.0,0.0,2.0,36365.716608786606,14.389347992025526,122038.65399989764,1427.7315890576497,6.390118262177723
ARE,1975,2.407689719784752,-0.13472551229781984,19.929394159151723,0.0,1.0,0.0,0.0,1.0,221496.43753500073,11.738278325436376,77013.0562431018,1198.323480755267,5.16395878047246
ARE,1976,2.326270782333769,-0.027243005914846824,16.021881086730133,0.0,0.0,1.0,0.0,1.0,88787.38588671919,14.430202723888291,92409.57493050097,1301.7456817568866,7.031913996141975
ARE,1977,3.727978264833024,0.14253846582962584,21.218110491662056,1.0,0.0,0.0,1.0,2.0,31750.78511214562,15.538335522781585,128022.30959047892,1089.595489739365,6.425615276093576
ARE,1978,2.473811518066168,-0.04788011174320562,22.056234929481445,0.0,1.0,1.0,0.0,1.0,183212.89257909553,14.662587663842523,137052.39112690644,1387.8048017906028,8.851966385007369
ARE,1979,3.885884957054886,-0.11297436592050739,26.67813212503078,0.0,1.0,0.0,0.0,3.0,13489.685890923856,16.540033894972932,170009.28517451594,1617.4506974871363,10.253449906652186
ARE,1980,4.106274821067486,0.062487720368096016,19.534636334895303,0.0,0.0,0.0,0.0,1.0,38394.92734811058,18.470455535728995,150711.15447801296,1729.9552248326936,10.170134298339127
ARE,1981,4.8761123357992044,0.16816045896325044,22.950306929115268,0.0,1.0,1.0,1.0,0.0,76025.20858087728,15.571797698156491,119653.48205918046,2061.126730727913,9.095141323272477
ARE,1982,3.8297236762704956,0.10468195987418018,27.557982010054737,2.0,0.0,2.0,2.0,0.0,1471281.53573107,19.365144157618445,175440.10394995013,1865.5690153913617,10.309225992275206
ARE,1983,4.725425861824683,0.058367680918590764,27.428904532584962,3.0,0.0,2.0,0.0,3.0,533018.7741901095,24.914741515867703,149163.93705395405,1837.7185974467677,11.678083477526549
ARE,1984,5.886902284413187,0.2435894253571288,28.167947317053983,5.0,0.0,0.0,0.0,2.0,257518.33277594714,19.086213278010206,176180.5918656771,2096.2319058278954,12.382892735462317
ARE,1985,4.486573726941797,0.2571487195569075,26.48669418251092,2.0,0.0,0.0,1.0,3.0,89336.92308662662,24.306761807914942,217150.51241484724,1943.4469875120808,14.863128344854495
ARE,1986,4.232443766375695,0.16001327628442685,28.588571124148828,2.0,0.0,1.0,1.0,0.0,252443.90766635782,22.843848648247892,178665.153077269,2497.5569638418,14.10942575051395
ARE,1987,4.312905287168958,0.311406022504093,34.390476679975194,2.0,0.0,0.0,1.0,4.0,369053.66570704646,26.81181772178567,211526.71079175486,2137.141330552966,14.12286197451241
ARE,1988,6.086718447501771,0.4000468497127453,32.37952714999129,3.0,0.0,1.0,2.0,8.0,1646.7708558575473,23.62972633013827,195049.73667453704,2320.5671368653348,14.75054519227556
ARE,1989,4.8799279743585044,0.45458450343840756,34.68943986641418,2.0,1.0,4.0,0.0,7.0,1622152.8563181648,26.389587023910142,213367.9154927746,2279.8557578858818,14.813410130819086
ARE,1990,6.035916544560695,0.3946840819752435,34.7120291780588,0.0,1.0,2.0,1.0,3.0,369596.21313006006,32.47447930703635,236855.7587728048,2669.4712262058497,16.000221289442823
ARE,1991,6.788715738555212,0.41132034427195846,33.29124558582259,3.0,2.0,5.0,2.0,5.0,1699677.782831774,28.234355701549458,303638.50119504216,2919.0206502931524,17.70332228268619
ARE,1992,6.929566902770698,0.5779163014664658,39.82622593081139,1.0,1.0,0.0,0.0,1.0,246915.69612705807,31.167724422342996,276199.7574510392,3272.7393273743255,16.405837888217224
ARE,1993,7.350719740239978,0.4222951866601836,39.980206801914186,2.0,0.0,0.0,3.0,5.0,388300.56024707336,32.18759440594066,353616.6886474893,2986.3937109462922,18.658906344591063
ARE,1994,7.512724758378689,0.5929865994536037,45.69847509904057,4.0,0.0,1.0,0.0,0.0,250652.42759134911,27.37673225775375,323569.88454039895,3061.0945136247783,18.61085476191283
ARE,1995,8.393630151476529,0.486332799733813,38.584013110966374,5.0,2.0,2.0,1.0,4.0,3930.670785168635,34.01468371567304,336110.03941004426,2598.4477778967275,21.833757588510203
ARE,1996,7.377465602671839,0.7182801917420409,44.33924761429097,2.0,0.0,4.0,1.0,8.0,796487.308103374,31.270090595395825,295889.2663503661,3387.0210903107345,20.491758638522626
ARE,1997,7.794887175320255,0.6484567942201729,40.1305286933158,2.0,1.0,4.0,1.0,2.0,254800.00038153768,36.49248005695971,330596.05843767576,3446.9684479473367,21.168058913832997
ARE,1998,7.9904273519368205,0.8054458286559775,44.892090475563315,0.0,3.0,1.0,1.0,6.0,276941.1118864133,36.31370910715466,316779.377653521,3546.5926407279794,20.120660822695537
ARE,1999,9.153279572008545,0.7768322247084484,47.98874160390811,5.0,1.0,2.0,5.0,4.0,197457.24933217428,34.483668423700976,348033.751684156,3995.3271428096414,23.956624850065893
ARE,2000,9.424902842572218,0.6718361074030533,41.37259114125903,2.0,2.0,3.0,1.0,7.0,255055.62661547662,35.21911703234373,354395.72051147005,3864.315875552334,23.17940141943598
ARE,2001,9.387445772951995,0.9143863875183679,47.00067409415187,3.0,1.0,2.0,1.0,8.0,591542.3737845874,38.598000778815226,374334.2352734565,3728.4395006139807,24.91723822315702
ARE,2002,10.01854386870041,0.9537392749126465,47.018214839844326,4.0,2.0,4.0,0.0,7.0,560816.3089590156,45.16592746159586,405090.8113693199,3699.213793770525,23.261079916278153
ARE,2003,8.859728806248006,0.9279188922760312,47.53685590639012,5.0,0.0,3.0,3.0,3.0,780681.3138193114,44.015043046414405,386596.61196657683,3721.453623679287,24.00108308623995
ARE,2004,10.683768582565595,0.8225671924908332,51.07222605857747,2.0,1.0,3.0,2.0,5.0,1764312.0556940536,41.90724733281334,422335.92936404597,3965.555067569794,22.542345923032354
ARE,2005,10.77796868371145,0.8836380455612373,53.68043807573867,3.0,0.0,3.0,7.0,6.0,241901.57835541235,42.95031717003525,372395.2359999196,4230.492635027198,27.474813544892974
ARE,2006,10.491194077456436,0.94286359360674,51.26772246862333,3.0,5.0,4.0,2.0,6.0,204900.39762758467,43.79447800219203,427361.3611162177,3714.7079066446468,25.81367006484861
ARE,2007,11.248183824082709,0.8965587439198298,52.79045281472332,3.0,1.0,5.0,1.0,10.0,341840.92248202773,41.84654995032647,412050.69422426977,4242.277186256711,28.272969873905737
ARE,2008,9.416154409229671,1.1084260219562763,53.19321863762374,6.0,1.0,4.0,1.0,5.0,85525.2155963463,42.058304802504665,435540.761415808,4521.7297787590705,25.539252365103117
ARE,2009,10.2021948664745,1.0033725587572864,53.49908504774115,4.0,6.0,5.0,2.0,11.0,734301.4107047525,46.06002459839466,456605.9158916837,4145.191646211182,27.01754863847896
ARE,2010,10.206366906853523,0.7930074809960231,51.31649730461385,3.0,4.0,4.0,1.0,5.0,456862.13479401334,43.28204733107891,404551.77991822566,4397.8773213789,28.052190588116414
ARE,2011,11.160237167410925,1.0525935511075168,57.31627044452658,7.0,2.0,5.0,3.0,5.0,126426.62776404525,48.33188568019464,482214.48852431186,4254.223529927009,27.407037984454586
ARE,2012,10.249038449852385,1.0125466256631188,55.75046396441283,3.0,1.0,0.0,2.0,7.0,1077493.407372557,42.4663438428695,445392.9715733016,3894.751802668641,26.741102119524385
ARE,2013,11.387645659198208,1.0482091378867544,56.43105567426364,8.0,1.0,6.0,2.0,8.0,528403.2027135751,43.87090807887682,500984.73763482145,4383.637375128773,26.784069565693123
ARE,2014,11.831572273118002,1.0374341363468682,53.82509110273993,6.0,3.0,3.0,2.0,6.0,19220.843177100553,49.442472350866744,460268.57981083903,4359.156862104945,27.185357240263656
ARE,2015,11.527372597304,1.1431906252945456,55.059040003964725,6.0,3.0,3.0,2.0,8.0,123074.50104141867,45.94096382882654,495102.92206263327,4825.615854539573,31.614532308108146
ARE,2016,11.368065004656877,1.178953549734916,56.10274348855572,2.0,1.0,5.0,1.0,8.0,1263841.3038994218,46.61292483583761,466990.7868797126,4787.975461566183,27.19402947355151
ARE,2017,10.707779234326608,1.1218868832894981,53.01602046352805,6.0,2.0,3.0,3.0,7.0,277040.3823458736,48.61842057620994,475243.6488279969,4459.201627323053,25.455792690056327
ARE,2018,10.853832671640925,1.0811364235907575,52.91370539206237,4.0,3.0,4.0,5.0,8.0,2432070.6295717754,50.02764966763765,474295.0058966131,5034.348914205903,28.447054900266455
ARE,2019,12.11876489514378,1.113247322689798,55.890452019482694,7.0,3.0,3.0,2.0,6.0,447038.68690443167,49.02509132137634,468498.1711046532,4925.3013709608595,28.57421023622609
ARE,2020,11.90272813570355,1.1256865722421037,58.93500825722764,6.0,3.0,3.0,1.0,1.0,139852.05310943976,48.51217893243056,469913.68767004233,4716.834279704467,28.23128399696595
ARE,2021,11.481830344535421,1.066833988905075,56.21179377812084,3.0,4.0,3.0,4.0,6.0,547444.0373489587,49.86168405088027,484117.2925314912,4874.958974364907,27.923923052566483
ARE,2022,11.309296199021823,1.183649135410876,55.494700866185,3.0,3.0,4.0,3.0,8.0,66405.29362110952,49.158119550149124,494137.4754674756,4593.758704297466,28.519941845063894
ARE,2023,10.426091796325641,1.1798894830726194,56.18472640327401,7.0,3.0,4.0,2.0,8.0,1025715.4002449958,50.84080543469041,488077.4884126732,4254.256614336564,27.156445725193166
ARE,2024,11.012862015224266,1.2715625556646133,57.246870707214185,9.0,4.0,3.0,0.0,9.0,622712.1420516539,54.974736484253455,496838.0352680913,4869.567196573014,31.585636027185355
ARE,2025,12.761975321464744,1.2535284132209081,57.649741055381924,6.0,1.0,6.0,0.0,5.0,2118256.092747608,49.81795446124133,447495.8919490592,4541.667481227495,29.52227444919786
ARG,1960,1.0779712483578547,-0.3604095139232278,15.647808440911998,2.0,0.0,0.0,0.0,0.0,10437.96498333879,4.3428774449949135,15356.427056751527,535.9668733609475,0.3049043212266964
ARG,1961,1.404339309156924,-0.17845617542368103,15.535433083094786,0.0,1.0,0.0,0.0,0.0,62382.89921066022,8.363003513579887,10694.06907159955,937.0343831130167,2.3151623073617253
ARG,1962,1.1186912254530132,-0.3792676752702717,9.72479545507985,0.0,0.0,0.0,1.0,2.0,165641.2039557498,13.010923509214578,74260.71236852533,374.45195881300003,3.2067645623580323
ARG,1963,1.5039320398555258,-0.23749893612995276,16.371675431367006,0.0,0.0,0.0,0.0,1.0,185499.3895039169,7.004229008264159,12136.503904328543,795.562695496206,4.972068785227424
ARG,1964,1.3321646224643073,-0.26087830435415843,12.661524763122518,0.0,0.0,0.0,1.0,0.0,216002.27410101978,3.739418572612716,25340.811547780504,429.36167549788536,2.196230189817988
ARG,1965,0.23647579459082468,-0.17770537176316908,15.294741538926157,0.0,0.0,0.0,0.0,1.0,81019.77083105658,7.394602891870036,29557.227290942556,662.1489949251231,4.332395127538832
ARG,1966,0.9163681582343235,-0.3202988123919247,11.893096494578092,0.0,0.0,0.0,0.0,0.0,213844.58953698137,9.84518516761517,82413.35816206166,655.1229595386756,4.214265761693198
ARG,1967,1.465063707130917,-0.3128407743061309,14.911097835427821,1.0,0.0,0.0,0.0,0.0,113297.39469711014,9.978080435510114,70431.8130910499,511.180086382886,5.974586227999766
ARG,1968,0.9515561477427421,-0.15271362481031187,15.771832413226525,0.0,0.0,0.0,0.0,0.0,175250.51245752064,11.375257839891633,64946.52633851941,570.1131264912704,3.3973165935885525
ARG,1969,2.0995724634973665,-0.19141938142061046,11.743329079981516,0.0,1.0,0.0,0.0,0.0,172339.0081836546,8.573319259907525,61250.039883482146,1188.165862823973,5.288904245232913
ARG,1970,2.7510153318519777,-0.33287031249875265,17.48081401696635,1.0,0.0,1.0,0.0,1.0,41420.466148533174,9.734054830207262,65848.53044362861,734.9498370688161,7.484037166857176
ARG,1971,2.6970355199004326,-0.23497084217626507,19.87026123774568,0.0,0.0,0.0,1.0,0.0,435866.5979738757,5.338003475398843,67824.02926809332,1146.1900303409052,6.901557676232853
ARG,1972,2.0085575955707395,-0.1421276838513747,16.65593338082032,1.0,0.0,1.0,0.0,1.0,484432.3093671122,12.764913379423279,123063.35793988346,1126.1888532439743,6.810822751736865
ARG,1973,3.133518077149372,-0.08583443814261735,21.12368358124677,0.0,1.0,0.0,0.0,2.0,56383.25424447207,9.003055544366806,46464.84997762307,882.3868086427135,5.890264599283696
ARG,1974,2.517272358851083,-0.18556786846971562,17.92484700967276,1.0,0.0,0.0,0.0,0.0,137385.89594286564,13.009305708307346,15824.88849883234,1088.716931329647,6.91542694963593
ARG,1975,2.4040690903802253,-0.34125964109518514,21.245237517934363,1.0,0.0,2.0,0.0,1.0,164129.79297562153,11.248859181200084,103083.71032042314,1185.7654937018365,6.949993489506907
ARG,1976,2.4221787500402696,-0.04163636683476811,14.344380657193161,0.0,0.0,1.0,0.0,1.0,214951.0615171203,13.70627372667792,134708.25426962992,1344.1699932106699,8.738047248509908
ARG,1977,2.788977625279902,-0.15496162806361186,26.755195296155726,2.0,0.0,3.0,0.0,1.0,6250.516864254876,16.793887337322,112497.8967568973,1211.3900216163747,8.733658285232929
ARG,1978,2.9387633191000906,-0.19102675744822112,25.312406438156515,0.0,0.0,1.0,1.0,0.0,405324.5954935087,14.432720179753595,67103.02835805243,1033.8366291728275,7.602771067891707
ARG,1979,3.4699981135220526,-0.22700224295091959,21.775430959609924,2.0,0.0,0.0,0.0,1.0,579208.3594071558,14.574064153776382,144228.37622958192,1309.1736154343546,11.436326055158258
ARG,1980,3.685156384858616,0.09542474300781148,18.51684850189021,1.0,0.0,1.0,1.0,5.0,46013.150941947046,17.108169059776902,108632.89099535564,1837.9323430842658,11.216455117302582
ARG,1981,3.8258321814006675,0.07277019183239093,25.172595789513522,1.0,1.0,0.0,0.0,1.0,697849.8338261584,16.56168052491049,113209.70670162723,1651.1596220954145,8.880189445858068
ARG,1982,4.316532914636608,0.07798831973883996,21.891462075934985,1.0,0.0,4.0,1.0,1.0,599514.298396512,16.832062321965402,131307.27422071106,1658.2334756339778,10.199262094499502
ARG,1983,5.000462228068236,0.24202151356795515,27.702745235485413,1.0,2.0,0.0,0.0,2.0,252016.60640641066,24.131376278834903,126438.35823795198,1512.8694227283409,11.068955238706526
ARG,1984,5.120946106282114,0.2179358846805731,28.746098986620932,1.0,2.0,0.0,1.0,6.0,106000.50037318432,16.77206490300069,182890.7827320155,2256.1280805966985,13.064413436822896
ARG,1985,3.987901359319978,0.33336907349478606,26.523525517402206,2.0,1.0,1.0,1.0,1.0,78485.53860551491,23.46051088976566,173229.22177267238,2025.7307727301925,11.438381955157505
ARG,1986,3.6465872561381776,0.13068090604671706,32.868034553413345,2.0,0.0,1.0,1.0,2.0,231712.76536909313,22.75395558976082,168059.0253990813,2441.7297882978883,12.299881931595332
ARG,1987,5.931145005628505,0.27812792318502855,33.29181091643249,2.0,0.0,0.0,1.0,2.0,249450.24876066047,22.291958783740288,272731.1552814235,2460.485042888015,15.14531970832582
ARG,1988,4.890953779317638,0.19092853430419432,34.947858477597514,0.0,2.0,1.0,2.0,1.0,379862.839104918,26.0391221144848,212374.82754526386,2602.6652805164053,15.386789961255634
ARG,1989,5.833499237903897,0.3416827134852587,33.773184885225234,5.0,1.0,1.0,0.0,3.0,594489.6406744167,26.45334756357884,239325.80286344915,2922.568820261756,12.572723316833178
ARG,1990,5.577185010015868,0.3801107316986658,31.461189832715732,5.0,2.0,1.0,0.0,1.0,1022138.6816528087,30.471192678407878,289273.0477594935,2678.4128215734827,16.92063474548631
ARG,1991,5.501121904399298,0.4900957909473497,38.69364005447485,3.0,1.0,2.0,4.0,4.0,608562.5354900941,26.071433541701133,279868.0621256641,2736.0331569411364,14.635436965435678
ARG,1992,7.13443203781125,0.48337950619131664,36.81577136778442,2.0,1.0,3.0,0.0,2.0,934983.6390884358,28.581216565273518,322983.1363988259,3251.73311296419,16.50687786711983
ARG,1993,7.542603160508101,0.5689805979610477,35.247675482601274,2.0,0.0,1.0,2.0,5.0,275024.2780852279,33.12601868886563,270278.787849081,3195.8635205844043,17.57361227951475
ARG,1994,7.053414610875334,0.6141754668310347,43.314481420558415,3.0,2.0,0.0,1.0,3.0,16062.618997288248,31.479780606881373,325878.4783995124,2948.2010984997687,18.106258435657786
ARG,1995,6.168432990838004,0.7683292241136188,46.37148536134901,4.0,1.0,1.0,1.0,5.0,21953.93404177809,34.240864330123976,323846.1375006558,3470.748686325723,18.519765834924637
ARG,1996,7.61095696385147,0.6078263575383827,42.17969498884176,4.0,1.0,2.0,0.0,7.0,131309.2223425864,36.78784040394948,348008.6758228542,3690.6073202670514,18.62549225176276
ARG,1997,8.409446683040375,0.5938186194157555,48.80719149491654,3.0,4.0,1.0,0.0,5.0,406929.64169025375,36.333381213414114,355492.8092765445,2899.985351998178,21.426639705314205
ARG,1998,7.58433238092242,0.7236458590294926,44.727010877908995,5.0,4.0,4.0,2.0,2.0,177612.83285537938,34.67380451990867,326036.7650812676,3250.4233342883645,19.060966473379533
ARG,1999,8.781351234060558,0.6733368020288427,44.59633537083432,3.0,2.0,3.0,0.0,8.0,80399.68311843005,36.202996567020826,426208.3030374765,3451.0915006286714,21.162225114391518
ARG,2000,8.898370490970585,0.8882505872829307,44.97678279603655,4.0,1.0,1.0,1.0,5.0,855191.7399503541,40.650026223607725,309394.70655594073,3905.8949642349257,23.57716275803532
ARG,2001,9.461083826614479,0.7777587258365698,51.60571129973774,3.0,2.0,5.0,0.0,8.0,1921205.6439512596,39.110931934860695,353817.1008447547,4011.612225877811,23.563732348459617
ARG,2002,9.40679372207684,0.7843935441685089,46.47587947148145,6.0,0.0,5.0,1.0,9.0,7803.421944776905,39.12523541537081,401488.0728812342,4034.1580432678543,21.58028626095641
ARG,2003,8.977587663982531,0.8196307151760045,51.129922427065395,6.0,2.0,2.0,5.0,8.0,44262.8616816482,41.225696689444355,400383.31693165994,4199.377259704537,21.301992052195235
ARG,2004,10.413143331880772,0.9409676155714621,48.71128484028106,2.0,1.0,4.0,2.0,1.0,332076.2712970018,38.208761815711284,404630.86795153364,3809.838001504745,22.93623759384114
ARG,2005,9.810951971736394,0.8954994032513112,49.72795690324628,6.0,0.0,3.0,3.0,6.0,200843.76124382723,41.25815753531545,426822.91159687587,3859.1792292264595,21.842772061938042
ARG,2006,10.05251131882192,0.8798960706038487,54.17654349162014,3.0,2.0,0.0,0.0,10.0,754357.2799332701,42.264122012812855,395149.92499033036,4504.974653418517,25.424863531893443
ARG,2007,9.687020375072262,1.086083729276227,51.32664463009988,3.0,2.0,5.0,1.0,4.0,533750.629498215,42.83557636620669,443877.6856092479,4298.402913415697,25.03167002262529
ARG,2008,10.113825459209274,0.9045447089062797,51.895458306424885,5.0,4.0,4.0,3.0,6.0,36194.81055809636,42.72960016069298,425992.9661443674,4617.338162566758,25.492641492440118
ARG,2009,9.994990984260056,0.9946717269418428,56.32658802478713,4.0,1.0,6.0,4.0,9.0,407376.6280200421,43.45031793781992,470029.8052722051,4224.32241834331,27.071513649072045
ARG,2010,10.529722412289678,1.0614598168934302,58.033347131948176,6.0,2.0,3.0,3.0,7.0,215394.62550163918,44.37944070647769,432917.4398540596,4191.557434471851,27.88538960646916
ARG,2011,11.729618932332299,0.8949382772536534,56.15688344842994,6.0,0.0,2.0,4.0,6.0,1786873.0892272834,48.376267988905695,457232.44663736055,4188.591629709747,27.278873566142238
ARG,2012,10.064026217938089,1.0788200575209779,53.37555110495587,4.0,2.0,1.0,0.0,3.0,348239.8868123714,40.554263189823146,466129.2504560478,4719.409951674372,26.894937530486512
ARG,2013,10.024288144550027,0.9697946483377944,54.16733070101324,5.0,2.0,2.0,4.0,4.0,1437970.0581298238,47.47215568362048,477113.87473523227,4837.742348686283,26.4651943413788
ARG,2014,11.889436928628717,1.1327463080764444,56.04115333465398,5.0,4.0,4.0,2.0,6.0,17004.76373289189,46.06200680230793,459429.26718453586,4736.404412635415,27.17996082240154
ARG,2015,11.007269815393377,1.0016148310124924,57.00941615375197,4.0,2.0,3.0,2.0,16.0,61315.689049607565,46.44732858514231,454998.1363318432,4529.87386640789,28.16618805260428
ARG,2016,10.820191341322062,1.1448000499985542,54.07341420748323,5.0,3.0,4.0,2.0,5.0,278273.21306279866,45.974832206540285,446163.43918860273,4824.77692591162,29.359758297771965
ARG,2017,11.873751600597284,1.1877092756123828,58.65892704609984,3.0,1.0,7.0,2.0,11.0,1258940.9907836777,48.295266558729075,480706.1180057914,4847.3050290229485,26.29142126998076
ARG,2018,10.992543041814313,1.1771962406124346,57.34757452915556,8.0,3.0,6.0,5.0,6.0,460154.02872949094,49.55837790383837,424057.17674977006,4254.6460289498345,26.815838224181224
ARG,2019,12.450189609887685,1.13665963093358,53.10305104948379,5.0,1.0,4.0,4.0,6.0,1029806.4985194417,43.3866465328557,481682.6892835613,4672.532650062726,28.5310913879492
ARG,2020,11.844409834478064,1.1056145274815175,55.306390134969845,4.0,1.0,5.0,1.0,6.0,200051.0348338031,52.5771994949864,485897.6878864116,4842.767906476524,25.716542608296983
ARG,2021,11.223717508493731,1.0849148259874746,56.584315568816535,6.0,4.0,4.0,4.0,5.0,71815.13831631685,48.38444735132123,525246.1900726231,5057.788460275229,29.192455027700603
ARG,2022,12.790046410464875,1.2550176187905457,57.85956963805915,8.0,1.0,2.0,2.0,7.0,173684.8552055027,48.484336087999054,463972.9159941042,4795.915100507577,30.3823672365297
ARG,2023,11.242645242637764,1.0871264795503708,62.94463752512818,6.0,2.0,3.0,10.0,9.0,645216.6025134485,45.26231068019392,486933.5458326747,4867.840275082463,32.30577744187932
ARG,2024,12.05530699487317,1.0653619705968795,58.98065503042654,3.0,4.0,4.0,2.0,4.0,1292244.3074288482,47.261947282618934,487853.1800246738,4832.380070273955,29.210624872669975
ARG,2025,11.835002580093136,1.2063299456004566,56.43245873768562,7.0,2.0,5.0,2.0,10.0,386942.260414371,51.73885025464513,457777.21027684846,4924.574292042279,30.382291934282
AUS,1960,0.7155418875858821,-0.3826491420285754,17.330377789968388,1.0,1.0,0.0,0.0,0.0,275050.3590455075,6.408377448908409,23618.21836472388,448.7688921251836,3.194285920679242
AUS,1961,0.7853220841885784,-0.165319044262069,12.637379240215367,0.0,0.0,0.0,0.0,0.0,262728.2652952658,6.885603120989097,15421.825924839117,678.4046285139768,4.209421802524509
AUS,1962,1.1403948924627916,-0.3043366520401922,13.832674369706417,0.0,0.0,0.0,0.0,1.0,4748.494786393126,6.030058073076456,76226.94305842734,403.35705238266905,4.332271561258754
AUS,1963,0.9117243512535447,-0.23773545623129388,16.54691180126184,0.0,0.0,0.0,0.0,0.0,26072.42986531082,6.887217322601582,2767.9141228330955,226.2730057248611,2.4475776409660623
AUS,1964,0.8852055089091186,-0.3380366480462259,13.089072255132074,0.0,1.0,0.0,0.0,2.0,253832.81150960427,9.292833287663601,87152.87398457987,709.069732820768,3.489766677669722
AUS,1965,1.4335664511671415,-0.2495776617464485,12.151348824062916,0.0,0.0,0.0,0.0,0.0,76700.80235323284,10.053094888660231,4564.5935612488465,232.59678017195768,4.050057976433989
AUS,1966,1.3098741096631155,-0.2420348863182686,16.343609202213326,0.0,0.0,0.0,2.0,0.0,201176.92121456043,12.567391102370049,60866.349596834625,1195.9653483577677,4.454992570526927
AUS,1967,2.4127100201058918,-0.4053752057439224,14.752246165951982,0.0,0.0,0.0,0.0,1.0,167483.76946001386,8.86639660009854,30955.30383550375,645.049821448908,5.152412741169568
AUS,1968,0.12282298505039702,-0.07917720857165256,15.445010580097408,0.0,0.0,0.0,0.0,0.0,221706.71312189562,8.895293711761264,57134.37171478164,750.5516852046965,5.043195210006705
AUS,1969,2.3822298836049645,-0.12219352921321551,13.369162702110735,0.0,0.0,0.0,0.0,1.0,12004.257971385332,10.802972795867786,51176.548153342665,739.8970136524114,5.113453074408508
AUS,1970,2.5873325889404883,-0.24105095005629096,11.665965730197387,0.0,0.0,1.0,1.0,0.0,601960.0240834123,9.309198853384004,39762.09910728574,893.3355230243521,4.7283523784985855
AUS,1971,0.8040480715397893,-0.2800080202556719,17.095779742847643,2.0,0.0,0.0,0.0,1.0,4927.264043143822,9.413241566850392,67946.48093140093,991.4534141159055,7.122737430847684
AUS,1972,1.9342418797594085,-0.14523336705493542,19.354958348759887,1.0,1.0,0.0,1.0,0.0,1935.5832679102296,12.111380800275311,61376.90311411118,769.3286174143622,6.458341778201696
AUS,1973,2.062772050513069,-0.14591975991319275,17.15874638148663,1.0,0.0,0.0,1.0,2.0,63454.322853459074,11.069334386149869,92334.06661535738,425.7701196696761,6.168084528153395
AUS,1974,1.6224693464971214,-0.10277590032922083,21.990154542200944,1.0,0.0,0.0,2.0,1.0,1284008.0073869973,11.90774244707546,59736.01765006424,830.8309221144899,6.158010013327132
AUS,1975,2.1506489284083443,-0.09279297021430268,17.36148537677896,0.0,1.0,0.0,1.0,1.0,19765.58194578156,14.571949318874431,103818.55267104284,1043.3661711441796,7.499691282176859
AUS,1976,2.1363041704334584,-0.042994942549256676,17.25404443465611,0.0,0.0,2.0,0.0,0.0,560371.7448767202,14.599484660762396,121269.92688605859,1295.5880623302828,7.580290453822136
AUS,1977,3.9704531999791595,0.05844848308325076,20.54017507988174,0.0,0.0,0.0,0.0,1.0,48082.295900499455,19.138618485110246,105167.68086321498,1349.7112497966193,5.863203464513338
AUS,1978,3.6999800658210873,0.015808602811863512,21.367279386670894,0.0,2.0,1.0,1.0,0.0,32925.134505346934,17.490477208135676,83501.8637805609,1564.9414819572405,7.094527494100495
AUS,1979,4.103152965277788,-0.08438860886498357,24.411916548582177,0.0,0.0,1.0,1.0,0.0,441516.65191031585,14.511773408857742,168841.3082551136,1087.691228305884,10.819123887664288
AUS,1980,4.007787782579804,0.13931130240898837,21.50966400833979,0.0,1.0,2.0,1.0,2.0,562565.8963290718,16.202901244990596,146853.13677058482,1354.2267460991256,10.04898938612653
AUS,1981,3.174875951362547,0.1937299608790566,27.872760460787042,1.0,0.0,1.0,0.0,0.0,483112.28368285194,14.91840951683802,127245.47359776656,1554.9129668902656,9.19780882307006
AUS,1982,3.763694313921587,0.34820536895678694,30.41856834989001,1.0,0.0,0.0,0.0,1.0,86874.33866142323,16.761919977171853,168024.41289677832,2115.28669947656,10.158676031858517
AUS,1983,4.597230992772142,0.04102004187176636,26.49275132417084,2.0,1.0,2.0,0.0,1.0,683362.5934710425,22.771552225101615,124766.45575526656,2498.837961766368,10.083987772396704
AUS,1984,3.8722289882904835,0.1863804710907493,30.841460739171023,1.0,0.0,1.0,0.0,5.0,24618.032051060378,20.320501202483573,207167.8748224263,1648.5298119766144,11.187117145708784
AUS,1985,5.251691788527796,0.03749717382191367,26.23579076334412,2.0,1.0,0.0,0.0,1.0,141249.18302329,18.870590856748805,242398.73695808955,2330.972605643458,14.005439718370958
AUS,1986,4.976904804765875,0.2863516763304136,32.75367084733219,1.0,1.0,2.0,1.0,1.0,214623.89931545802,18.677835867008838,221815.88569284952,2206.5877338940695,12.983269011361532
AUS,1987,5.178389092324903,0.2370359492480038,33.89606518081571,2.0,1.0,1.0,0.0,0.0,24723.807604412596,20.838786914738883,188326.75756730538,2430.823126152273,15.082085157603913
AUS,1988,6.085711012623513,0.4741412678860318,34.666893334850805,1.0,0.0,1.0,1.0,0.0,312165.89675772336,23.45177076241041,176005.41463543943,2104.5471590187,16.88338315787589
AUS,1989,6.218190748096664,0.2980641024322095,33.71213290387726,1.0,1.0,1.0,1.0,4.0,301195.3928749195,26.38430312083199,272067.6854284107,2851.0351020527783,14.74737632749612
AUS,1990,6.042444454654029,0.26486535696261904,27.614377646894923,2.0,2.0,4.0,5.0,3.0,1819275.0190474263,26.607778155813534,246820.56153756334,2128.0425866689475,14.186851840064348
AUS,1991,7.203875292942253,0.4022656007101024,34.644641514816676,1.0,2.0,2.0,2.0,3.0,371779.51822643814,30.195647990144597,253198.44151594854,2458.447424841887,17.30551514092994
AUS,1992,6.201479555723555,0.32169537400259374,35.926909821412394,3.0,2.0,0.0,0.0,2.0,197629.93716918057,27.636911736761633,304433.5181851849,2820.820508174153,16.246921973243683
AUS,1993,7.460251917327031,0.5791959832592393,36.27648849543176,3.0,1.0,1.0,1.0,4.0,620707.5239930793,33.609433686214224,272916.8964978206,2860.4688734706556,18.08524018608126
AUS,1994,7.725941314625019,0.3926936124794176,40.23999051699027,0.0,0.0,1.0,1.0,5.0,165207.0418181218,31.634169236826516,318765.01355687465,3119.90132217982,18.999184900271185
AUS,1995,7.480293106215783,0.59821153641762,40.07555794628965,1.0,0.0,4.0,3.0,4.0,313972.2328204578,34.0418442798042,312199.08390002674,3064.653581578972,22.02893472785312
AUS,1996,8.112574009385865,0.4668251443727769,40.22128528687721,4.0,2.0,2.0,0.0,2.0,23968.313631666417,32.88410065883185,329344.0938308667,3250.7741579466337,20.530441275929423
AUS,1997,7.464769073512362,0.6434766111061345,40.762388237788755,2.0,1.0,0.0,0.0,1.0,166549.9138384695,37.356557404770875,375075.8945719491,3397.1478719804304,20.06931590333673
AUS,1998,8.966022069011512,0.8354294222685427,42.709941592667555,3.0,1.0,4.0,1.0,1.0,326687.24651545146,33.0625840299764,333098.7812987846,3490.394630169792,22.195465156560342
AUS,1999,8.569600551732826,0.7663710355148697,48.351223160875016,4.0,2.0,1.0,4.0,3.0,536181.21648512,34.2163396901893,341285.048472687,3676.379513373401,23.04780466775127
AUS,2000,8.60660791744661,0.7006142374108131,44.90036629493151,2.0,5.0,1.0,2.0,6.0,46928.88690480064,35.716222389053584,360752.4495573541,3946.555097897557,24.15642416596252
AUS,2001,9.731171519200064,0.7979198898370616,46.225658513672705,3.0,4.0,4.0,4.0,6.0,729927.3288513239,41.40755789729029,345367.76901303214,3649.1332435449362,21.71523694137852
AUS,2002,8.933037388176615,0.8310810033619839,47.28449513739277,7.0,3.0,1.0,2.0,3.0,1071441.9444788084,39.05018521641093,407857.6545071416,4228.7749590206995,25.325977812615434
AUS,2003,8.727237059580379,0.8951464005355664,50.139232936651474,2.0,1.0,4.0,2.0,4.0,155899.30224857054,38.22869596268579,413179.9651304918,4004.981453203753,27.204015250913905
AUS,2004,8.830052943647445,0.7741455526312647,51.249818149250416,6.0,1.0,5.0,2.0,3.0,695829.919339935,40.656363204792584,401056.30191600556,4366.609255328107,26.23719615816415
AUS,2005,10.250562198250645,0.9555245438176164,43.26708246157428,9.0,1.0,1.0,3.0,4.0,96952.05891038393,42.17785043608209,385913.13799655775,4062.11070520246,26.922810496840366
AUS,2006,9.331964551354769,0.7148780856860572,54.15500729126524,5.0,3.0,3.0,1.0,9.0,366849.9533760467,40.01746447655046,347684.75798540504,4006.920208626075,24.687886211724788
AUS,2007,11.23265610618036,0.9024648116772397,55.86765683143265,5.0,1.0,3.0,4.0,7.0,802836.2529399408,43.408084213297805,402121.5064958656,4292.867547690353,28.04016752992881
AUS,2008,9.17160334411125,0.9339763887630962,50.28198041157144,2.0,0.0,5.0,2.0,5.0,249166.34586666382,43.31048057576114,423449.7582056434,4935.81695770699,25.361656941820808
AUS,2009,11.479214956592296,1.0424925871049024,51.06383067001302,4.0,5.0,5.0,1.0,5.0,13792.559994240737,43.00694032513563,387692.3192099261,4067.6777197919646,26.302686805529067
AUS,2010,10.75050144038715,1.0110857929787613,52.914220429448434,5.0,1.0,1.0,0.0,5.0,407640.38099742343,41.78660646049649,502755.5224305532,4598.917515267112,26.01198170432197
AUS,2011,10.689776516924976,0.9130000417785162,52.65514889157784,4.0,2.0,3.0,0.0,5.0,991725.7264468493,47.08986801296268,455927.8443545766,4528.946415060765,26.13163787236135
AUS,2012,10.539540900208474,0.9615997673431427,55.57229272888226,6.0,1.0,5.0,2.0,5.0,61914.36349544242,44.456432283825656,463807.7889487207,4626.11336896182,27.19965011771907
AUS,2013,11.181589214081596,1.0700976631400227,50.577538733360036,4.0,0.0,2.0,2.0,9.0,16474.049041162485,39.29639195933168,450787.1547814787,4288.369681344093,25.83329974962386
AUS,2014,11.021874036425604,1.0605982982605597,53.046546155212035,6.0,1.0,2.0,4.0,4.0,918910.9251093342,47.058274249307104,476898.3692074837,4716.514815627666,26.709153968530003
AUS,2015,11.7620295119152,1.032296983195151,60.0550839993751,5.0,3.0,3.0,3.0,4.0,174819.63643099298,47.4434568058034,454639.8432439073,4712.894784127184,26.51429745765715
AUS,2016,11.270589064032187,1.0509118242896869,54.22252906446262,7.0,4.0,4.0,1.0,6.0,258265.449342813,48.98785564514594,461458.76677367854,4326.41241195282,30.21199414206725
AUS,2017,11.362229918185118,1.154936070081549,59.95990289240749,6.0,3.0,4.0,3.0,7.0,52552.33605384155,48.09597149656528,503630.6833823132,4734.868285552344,30.504800939597338
AUS,2018,11.131694955140043,1.0668659127322728,58.0221366940319,2.0,3.0,7.0,4.0,7.0,59442.35918376874,47.731852333867415,498790.2719051023,4673.479682995698,31.95843174293171
AUS,2019,11.367490290958584,1.1095069995522058,52.869152559608466,6.0,2.0,0.0,1.0,6.0,564845.9877516268,46.55762588797678,473702.2360900157,4671.72443038981,28.44601872483421
AUS,2020,11.631588475570918,1.2977135299623368,59.21702932916219,4.0,3.0,1.0,4.0,8.0,482084.87288704334,46.77686966039227,526795.215861944,4766.374775125238,28.71328156215593
AUS,2021,10.52091974239995,1.0171337811435481,57.55046899746356,7.0,5.0,3.0,2.0,10.0,210121.38751044412,49.580839740153884,476442.97350813757,5052.999104468927,29.873041220755486
AUS,2022,10.774387570126425,0.9891874249992046,56.90304621953744,4.0,1.0,4.0,2.0,7.0,370738.48458777287,47.88479126554386,467836.9364882458,4923.584822259061,27.116417253716136
AUS,2023,12.018308177427745,1.2057732703476707,58.833833269298204,11.0,2.0,7.0,6.0,11.0,305863.00516960723,45.16541763569964,485417.5638931129,4587.617863298124,27.634208902221324
AUS,2024,11.726849782891385,1.094035811578951,59.57181047899445,4.0,1.0,8.0,5.0,12.0,748198.7187508316,47.7722682419032,491391.52035861,4965.031619424022,26.859693289612867
AUS,2025,11.557118927956612,1.1276414285784204,60.30336801736873,0.0,3.0,3.0,1.0,10.0,1262981.1547049158,48.55889378966402,455622.66075209004,4851.81985893479,30.350763042453167
AUT,1960,1.0689260673945578,-0.3852535458469209,9.451630390649065,0.0,0.0,0.0,0.0,0.0,362472.2889991192,7.686978901856364,-16177.222223265555,496.55897414224467,0.9028143560252033
AUT,1961,0.5235081883274569,-0.2464603845390856,11.786740005378881,0.0,0.0,0.0,0.0,0.0,60624.76293734523,9.888885384554825,86677.04382614749,636.2935153360465,3.5610222881227998
AUT,1962,1.5852020214535631,-0.3650358111480881,15.635511534899559,0.0,0.0,0.0,0.0,0.0,62721.436757030184,5.730392499444808,14706.680342280833,612.1183860981553,4.22208640047406
AUT,1963,0.9290957939342981,-0.24767499571559154,14.565173173831637,0.0,0.0,0.0,0.0,0.0,77615.05217225011,8.662984429697314,99054.01270334693,750.4234896415185,3.9280455732473976
AUT,1964,1.1636468826279776,-0.31997471926418836,15.067697267437842,0.0,0.0,0.0,1.0,0.0,104276.15952580492,7.087664120445149,23768.782484973693,595.9252805541802,4.333024797537567
AUT,1965,0.8006181798444062,-0.43670397595733995,14.159098030195473,1.0,0.0,0.0,0.0,1.0,610219.9688676912,12.355761346511645,76575.92909789483,676.4222829686145,5.187561424115337
AUT,1966,-0.01685584412719643,-0.31254881103264154,15.46694428151759,0.0,0.0,0.0,0.0,0.0,14893.11131541281,10.143205135492792,60424.90310409789,693.7807137870606,2.4708752124004967
AUT,1967,1.4380730881757486,-0.348531919525258,12.554672194872545,0.0,0.0,0.0,0.0,0.0,139732.9328979478,8.665693422044898,65533.424548059425,630.7201717748405,4.639426503442079
AUT,1968,3.034384492303806,-0.23768699951391678,14.213749741166184,1.0,0.0,0.0,1.0,1.0,36904.542310117155,6.125772078189651,38422.90372993973,902.3465375329101,5.1381191519134894
AUT,1969,2.2057609092909125,-0.3206777049409785,15.93485165220234,0.0,0.0,0.0,1.0,1.0,362234.1176095782,7.5210845397808965,48617.95702940317,1011.7303401569156,4.398233158376685
AUT,1970,1.8597588849070747,-0.1351973167074426,16.6539357483106,0.0,1.0,0.0,1.0,0.0,7118.90135366637,4.682372886977864,54015.06061966138,849.9802725959938,2.3616334137957975
AUT,1971,1.8450852283797214,-0.1991125098474456,17.305893355454575,0.0,0.0,1.0,0.0,1.0,141181.9541511751,11.467437493856236,72779.61192992395,795.9662656915098,4.209157643347498
AUT,1972,2.1442051347225357,-0.18724597573991872,16.746715039983442,2.0,0.0,0.0,0.0,3.0,120503.72430347149,12.881876864169655,69669.53322394489,712.3081292735785,5.260255483977466
AUT,1973,2.590944039686395,-0.10038420484333788,16.779704751350913,0.0,0.0,0.0,0.0,0.0,23935.78648990319,13.562963128546428,67930.58861313987,1109.3985127570722,6.534463541860596
AUT,1974,1.7528212021572829,-0.05411686148821018,26.29350895091452,0.0,0.0,0.0,0.0,1.0,120553.2233798831,11.177690192389022,64475.43830328533,853.6866763045311,6.750325499191417
AUT,1975,3.2386284982076994,-0.10972706205140198,21.388244372648813,0.0,0.0,0.0,2.0,0.0,434605.904043136,16.08931766698552,74141.48454535998,1194.8691873415348,9.800561793780616
AUT,1976,3.1862295379550254,-0.14519024565767402,20.923674261952467,1.0,0.0,1.0,0.0,2.0,39930.50064140406,17.46473443653904,113027.119242426,1260.5503693146102,8.859991037069808
AUT,1977,3.3758544872926386,-0.19925354215706417,20.125229602356086,0.0,0.0,0.0,0.0,0.0,1139066.411641091,13.140355549196041,90357.02479638669,1557.3325311533058,7.964392761443304
AUT,1978,3.4140885395768903,-0.08452363416124259,20.44571375768943,0.0,1.0,1.0,0.0,1.0,17166.24552268186,18.074786489505126,89084.97807499388,1713.9244696919714,8.650957853602485
AUT,1979,3.383288363830191,-0.04979314868402521,22.15999323592673,3.0,0.0,1.0,1.0,0.0,99809.01653723243,16.552977433042432,129138.41021512622,759.8204399173676,10.771665040194755
AUT,1980,3.9797215564358654,0.03887087043137591,24.17914317746646,1.0,0.0,1.0,1.0,3.0,447361.9787781521,15.9171481247417,80761.54690457045,1516.6714021773316,11.363074744435583
AUT,1981,4.1643738467137466,0.03486904530895142,19.751436008592094,0.0,0.0,1.0,1.0,3.0,136044.63825194474,20.777463831080343,145076.5784204037,1164.8201373933712,10.561146087419187
AUT,1982,3.861720058241368,0.15107546795993437,21.577801955182668,1.0,1.0,1.0,1.0,2.0,206201.04305325262,16.236485681936188,157669.73602104138,2030.0881543830476,13.107352496537992
AUT,1983,3.986019600650372,0.08186090282927905,24.9984054192443,1.0,1.0,1.0,0.0,0.0,66629.8617508483,16.59043110006325,180618.59389355232,1854.0682918109794,10.033547983815824
AUT,1984,4.633519848178994,0.16238661669049193,28.235033280656648,0.0,1.0,1.0,1.0,2.0,414812.49201252504,20.05400435528733,186327.99692774823,2236.0567381155784,11.881231651929921
AUT,1985,5.7324042782884055,0.2987840655327838,28.27885057202764,1.0,0.0,0.0,1.0,4.0,66788.57911450953,21.475126660240228,157508.8344853613,2135.108876622522,17.003875188383073
AUT,1986,4.402605340205809,0.26944576093647415,33.76092005962611,1.0,0.0,0.0,1.0,2.0,651600.1931147481,19.361622106254455,196608.6610682897,1868.8477092693854,14.231141066780282
AUT,1987,4.550084028858269,0.27608896976626046,27.57188219192763,1.0,1.0,2.0,2.0,3.0,273343.1061454706,25.254081198352527,229640.03386063405,2072.721209178395,13.718257634430554
AUT,1988,5.771646514617502,0.2721100489452213,30.62993646036768,2.0,1.0,0.0,0.0,4.0,285991.2454021209,23.50131668832012,236062.9413858999,2384.2231828084923,14.750159488418952
AUT,1989,5.9919997725594,0.3093747882964979,37.55126997853075,2.0,0.0,1.0,4.0,2.0,996192.4172348601,23.42990012414551,218527.71845535567,2666.439753017736,15.552084001227984
AUT,1990,6.349671457012985,0.33195093976384416,35.327798311687864,6.0,0.0,2.0,2.0,4.0,556051.2813033354,28.96176135007546,260876.7916828978,2663.3429940058636,18.33791448956553
AUT,1991,6.6775337448051975,0.396686150703672,38.4610658309499,2.0,3.0,4.0,3.0,3.0,519902.4495515488,27.657891744675645,285791.10138451186,2809.1159276533454,17.825295008560282
AUT,1992,6.694749672678483,0.5401876627995099,42.61981722379756,4.0,1.0,2.0,1.0,1.0,761362.3375931977,32.1220594488711,251008.50370547577,2800.220718443199,17.28514438175261
AUT,1993,7.962760420530277,0.501356965195273,36.98761479582839,7.0,5.0,2.0,0.0,1.0,38283.10230574669,31.88320392692583,238738.98411063425,3265.422869663817,15.737947888398086
AUT,1994,6.464388303669201,0.4499184106294247,39.68609716114252,2.0,2.0,0.0,1.0,5.0,524389.5831788982,31.495552650332083,344008.0238869728,3148.1580195067836,17.74588398096048
AUT,1995,7.181896519572686,0.73738847336775,40.44189930776555,2.0,0.0,2.0,2.0,1.0,109535.07984671518,35.481111739565094,319474.8123759652,3236.9381899211858,19.512952862088795
AUT,1996,7.865676034510945,0.6586473052528857,37.39633280008158,5.0,2.0,0.0,0.0,5.0,138524.10332327613,35.00036600497689,311773.0656758366,3404.010943434441,19.896929449019275
AUT,1997,7.239325813520265,0.5565449634280123,42.63339659901838,1.0,2.0,3.0,1.0,2.0,6524.509911288074,35.02406485480378,322161.3937026474,3342.9569052877414,22.24346485276228
AUT,1998,8.333590250419103,0.668611255624914,46.70137952483229,7.0,1.0,3.0,2.0,3.0,975134.3506148863,37.20020784672061,348959.68999389675,3460.583549165987,20.995391220965814
AUT,1999,9.631264625481155,0.7463901148262796,46.8989489857808,4.0,1.0,2.0,0.0,3.0,594572.9374993818,38.21730818489001,381737.2111523898,3754.571741403091,23.080723004193374
AUT,2000,8.919183385015234,0.906061093271798,48.100636854970276,4.0,1.0,1.0,2.0,2.0,67497.44211562321,35.435255416663296,328129.0167214289,3918.4083657705896,20.40873578260071
AUT,2001,9.260644235132096,0.7117671722914788,46.574232828157136,5.0,1.0,5.0,1.0,6.0,181802.5688753647,44.067628986066765,365376.2259243613,4033.2104999013586,22.273006132325115
AUT,2002,8.613440270264467,0.907722911146904,46.78599608493678,6.0,2.0,1.0,1.0,7.0,304015.7788816093,39.73581227616709,425760.3540938764,3866.184800438678,24.491245369145
AUT,2003,9.182694495366725,0.9692948870258814,52.46488833187448,5.0,3.0,1.0,2.0,9.0,321792.4893764768,40.55977403582451,413705.89948594826,4022.395001221798,26.897580025907143
AUT,2004,9.509376799737426,0.8332018772877652,48.86590156203491,7.0,4.0,4.0,7.0,6.0,434632.40897305077,37.144758718356584,419735.4880185735,3927.7382099905785,24.262327710777793
AUT,2005,9.719420295592066,0.8859180724010113,51.61392890666522,2.0,1.0,3.0,3.0,2.0,311515.90806924005,42.08005647504407,419141.6915795316,4327.453040839193,26.052394801675398
AUT,2006,10.805156611167298,0.8483246764243776,52.00925595839007,6.0,1.0,2.0,2.0,8.0,517749.7391817854,42.827400958993394,423923.68203131424,3988.4522825851273,27.167119496271546
AUT,2007,10.544321811456296,0.9365786845799201,55.93102928646606,2.0,2.0,4.0,3.0,9.0,1081908.5696789925,40.46200971003163,411240.8638829636,4326.215731789702,27.009454906638528
AUT,2008,9.729624428405598,0.9701110982117853,55.33597764915652,5.0,0.0,0.0,2.0,15.0,258885.3659251991,41.27768576810111,415288.8165014342,4539.860470673045,27.075752889344507
AUT,2009,10.645492792423926,1.044598440865793,50.256429730182305,4.0,3.0,2.0,1.0,5.0,1083243.1261997407,42.121704520491996,455188.87585949514,4418.0318491970165,25.861418893823377
AUT,2010,10.915643902131297,1.0964900024462476,51.07097098195651,8.0,4.0,3.0,6.0,7.0,130179.92454815588,43.97190343346757,427054.53319197573,4510.246895037208,28.78958974459406
AUT,2011,11.40097225340018,0.9655974009172874,55.99243348539219,6.0,3.0,4.0,1.0,6.0,68907.78566620205,45.570566197675035,452642.309139171,4423.14169092491,25.100042031113183
AUT,2012,11.761680269900435,0.8830132122704244,54.851631425567824,2.0,3.0,2.0,2.0,5.0,147770.66963417752,45.00951724850763,454010.30643783737,4095.502993599795,25.433274168051412
AUT,2013,10.36840678802813,1.052503680034131,54.30592248937278,4.0,3.0,3.0,0.0,10.0,126701.63606188411,46.58066113640889,509217.23763656744,4413.425179039806,30.062911450891274
AUT,2014,10.577270921373948,1.0904066880072154,58.380434885290065,3.0,3.0,5.0,6.0,7.0,2333770.146580284,47.776597858147916,454494.2881559324,4619.51193502048,28.177432356925014
AUT,2015,10.404523660879795,1.0985803269808139,56.67573945416011,11.0,0.0,3.0,1.0,4.0,269851.9531576554,47.80787999204066,491299.927810087,4481.538025522467,26.14279899650172
AUT,2016,11.070346747064999,1.0632446676499219,56.67422245005627,5.0,1.0,1.0,3.0,8.0,600802.9986579769,47.70799932187547,483147.1906349847,4789.073922998422,26.057073164046926
AUT,2017,11.543962470651183,1.1092227982819207,58.800903799037805,7.0,1.0,7.0,2.0,4.0,687745.2080710486,47.80899455546216,465651.08528662106,4359.979746400223,26.170645411654387
AUT,2018,11.908489324201744,1.22951690322999,56.19601871769765,4.0,7.0,3.0,1.0,8.0,344660.4326387033,48.07109098888686,440357.7521992385,4275.2656224383645,31.243022109600357
AUT,2019,11.356562186003746,1.1470930325915323,61.3136193097605,9.0,3.0,4.0,1.0,9.0,149932.73105267025,47.322871587635014,472653.9312490339,4918.2126391653455,28.425957245187583
AUT,2020,11.270690132586449,1.0942491289156466,55.658587283039154,7.0,1.0,5.0,4.0,10.0,345856.70731414773,46.38121353167479,498770.4381317369,4703.862699745315,27.947848050659935
AUT,2021,11.591527413720536,1.0910125667265824,59.48695991880091,3.0,3.0,3.0,3.0,7.0,390014.74531629926,47.85054922384324,447930.2811576803,4878.7951124288375,31.073292291380582
AUT,2022,11.069387019399947,1.123746654910959,61.6262959568114,7.0,2.0,2.0,2.0,6.0,1893757.8572220367,49.70713643444156,501307.25638772035,4693.478100337875,29.255146632974395
AUT,2023,12.792416088339179,1.2740252941102335,54.77820181318794,4.0,5.0,6.0,4.0,10.0,523382.12352580583,49.856136220389246,515755.0039699629,4965.529471402582,28.54560965579605
AUT,2024,10.704197065374935,1.1336631997203837,57.52688882544635,7.0,8.0,6.0,0.0,4.0,2206461.851733549,49.6894109665791,486279.939509775,5167.2045803657375,30.580949478256386
AUT,2025,11.769135179224444,1.1515168832361735,61.38990694464608,5.0,2.0,5.0,1.0,6.0,548061.3088232204,47.61174878645118,508169.92955558957,5197.898000196366,30.016049142274518
BEL,1960,0.48669491918077856,-0.3754051042389616,12.806161679910367,0.0,1.0,0.0,0.0,1.0,123566.6221077409,7.483276852303735,33789.315391126715,473.6817275685605,5.689017502165374
BEL,1961,0.30648553064816875,-0.26382995156145805,11.062240548670465,0.0,1.0,0.0,0.0,0.0,198139.48803194455,2.747905586840213,19748.874894378347,787.7211141713942,2.3949377790082487
BEL,1962,0.7988656186977607,-0.22612974910117684,8.818276153653775,0.0,1.0,0.0,0.0,0.0,52670.106182744516,8.362517516078123,18775.620733968724,948.1389413476772,4.851716858276118
BEL,1963,1.720069841275546,-0.2512764270091772,14.723016588871669,0.0,0.0,0.0,0.0,1.0,59352.7933440139,4.79124466983634,64306.33657316833,613.2997643786059,5.758156705532252
BEL,1964,1.8431387350397381,-0.15987551627777566,12.79212083167846,0.0,0.0,1.0,0.0,0.0,113659.96851955666,10.547902856826532,51092.49246985562,1150.219808372654,5.265300054542474
BEL,1965,1.6673931868002443,-0.2453607816095829,15.185095806982542,0.0,0.0,0.0,1.0,1.0,207834.8863194463,11.424252208386637,63708.477716285255,994.2112094752213,3.426731971827407
BEL,1966,1.8734160871177057,-0.3642754224369376,18.818756150725513,1.0,1.0,1.0,0.0,0.0,238960.00990897964,12.141514611178541,73810.3085313736,578.2522041342493,3.8958524654202678
BEL,1967,1.844716566761947,-0.14513314129316296,9.202570849943545,1.0,0.0,0.0,0.0,0.0,79308.3134972621,8.375054575240542,33551.5755942029,1420.216559864293,6.6765468341605345
BEL,1968,1.2782787076231816,-0.2888117162569836,13.238522434228347,0.0,0.0,0.0,0.0,0.0,81759.98626463773,8.73181254040911,44018.370116414844,752.9165270180316,4.531928062977011
BEL,1969,2.0029689069370646,-0.15261160611217367,14.931402026500866,1.0,1.0,1.0,0.0,1.0,145222.8875750552,5.462723205708255,46936.256518395116,1141.653980998803,5.012532949315356
BEL,1970,2.331069080260269,-0.0833765874402034,19.597211536472503,0.0,1.0,0.0,1.0,0.0,175660.90877023543,11.894574590916301,86208.92528924506,1007.95509438246,4.656290358650024
BEL,1971,2.4299649698172807,-0.15529140016077148,12.41441617013368,1.0,1.0,0.0,0.0,3.0,243694.7875183023,7.460404348391046,68191.43233816119,982.8080904383256,6.726382983937583
BEL,1972,2.814912434953529,-0.2927310012123916,21.9322058092259,0.0,0.0,2.0,0.0,0.0,230777.99123422048,8.122743089028363,76356.02813928893,1274.276821473617,2.526694770516298
BEL,1973,2.6836252606012607,-0.22631254918712784,18.062903008092462,1.0,0.0,2.0,0.0,3.0,115344.92692587397,11.26752695939236,51762.26790615444,1061.436066625064,5.191018836291304
BEL,1974,2.633871290296279,-0.025409858863468332,18.159079088969133,0.0,1.0,1.0,0.0,0.0,89820.5273377856,10.071282699138674,105382.52972619467,1071.5549504564913,5.331631860072758
BEL,1975,3.2132299108050435,-0.12164897676125516,18.626126782270553,0.0,0.0,1.0,0.0,1.0,96614.55410263315,11.045222732148396,113416.1532392269,1146.5422512941568,9.331652832886208
BEL,1976,2.7596355575081004,-0.0771283388983575,18.80014799162084,1.0,0.0,0.0,0.0,2.0,279927.32440152415,14.007689367728393,113707.44353992592,960.9346526875756,7.86395004382343
BEL,1977,2.4558197705546383,0.0033699804249949783,23.328542746044956,0.0,0.0,0.0,1.0,0.0,157524.60829998026,16.62073423206251,111930.51738427771,1557.2356120647817,7.714166461246811
BEL,1978,3.068201485493633,0.026066175367997706,18.902458939843022,1.0,1.0,0.0,0.0,2.0,41118.05365728379,16.6302551697988,142535.11937909073,1232.8934750359817,8.195688369919885
BEL,1979,2.9436897648924387,0.021887816038648592,23.350530174353754,0.0,1.0,2.0,0.0,2.0,1737.6459795683518,16.664543262674762,124397.43568369566,1523.159505296029,7.058530383654711
BEL,1980,3.2045988376446743,0.013612804494354896,22.486616904232314,0.0,1.0,3.0,1.0,2.0,9037.994526993707,19.6829136073923,170620.56430870303,1568.7596737775455,11.429032863968438
BEL,1981,3.740982484151031,0.03746732014140501,22.547191247464553,4.0,1.0,1.0,0.0,0.0,621548.5247661376,18.294419231598443,163072.46503285973,1801.278658188448,9.601500043783695
BEL,1982,3.609652012457479,0.16467273621912754,31.966213882829116,0.0,0.0,0.0,0.0,1.0,192833.71699939988,17.766151014922812,124210.26158122084,1754.0438331133594,11.511078405426456
BEL,1983,4.138762740523641,0.1751851270163577,27.638238228475345,2.0,0.0,0.0,0.0,1.0,345484.930000916,18.198892617817524,163242.21420573717,1796.4508990542308,10.371627319052028
BEL,1984,3.4861240449049253,0.1463659099893041,29.250348550363086,2.0,1.0,1.0,0.0,2.0,873049.2064578863,22.1882492053688,185924.58500458562,2062.8614721030954,11.837676941148716
BEL,1985,4.964361572918112,0.29063405511648394,31.721475391578924,0.0,0.0,1.0,0.0,1.0,45560.86439849944,19.51198280100642,172011.73641788383,2151.743153757861,11.284718380829311
BEL,1986,5.115785057040081,0.2317770146096941,26.51224213108103,0.0,0.0,1.0,2.0,0.0,204761.51338216863,23.843881781680466,228189.88683224737,1936.6577438499799,12.889486666191385
BEL,1987,4.924085093801712,0.21275899915459412,35.658603932222135,1.0,1.0,2.0,0.0,1.0,273012.46394198784,23.18626373222802,164050.00429623097,2274.2805171891478,15.372704854816627
BEL,1988,6.055975290255138,0.2595479483877679,26.23590718813842,1.0,0.0,0.0,1.0,2.0,663199.5401400554,23.372014705417627,245687.46366062126,2714.2219192817774,14.752798269695635
BEL,1989,6.501842173127462,0.28173403312891476,31.829124600956696,1.0,2.0,3.0,1.0,2.0,1863274.4190232602,24.451625612280584,255259.6191961275,3110.0570458068028,15.824357139647107
BEL,1990,5.325653077987839,0.37820719867170505,33.852420817052746,5.0,2.0,0.0,1.0,2.0,466379.6459053642,29.672024204194702,200912.0116358268,2248.727733084873,16.08771193409223
BEL,1991,6.098693908332237,0.5386646422331994,37.70326778637327,1.0,0.0,1.0,2.0,1.0,392735.31767536263,26.69454715390376,265547.05365445954,2961.9189073972775,18.983037794311198
BEL,1992,6.3808341179658,0.4153267812175241,38.03849553097762,1.0,1.0,3.0,1.0,5.0,986560.7357747848,29.11428814713477,264514.5767217515,2909.0788136235974,16.25219670685982
BEL,1993,6.565644660196481,0.5341860877801027,38.305088988836964,0.0,1.0,3.0,1.0,1.0,721997.019135239,29.795419767090994,323014.1846411679,2860.765027633557,17.891052219189003
BEL,1994,7.861856125403953,0.5053651085297302,39.90438964405329,5.0,3.0,5.0,5.0,2.0,811137.1180309537,34.324038194020545,278849.69948021066,3013.255471667415,19.02632558767049
BEL,1995,7.546832279026965,0.5751102066212523,38.67790900128632,3.0,2.0,2.0,1.0,3.0,1117.6241008403174,36.47185509283745,331546.5972302976,3004.7184918676608,18.034508344116844
BEL,1996,7.772951487843046,0.5122467930024525,38.53973432507934,2.0,1.0,3.0,2.0,4.0,303423.17366795946,36.09944101782431,348090.5955759933,3014.4553786756082,20.255425883761514
BEL,1997,7.031938520400027,0.6514573771365428,45.225667664248455,5.0,2.0,3.0,2.0,2.0,652624.8625225894,34.22324568613486,324630.49415687256,3531.025162228694,20.750760610322867
BEL,1998,8.80007190033785,0.688462739419783,46.23298933772109,1.0,0.0,4.0,2.0,6.0,87099.83165267258,36.81893552581892,377675.9075438955,3961.9471419963097,21.478762492523853
BEL,1999,7.963345703146798,0.7807422397228618,49.50871106914284,3.0,3.0,1.0,3.0,5.0,616013.3063694021,34.945916723046096,345396.4997268288,3724.3375227287793,22.07220004530358
BEL,2000,8.941634916648196,0.7875561988684374,44.57788618946223,8.0,1.0,4.0,0.0,3.0,4141.063718625949,38.371087787047664,399045.10933813074,3776.2946764982153,21.529401462058026
BEL,2001,9.287482953669812,0.7045447989560247,49.2450433055082,2.0,3.0,3.0,2.0,4.0,391646.71864282055,34.80825319738511,440358.5854083781,3679.6826689852824,20.732879743901627
BEL,2002,10.120413702845926,0.9163755131219116,47.71697235403905,7.0,4.0,4.0,6.0,7.0,886296.300255083,40.1130071572265,407703.35543306253,3693.438688796285,23.775008239942068
BEL,2003,8.784530575495936,0.8741602160858536,52.26793661511163,4.0,2.0,3.0,4.0,6.0,266720.2309224186,40.2384146782531,408405.29435251106,3998.5481761992846,22.75265028629571
BEL,2004,7.988895228826715,0.8993657030679297,52.66410136962444,6.0,4.0,2.0,1.0,8.0,645585.6955853533,42.08996730603659,389485.5664416202,3828.3814927424933,24.33172591806468
BEL,2005,10.007819964460277,0.9073845736390189,51.40674730774333,6.0,0.0,1.0,1.0,10.0,368487.1993163621,41.76313172055113,455303.1477021032,4406.527410975515,23.844265938531176
BEL,2006,11.103505358408873,0.8898088204365017,50.752093865031256,5.0,3.0,0.0,2.0,5.0,515845.3724057728,44.31970447651726,438338.6554416348,4074.762715371409,23.22345439530523
BEL,2007,10.936043604479526,0.9702797630462426,54.679067192343915,4.0,4.0,2.0,3.0,6.0,365343.28669653,41.331200866325965,411434.000868491,4075.8017806349417,26.179860374719716
BEL,2008,10.489266917427301,1.0110853710335064,54.52470806311703,6.0,2.0,5.0,1.0,6.0,329435.5631116011,45.318765463190644,466619.2402548008,4862.209190578509,27.008659995356943
BEL,2009,10.221061738087096,0.8520747857115589,51.783475276634654,6.0,1.0,0.0,6.0,5.0,953648.8003849136,45.20783027482408,437817.4983300699,4693.722349733992,27.901566522166977
BEL,2010,11.0932618898121,0.9661744577769241,50.72035721519554,4.0,5.0,1.0,3.0,7.0,51098.103974007434,47.08722613273099,457405.0604696804,4158.910581950629,26.036446874755356
BEL,2011,10.185597491420383,1.0050493284547322,53.82382668851486,9.0,0.0,1.0,4.0,7.0,467874.11480966967,47.69320654419397,435321.12729335093,4279.921676530421,27.000855010002795
BEL,2012,11.126775092503445,1.0608928658640462,58.80101008238626,4.0,0.0,5.0,2.0,5.0,65854.90016113366,43.369432580010496,426806.7640965196,4485.372597458945,27.68386101643997
BEL,2013,11.242731289849965,1.1496681428504003,58.31006984608979,4.0,1.0,5.0,1.0,7.0,452991.9839093575,47.062790279508484,432409.07666785584,4533.9113966858595,28.878268252805864
BEL,2014,11.653134687131748,1.0051844204419815,53.06054650112743,6.0,2.0,1.0,5.0,8.0,1838758.174956086,43.63443945282159,448981.2721082247,4501.273202545681,25.22106231965255
BEL,2015,12.71443545212957,1.0387899642205831,53.287697459188024,3.0,3.0,2.0,6.0,5.0,33070.95551726825,49.195634082868665,474950.57747673197,4957.600234816903,25.8197633871973
BEL,2016,11.430547347179305,1.0483757985989213,59.729788607031374,8.0,5.0,4.0,5.0,8.0,312470.112950552,44.96924098876863,458062.571441436,4724.520069197144,30.007724422698427
BEL,2017,10.983152320562727,1.0351204231004425,54.01224243525561,5.0,2.0,0.0,3.0,7.0,935170.4702997056,46.311146340109396,448833.496261687,4695.349263113993,25.877655531336398
BEL,2018,11.326066747652613,1.0805063989528292,58.40702951416158,6.0,3.0,5.0,0.0,11.0,270004.4131493092,47.909908791885286,447665.00147350214,4587.6805137898355,29.679240123273985
BEL,2019,10.383015379286954,1.1782184766735693,55.8521438077383,6.0,1.0,4.0,2.0,8.0,435265.4047750473,49.31466691955609,505574.08201413485,4507.748577652956,30.40311614184385
BEL,2020,11.055142408081775,1.0398117632867456,61.671318652425875,5.0,1.0,3.0,1.0,6.0,73102.5160498293,48.701266766317765,473278.12598537136,4630.3339907727495,29.796837835460853
BEL,2021,11.268929166262476,1.1652535437064944,55.918575255101,8.0,1.0,8.0,2.0,7.0,153338.61232126842,49.78285344901852,429646.15894060925,4591.579991752708,27.388483695153464
BEL,2022,11.24824335902482,1.0011826651237103,60.900117685676356,8.0,3.0,5.0,3.0,5.0,713226.1814800515,48.26562375966111,480263.0841892739,4519.975576962156,27.654827874752872
BEL,2023,11.678535374784074,1.0981790574484056,58.6835871715191,5.0,3.0,4.0,2.0,10.0,1097892.4569523751,48.94851804175386,471886.06123011635,5086.155661411547,28.9233896326873
BEL,2024,11.155710694848054,1.1219681124650405,59.01571390066319,8.0,3.0,4.0,7.0,7.0,655041.442124554,44.57136788169177,488985.9486952909,5066.794912482252,31.547825895258434
BEL,2025,12.307501980070974,1.2870892046309552,53.60861700905368,5.0,5.0,4.0,2.0,10.0,1156118.8686576558,50.98965251310218,471220.94452944363,4774.1955152489845,31.61999400871615
BGD,1960,1.1287080455727305,-0.3498113260123494,14.4466970897441,0.0,0.0,0.0,0.0,0.0,616149.0880749517,3.3017976457314755,11305.357754364466,617.9590110411316,3.6384772007580075
BGD,1961,1.1135102252906532,-0.4434043556160991,13.53978377556045,0.0,0.0,0.0,0.0,0.0,388466.1656741109,4.976159979338657,24033.711081357458,198.73636855209332,4.013192045636207
BGD,1962,0.9571648373015944,-0.21707589084219717,13.416682080456269,0.0,0.0,1.0,0.0,0.0,821132.6840714057,7.578666654331718,47089.72609890395,640.6506330518982,5.031035824617429
BGD,1963,2.1231562759839218,-0.36620984099800885,15.729641298165816,0.0,2.0,0.0,0.0,1.0,77069.98251517565,5.5354265389786015,27923.944684067763,535.1650079414642,5.373334148539402
BGD,1964,0.8244953510318374,-0.29407616161901545,18.265704736175977,0.0,1.0,0.0,0.0,0.0,310977.6830889067,6.108843251859331,22939.299570857736,944.2107281913857,0.8129507071622482
BGD,1965,2.2534805119342174,-0.24290399141075342,11.410307842650052,1.0,0.0,0.0,0.0,0.0,74736.06647529054,10.469957498919749,67570.34571427527,603.0740633477378,5.111332853399935
BGD,1966,1.7439078808308208,-0.2509548521375016,16.85394831418305,0.0,0.0,0.0,0.0,1.0,269649.6470599125,11.414387241609225,54541.63653691314,498.07169168141263,5.010671756885065
BGD,1967,0.7433130011597293,-0.1666688985745121,14.340605305724175,0.0,0.0,0.0,0.0,1.0,598031.8078738614,11.236869639589154,34491.53580448236,412.71925231553433,4.965726134765221
BGD,1968,1.8585289683464465,-0.20207896593708308,14.663341825912756,0.0,0.0,0.0,0.0,0.0,35373.04047956986,5.807774506019166,94507.92829933017,811.375708860526,5.455265516237582
BGD,1969,0.5470982018498649,-0.29434985246278794,11.613514333825552,0.0,0.0,0.0,0.0,0.0,32884.89149486542,12.031109939555247,108174.04883914525,685.046956265146,4.613007412724406
BGD,1970,2.2305007129321974,-0.03499035084527896,15.24817257731739,0.0,0.0,0.0,0.0,1.0,24809.942669243585,9.286604095209658,85796.53346029873,1146.3176378634043,1.9815601085678836
BGD,1971,2.505255557893145,-0.17627976395214476,14.012261323228854,2.0,0.0,1.0,1.0,1.0,372284.939865135,15.270625628130023,36117.4454631737,1060.321900736032,4.795199779544851
BGD,1972,1.7906825718556783,-0.1848255142889401,15.932917171259522,0.0,0.0,0.0,0.0,0.0,263643.14613299485,11.968921277502025,81939.2099187108,942.9720044139225,3.4124579691910863
BGD,1973,2.347390473635109,-0.0757415420218988,14.977797294731362,0.0,0.0,0.0,1.0,0.0,182854.01267799782,14.687824329509935,92764.24723950434,1173.395344667405,4.012461960410197
BGD,1974,3.5554290953662835,-0.11127334053987341,17.276809775021263,0.0,0.0,1.0,0.0,1.0,379142.63621007284,13.810503524878797,45277.99992362557,1499.1655266535115,8.200920246025834
BGD,1975,2.3070891688224844,-0.07618090647468367,18.10600029775931,0.0,1.0,1.0,0.0,2.0,497859.59157061763,14.183031156848134,121772.48048475463,884.8212476517208,6.345373635029963
BGD,1976,2.166013419018765,0.11588049819432422,20.13269286816791,1.0,0.0,0.0,0.0,1.0,806313.1670627838,13.073518796542128,104928.77967652757,1080.4898501201833,7.915197187220525
BGD,1977,3.8148541514265704,-0.07934568712849752,16.67137619214374,0.0,0.0,0.0,0.0,1.0,62356.63299354614,17.354208422448636,135876.5765467781,1762.8643566186277,8.002749339809107
BGD,1978,4.290452624316504,-0.055060525119819854,17.95996545568581,0.0,1.0,0.0,0.0,1.0,166102.83411410454,17.511123576288394,108883.03355651443,1210.6421769975009,10.355667906716462
BGD,1979,3.374133796968659,0.008910112008808839,23.391780397070438,4.0,0.0,0.0,0.0,1.0,750006.0189851613,15.493389081534685,137701.51342310885,1629.4244637150261,9.097310378898163
BGD,1980,4.174417591114748,0.11602754903847527,21.453475775824504,0.0,0.0,0.0,0.0,3.0,185592.1382521994,16.111560207105256,148472.9206129611,1842.9798911302687,8.693792665187164
BGD,1981,4.595429371242711,-0.058041926615238354,27.138849344324626,1.0,1.0,2.0,0.0,2.0,205642.80813070777,16.404263484171523,149941.46289094334,1654.83060842986,12.166674938205631
BGD,1982,3.638365033322886,-0.06120364112230034,26.064450248656993,0.0,1.0,2.0,0.0,2.0,899330.7565969911,20.790640185647575,167962.7472081407,1919.1408167623413,9.98244865790322
BGD,1983,4.036789764729566,0.0839303428813224,28.10751676710771,2.0,0.0,0.0,1.0,1.0,427894.5067266247,20.463326237587353,163153.459008108,1790.444488437231,11.874874177540503
BGD,1984,5.282705323467325,0.03623607331398429,31.243915489762465,2.0,0.0,0.0,0.0,1.0,265012.9516749336,21.592707228693044,148300.69444882183,2392.3315811075568,12.618409505533952
BGD,1985,5.810600901436065,0.17007856227498158,28.10275641039084,1.0,0.0,0.0,0.0,4.0,149193.81657787168,21.178204506022517,138452.69712727255,1970.599980794329,10.83234318851337
BGD,1986,5.438748403307056,0.28229971951042004,28.629400230836712,3.0,2.0,0.0,1.0,1.0,851882.244107337,26.33909753688128,185851.99595461864,1961.8391439671323,14.525403879661644
BGD,1987,4.88801780340224,0.2096320640171645,33.45713062341409,0.0,1.0,3.0,2.0,0.0,3164.9887098580243,20.800045892228745,233083.9830120952,2508.968772854839,15.811151791661715
BGD,1988,6.819469170133684,0.20611947815752807,33.782084044200325,1.0,0.0,0.0,4.0,6.0,139371.58069813423,27.017280105742042,199713.70023472642,2582.6197412852744,13.017460262913373
BGD,1989,5.657431077750311,0.3655802729709239,33.28271485149975,1.0,0.0,3.0,0.0,2.0,1073146.6459827053,28.58526718918594,264502.4753099008,2567.6260919417227,15.341944187244765
BGD,1990,6.057295775826415,0.46900347876921367,38.47864491738986,1.0,1.0,2.0,1.0,2.0,258585.45434572926,26.785791495532568,285210.08636325726,2657.766615395627,17.87582895570495
BGD,1991,6.734104910839342,0.30436882488497496,35.71834859934717,3.0,1.0,2.0,1.0,4.0,374000.69553357456,25.361890359329337,274758.9383733389,2650.8431311032373,14.423912961226758
BGD,1992,7.716733211004492,0.5453529875644435,37.57363395951335,5.0,1.0,3.0,1.0,1.0,296635.25875712023,30.60318384700943,271226.5634487129,2711.569305301758,18.27534311422775
BGD,1993,7.597125129851608,0.5844925231977205,38.77518246766859,3.0,1.0,1.0,1.0,1.0,201308.48683734663,33.54201461088563,313213.28674864245,2857.533592348653,16.335530265693098
BGD,1994,7.623455754001297,0.6342270643524535,37.59789826837642,5.0,0.0,3.0,1.0,7.0,443259.6232741286,35.927892758131065,328612.7451357118,3187.317323131994,18.31595095877489
BGD,1995,7.924673213639238,0.6934133471127023,41.31693003380871,3.0,2.0,0.0,2.0,2.0,599966.800770249,34.48916568738309,305990.7856037179,3176.9745991027285,19.133300832653152
BGD,1996,7.95006845606664,0.809211203934042,45.774715754785994,2.0,2.0,2.0,2.0,2.0,190355.48790588955,32.67364231132003,325298.5729023229,2984.1932608214233,18.428987938310193
BGD,1997,8.505089600782052,0.6406130715795414,44.521809396848745,2.0,1.0,6.0,0.0,6.0,381702.24769907875,36.62838702568077,314128.96935081226,3341.6632575181584,19.43427818061674
BGD,1998,6.98020948829332,0.7127248962104086,44.576382622377956,2.0,1.0,1.0,2.0,1.0,37577.08154889672,37.17504485999975,352437.97196605656,3492.89709232043,21.217546547617964
BGD,1999,8.50536999122241,0.7042041295401641,45.14305692833602,4.0,2.0,1.0,2.0,6.0,350983.887018026,37.71690339794047,304193.2162196778,3761.264614834042,23.834091106020782
BGD,2000,9.045933766822206,0.7698518733884726,47.380096502516125,7.0,5.0,2.0,2.0,6.0,619799.9215691552,35.90720480319946,358499.4516669721,3804.596875418319,23.143012537949403
BGD,2001,8.466158116262637,0.9230460374030933,49.38742185097885,4.0,2.0,5.0,2.0,6.0,402629.50760743284,40.10825365881374,354091.801961371,4238.748092321012,20.71246361357766
BGD,2002,9.560170917980349,0.7220384948839746,49.949336252175264,5.0,2.0,3.0,1.0,8.0,979945.6873839058,40.64089870506294,382296.1938871231,3681.880449200616,24.170685848459595
BGD,2003,9.419531352922405,0.7884519990948479,48.46208699757298,3.0,2.0,3.0,2.0,2.0,159300.03138671134,45.82481874136774,373291.2931866112,4123.390896768234,24.060789173213497
BGD,2004,10.734513244955096,0.9936686966140957,50.92114841320437,5.0,3.0,1.0,4.0,7.0,324861.0092671349,41.29515744448105,353558.4641176068,4219.442009030984,23.574856540528366
BGD,2005,10.806592818225443,0.9897220824619972,52.078573162552885,7.0,2.0,3.0,1.0,5.0,44628.2968175205,45.605435384219106,392655.0953449408,4208.225719883888,24.279939113874118
BGD,2006,9.800373226797188,0.902178884468913,49.08293178787878,5.0,2.0,3.0,1.0,7.0,596001.04507147,45.57126601378781,404309.13874357793,4140.664449711873,25.993090700831857
BGD,2007,10.1369177673885,1.0212077359560021,52.6973130987825,6.0,4.0,5.0,3.0,1.0,293960.1308726064,43.161432698168376,449499.3141052055,4113.376354040002,23.474173323477146
BGD,2008,10.326192903419566,1.0003355635585824,47.504187039219715,1.0,3.0,4.0,2.0,2.0,385458.2509476289,46.400392054485856,413221.54006342497,4323.713653397195,25.122450187885242
BGD,2009,10.244048346033741,1.1118484097392825,54.70091055640307,3.0,0.0,2.0,6.0,8.0,71114.10110996972,42.38249919201176,413930.13062205794,3968.329502692768,24.753328699906646
BGD,2010,10.741305762561819,1.0152360922707535,55.69071153530082,4.0,3.0,2.0,2.0,8.0,3115289.565986195,44.203476491798995,410780.0283545456,4222.627613204659,25.543490369942575
BGD,2011,10.309374366640087,1.1074956551968258,56.4140242546855,7.0,3.0,6.0,4.0,9.0,787066.3914210261,43.885140556444384,474067.29328694305,4258.159847798634,27.406376177571353
BGD,2012,10.202765557534542,1.2517601702479135,54.02485841359182,9.0,1.0,2.0,1.0,8.0,276412.93047361803,45.15677798196738,444660.24438285525,4649.543027701906,27.275254966419332
BGD,2013,11.310144902071809,1.1020511947800276,56.21646903681728,7.0,3.0,1.0,8.0,6.0,462022.3258153833,41.38982044091004,461324.214440098,4718.687429885796,28.388221686753017
BGD,2014,11.405493501247435,1.0708699388733116,59.4012497891568,11.0,2.0,3.0,1.0,7.0,535138.6372558912,50.305832104055135,419979.37052560784,4357.103018866775,24.516199439711723
BGD,2015,10.665149367951205,1.1364226707836889,59.741515119665976,9.0,2.0,4.0,6.0,4.0,1821494.4452027217,45.90124239346754,418363.45539486216,4336.179876511013,27.498098157917344
BGD,2016,11.719737538740008,1.0601560587943346,56.47014723476626,2.0,3.0,5.0,2.0,9.0,833735.7825633156,48.65940862832796,442998.1288652771,4331.206510334858,27.914434259255877
BGD,2017,10.912649211074473,1.2902800467507844,57.19963127397408,3.0,1.0,2.0,0.0,7.0,248481.19147012115,47.718184383634686,509075.72551266995,4933.79991942834,25.943186174538983
BGD,2018,11.48634198903485,1.1226870015774886,59.911069066892644,4.0,3.0,2.0,1.0,7.0,2225003.3988049547,46.80925039427076,444164.61800253595,4945.615850570341,27.431190062673174
BGD,2019,11.87193183185036,1.0947196334564906,53.640316807923675,5.0,2.0,2.0,5.0,8.0,212852.30475087147,44.77951384524537,458353.7543841809,4907.5103772967905,28.509895329621546
BGD,2020,11.43527523375335,1.0572634825142906,56.82101698442911,9.0,3.0,4.0,2.0,7.0,516153.3614887841,45.80920916174537,476656.65761220333,5130.370948559332,29.121080809890774
BGD,2021,11.765742592658663,1.2188060074227771,61.18356339178759,4.0,4.0,6.0,2.0,12.0,732767.0344750396,47.52991332342456,462891.7995243524,5215.197404694937,29.279271420864045
BGD,2022,11.252647142601855,1.2067098365513964,60.4797152143737,3.0,2.0,2.0,1.0,11.0,194496.2816990856,47.16959958344096,492393.9786375104,4582.474387200251,26.14369548607378
BGD,2023,11.477963037893527,1.1032977474506547,59.144599980492956,4.0,2.0,7.0,4.0,10.0,1949549.3611019237,46.20828053153108,461514.5767358918,4740.1296486887095,28.121668739332975
BGD,2024,11.510232983211623,1.1944433640922731,54.62064575175092,4.0,4.0,7.0,5.0,6.0,153396.46344765002,47.00074542398775,456414.3205516132,5031.576569174697,26.954251010532737
BGD,2025,11.233626797098765,1.0324159533408015,58.409612879829275,4.0,6.0,3.0,2.0,6.0,371656.11886866397,49.718555286819246,553182.964967939,4213.468655982643,29.171047437240734
BRA,1960,0.6430553744462812,-0.38915975269670355,10.593035591504641,1.0,0.0,0.0,0.0,0.0,254494.98559851985,12.041591150028175,-7207.23328339649,856.3771371619141,5.516850237405308
BRA,1961,1.2228044240739815,-0.2506919058203152,12.900488694295515,0.0,0.0,0.0,0.0,0.0,220081.59016402165,8.362844037158819,39447.20079706265,587.7666268592211,3.759655366609123
BRA,1962,1.0946393942647634,-0.29022039671286964,13.45676791060402,0.0,0.0,0.0,1.0,0.0,304306.7432412266,4.019878238864083,22571.005238246635,529.3203283089076,4.242907072810004
BRA,1963,1.0971360749238563,-0.29783357015411305,10.80077887842312,0.0,0.0,1.0,0.0,1.0,181866.3982214131,9.209238049015351,-4125.439352593454,168.59424045234925,2.8458819593249
BRA,1964,1.6482376864734578,-0.36740780963290515,12.495952575685038,0.0,0.0,0.0,0.0,0.0,285537.4752245445,5.6286728980339555,49958.11000727698,669.9697232884455,1.930837081130663
BRA,1965,1.8079360035215013,-0.1743462774112296,13.278491516869249,0.0,0.0,0.0,0.0,0.0,108310.6927488488,10.504162366875477,62177.388273128614,655.3623305520069,5.628283939218839
BRA,1966,1.151447849804054,-0.21374746598307542,18.172684406108914,0.0,1.0,0.0,1.0,0.0,221009.50174143128,5.782684299214903,13285.200988906403,372.27952171712445,6.017959946407988
BRA,1967,1.216818563300155,-0.29843692936561433,9.354296737265361,0.0,0.0,1.0,0.0,0.0,6401.45185417413,11.36415197551074,46431.82640425121,544.7128322810211,4.08837338435125
BRA,1968,1.4889758990141837,-0.1602532291139488,18.002070507774366,0.0,0.0,0.0,0.0,2.0,446527.2515730565,6.7420171678272425,88660.20399971271,790.7656647250611,2.085501150216881
BRA,1969,0.4310087740265873,-0.26525075315783586,13.112852972382191,1.0,0.0,0.0,0.0,0.0,251095.99190401603,7.717124559496437,32699.856812515558,922.5930561924929,6.959923537907076
BRA,1970,0.9995987424901841,-0.2718356041654949,12.529948132931843,1.0,0.0,0.0,0.0,0.0,452393.0036901138,10.673901285744618,103076.28343785569,620.9300891571272,7.001163669800289
BRA,1971,2.782200158955077,-0.2526026904176264,19.45527904324605,1.0,0.0,0.0,0.0,1.0,342569.49124766066,9.478651951818247,57845.01936741023,674.4334288405423,5.4795821690596185
BRA,1972,3.0771436816188475,-0.3147237804062669,18.92229841811034,0.0,0.0,0.0,0.0,1.0,80976.00484730188,10.135836256200244,70032.77382061516,993.8787562634645,7.468176757211849
BRA,1973,2.1331548257157316,-0.11513218543288803,20.859560010129712,1.0,0.0,0.0,0.0,0.0,78869.35706024751,8.508827023429896,43281.31742222338,828.3005433192402,6.267587217491516
BRA,1974,2.7633088247169346,-0.27772100648134723,20.400835612167718,2.0,0.0,0.0,0.0,0.0,409946.52448705747,11.817219032560022,50936.73772327643,1042.352345473922,7.007347921647859
BRA,1975,2.7768623626356312,-0.2063946684110909,24.270888694661323,1.0,1.0,0.0,0.0,1.0,53605.23250298412,15.197804669266922,75664.07565126046,1574.5997842873553,4.831454133208373
BRA,1976,4.545241746438072,-0.24954126242001345,21.287615164432122,0.0,2.0,0.0,1.0,0.0,31664.79395242341,18.128059859248214,121807.53477590776,1219.7106610609435,9.249690149248003
BRA,1977,3.6066532690854576,-0.06422154829136523,20.317057407564175,0.0,1.0,1.0,0.0,1.0,4205.924986621018,16.4994342074407,166265.94884143912,1546.9218176553654,5.542372126905661
BRA,1978,3.0884123746598564,-0.041665290420177956,22.431076768352476,3.0,0.0,0.0,0.0,1.0,101013.06669119671,16.957174925925486,181523.85085088506,1095.2404846745003,10.891340738670417
BRA,1979,2.822573032310902,-0.026551866007097396,25.59566754110903,1.0,0.0,1.0,1.0,0.0,30579.189739044814,12.43916017636186,122545.1474386091,1293.3330839760977,11.544737052040706
BRA,1980,2.6691197116068395,-0.053099941381653956,21.498632755349462,0.0,0.0,0.0,1.0,1.0,485371.8956605598,17.037672153001225,126308.8729340767,1378.5955984251652,5.953994933431189
BRA,1981,3.941072310436107,-0.03129790447493762,22.822803412421347,1.0,1.0,1.0,0.0,1.0,203781.17412754043,16.541134952716863,120679.25806450947,1399.1122353387432,12.273159087419117
BRA,1982,3.6303917884939825,0.13319041927954606,24.728875907124607,0.0,0.0,0.0,0.0,5.0,91678.02231155109,15.552080793780684,183514.35369164942,1341.5427105507886,10.346447796746917
BRA,1983,3.498044737047427,0.08685540999425519,21.329154394678362,2.0,0.0,1.0,0.0,2.0,297190.7596105474,17.069308387214498,148459.37711317794,1904.8882122926238,11.88189070061855
BRA,1984,4.203173069963899,0.19225857576161887,28.062380709754095,0.0,1.0,1.0,0.0,2.0,24073.404592512787,22.448422028303632,171899.4951957743,2056.3338587963162,9.946887138749219
BRA,1985,4.219827589100396,0.13324517518709486,24.161711680029704,1.0,2.0,0.0,0.0,4.0,437086.05529569375,20.73531270761408,201791.8777220489,1852.2069027704838,12.119519680040785
BRA,1986,6.085198348873527,0.2565847632417634,30.19826527670895,1.0,2.0,1.0,1.0,3.0,240098.31979124466,19.740230670991,212515.74478671773,2011.0549758231668,11.583216541319935
BRA,1987,5.900853916911856,0.38515421608663075,33.441098549755175,4.0,1.0,1.0,2.0,1.0,2290.3447434076697,22.7184119442346,198121.04555860825,2318.4429417808215,12.810615605660491
BRA,1988,5.67232476214945,0.36715886833145817,31.31610898276652,0.0,1.0,1.0,0.0,1.0,138424.28301848637,25.90876916611439,223259.16376926162,2420.670092907886,16.315775265712453
BRA,1989,6.813707223853955,0.3270401945763776,37.94383030152017,1.0,1.0,2.0,0.0,2.0,509746.0754517849,24.858871275813733,223468.7838718603,2775.3739041877798,16.69939288760491
BRA,1990,6.29448677689738,0.42057591762847424,31.34874775145378,1.0,0.0,0.0,0.0,3.0,78148.79416912059,24.777290055524414,229729.66608572303,2916.4213613648935,17.148670278749204
BRA,1991,6.042022240244058,0.42071348600388697,39.22711107802658,5.0,2.0,4.0,2.0,4.0,1249606.1827694844,26.553601868085053,237385.6126306927,2610.3486402244444,15.944672238630298
BRA,1992,7.698887313523549,0.480364810475543,39.179542506641205,1.0,0.0,0.0,0.0,4.0,885078.5644779337,31.732565504085784,238651.2729598842,2868.3224487240877,16.428879529806405
BRA,1993,7.415962218452758,0.49305914272677415,34.432042719806226,1.0,0.0,3.0,0.0,5.0,598696.1476855819,26.17473921728698,296676.61422442447,2764.686245181876,15.775278488163014
BRA,1994,6.788491552555485,0.544753439709092,46.71136875322393,1.0,1.0,5.0,5.0,5.0,33131.01741620501,31.337882808307118,293740.80298247066,3466.8584574805204,19.7124553260707
BRA,1995,7.548837568923252,0.6129023981689014,40.96360334633282,5.0,2.0,1.0,1.0,2.0,180140.37758582953,32.75158210490154,283275.75561898417,3288.141245225158,22.140152882488543
BRA,1996,7.421567025900411,0.5535813939947166,40.08910525590069,2.0,1.0,2.0,4.0,2.0,148723.27380383277,32.35378891825218,292546.7139712148,3568.119213158666,22.11647198433508
BRA,1997,7.389049534629418,0.5878301293098676,39.89167062144826,3.0,2.0,1.0,1.0,0.0,63297.974462435515,32.91263805771768,303399.2857992748,3355.1150904600204,20.75221927513234
BRA,1998,8.967258622798237,0.5928757654976831,43.94867898723144,2.0,1.0,0.0,0.0,5.0,3424509.598285598,38.26156703619531,330024.0830879988,3782.758319038287,22.009960959254666
BRA,1999,9.773833848457869,0.6094975158397093,45.228957950275294,2.0,4.0,4.0,3.0,5.0,70458.14764337381,39.19775375131737,383849.30982013425,3816.3860972012344,22.25298679937687
BRA,2000,8.10299729929905,0.6723111104303694,46.80954275284941,2.0,2.0,2.0,2.0,3.0,170466.62634696357,38.134604243129935,348800.2373808945,4036.51742210608,23.742879170528816
BRA,2001,9.45169852544093,0.8131731694965187,46.768514889195984,8.0,4.0,5.0,0.0,9.0,970560.1738245076,37.53912081542906,389292.83398287353,3510.426521571047,25.446222981010404
BRA,2002,8.963915532993651,0.7582166523590774,50.009302450238614,13.0,1.0,3.0,4.0,11.0,72509.86430517666,39.83701500168468,423429.4450794115,3929.6443638714886,22.721269629381023
BRA,2003,9.257005209324724,0.8984251300065816,48.322674570469815,3.0,2.0,3.0,2.0,3.0,299559.3535524633,41.27243747722056,397335.1182320565,4251.346485840082,23.258017304626193
BRA,2004,9.38448821198634,0.8862713215939357,45.271784134827904,6.0,1.0,0.0,1.0,8.0,1784098.9761768281,40.8465684908843,382206.8381201417,3850.381942613559,24.05916059029459
BRA,2005,9.405311783661007,0.7506388248347857,50.505320070558085,0.0,2.0,2.0,5.0,8.0,138485.7025970399,42.76139643691804,406736.8258370916,4265.241772699996,24.846095577895042
BRA,2006,10.096111365108406,0.9836274629520144,45.682225123263024,6.0,1.0,4.0,3.0,2.0,601038.4921822862,41.645172282969874,415095.75399020367,4344.749581346863,26.316172063264062
BRA,2007,9.745853134603003,1.0177194675136814,53.16116332305174,2.0,2.0,2.0,2.0,8.0,41920.91472899306,35.958625329720775,466026.18488745263,4438.759422903277,25.580880932237548
BRA,2008,10.5242254284678,0.8935292821724314,50.45919617926903,4.0,2.0,3.0,1.0,10.0,468421.21180985885,43.18150738734798,385993.1545489698,4411.728364357954,24.833381872817128
BRA,2009,10.47486563189227,1.0254417644508027,53.90297716913961,4.0,1.0,4.0,4.0,4.0,214284.52589846269,45.68622413238356,462910.4872177988,4533.626946164384,25.180660920688307
BRA,2010,10.49177126979746,0.9407554657718759,57.325041352705625,8.0,4.0,2.0,1.0,7.0,631324.2058785548,44.704850997821104,397028.8144725446,4541.441817832654,25.01699204473785
BRA,2011,10.223537450576533,1.033258716226886,52.17328720204935,7.0,3.0,8.0,3.0,8.0,302035.06506787566,45.86389764374872,465811.69794546766,4765.699430443096,26.79544633515175
BRA,2012,10.521225860046828,0.9392393448521067,57.665616190296035,4.0,6.0,3.0,3.0,7.0,191832.5490557014,44.90073337160986,440012.0804132208,4362.513309427471,28.65430712315007
BRA,2013,11.386435903178963,0.9107547461734642,54.36037803254181,8.0,2.0,5.0,0.0,10.0,432347.30869384395,45.465248757092134,500084.9344529946,4651.719131597623,28.03702904500306
BRA,2014,11.331541373203912,1.0362983104406867,60.22435218046785,6.0,4.0,4.0,1.0,5.0,83504.69018991145,46.64161805981967,475305.62832688383,4895.504640636234,28.459904045873078
BRA,2015,10.565536663996532,1.0687285962640236,55.294209465942295,7.0,1.0,3.0,2.0,4.0,947437.7226283492,50.959384489038605,476455.3042538839,4459.291681293238,26.358078540537512
BRA,2016,11.262024241673318,1.057564151961477,54.44184651906593,6.0,4.0,3.0,8.0,8.0,791807.4986673342,48.78390559217164,442002.0590763409,4512.638364336588,26.422211522335466
BRA,2017,11.707854001283318,1.004520185651001,58.569428323138396,8.0,5.0,3.0,1.0,3.0,454716.5179626546,48.76364243280898,513618.24301681237,4827.251492315506,28.4864692004968
BRA,2018,10.380863940518221,1.0762893935913191,56.04431688099747,7.0,2.0,6.0,1.0,9.0,267556.28159315017,47.881225161215994,541631.1867106222,5055.368228316935,30.139777339591998
BRA,2019,11.71266613521666,1.1380978792809904,55.288698060756595,2.0,2.0,4.0,5.0,9.0,1462152.707365984,44.65671964096246,524161.03522562655,4723.327831504872,29.72247261042589
BRA,2020,11.073593797064122,1.1205271605060905,56.434106714362194,2.0,0.0,0.0,4.0,11.0,603825.1137434338,50.62353595789653,451307.06729301496,4799.549184661826,27.729083261613226
BRA,2021,11.832360802618577,1.1456284745421992,57.73312092248819,6.0,3.0,3.0,1.0,9.0,203629.8934591621,50.10149854165452,473752.1148025825,4882.900870055826,32.00071313859935
BRA,2022,11.110720172825262,1.0837256274888387,61.39716418827392,8.0,5.0,2.0,2.0,8.0,1010787.2039217502,49.060874274705725,450801.88055333745,4701.529461326345,26.06174925739829
BRA,2023,10.553124115482586,1.236823530341075,53.386221172719246,4.0,2.0,8.0,3.0,7.0,627425.1603683825,48.300641414109954,467042.4373927862,5348.343587648129,29.04462593134304
BRA,2024,10.692765254185,1.0542333895580969,58.44292841245352,7.0,4.0,5.0,3.0,5.0,85575.5303701131,49.7750150618454,490958.3876116053,4630.923649406903,29.23954372299955
BRA,2025,11.690558190689696,1.1921052545647677,60.09664744906729,9.0,1.0,6.0,6.0,11.0,77329.78198563689,48.160969484084724,503577.6576490868,4883.393151428664,28.886464319237618
CAN,1960,1.19473798003187,-0.22956731547909623,12.85491509635783,0.0,0.0,0.0,0.0,0.0,417347.42879638524,8.772041657758091,37965.88665737122,547.8391869291664,4.063853246771506
CAN,1961,0.5797839159667689,-0.27808165165462,15.882341077504723,0.0,0.0,1.0,0.0,0.0,53479.71612802366,5.46163250156011,-15909.169329255008,30.85477227883871,3.1771155241409876
CAN,1962,1.5264186866339808,-0.3244832567269964,12.680345470547127,1.0,0.0,0.0,0.0,0.0,179702.39437442733,3.2819704622067745,28697.704811049967,371.47890648202406,1.5115538806969666
CAN,1963,0.26881955885080755,-0.341506394041844,12.687289197384962,0.0,0.0,0.0,0.0,0.0,6402.192855674697,5.131157685192859,45337.131415374446,278.21084879053,3.639283405526988
CAN,1964,1.2570959497262812,-0.20649151536694463,14.937744884700699,1.0,0.0,0.0,1.0,0.0,146351.13198018595,8.428528563276394,59169.049184527874,794.2153567725819,4.166302249356892
CAN,1965,0.6760347553808881,-0.3924649059869442,14.041193538440552,0.0,0.0,0.0,0.0,0.0,49280.925519876604,7.73470556316933,49536.01663201149,258.6309208630139,5.400212068132817
CAN,1966,1.0816802476938658,-0.3445336264400958,13.182612978994941,1.0,1.0,0.0,0.0,0.0,29325.740655477974,8.410352926380318,54695.1875690038,912.2532952920652,6.313414463794415
CAN,1967,1.575168287677784,-0.28600788361556784,15.846508149708757,0.0,0.0,0.0,0.0,0.0,300717.38710746565,6.184349507285315,40528.990169827746,451.0323104969812,3.353759910755324
CAN,1968,1.1523929398381063,-0.1413869168075439,13.356203722942645,0.0,0.0,0.0,0.0,0.0,348248.67639071983,10.168128046380488,57558.60554697676,994.7843550862805,7.1340868485720605
CAN,1969,1.5334940058173991,-0.19506367520374762,13.92689817973233,1.0,0.0,0.0,0.0,1.0,273182.4047580893,7.57700065025272,119925.2068964153,484.5880261198059,4.455356764535497
CAN,1970,2.4494519685526552,-0.28671898544543156,14.640161046691844,0.0,1.0,0.0,0.0,0.0,2531.2249137320127,11.48142753800281,90595.12819471337,959.9021554250692,4.622981648206862
CAN,1971,1.6645346301986648,-0.21665105744999574,19.88809661856591,0.0,0.0,0.0,0.0,0.0,77967.89227365155,7.671668820525817,75024.39999525281,1131.2677058051684,5.067662219117829
CAN,1972,2.611810210793066,-0.22218414768692316,9.040012355060103,0.0,0.0,0.0,0.0,2.0,107469.65052872323,9.496142050450818,89965.2975402494,1101.3810348884467,3.2400343723307707
CAN,1973,1.6267691070325188,-0.20963869524502732,18.712260341084093,0.0,1.0,1.0,0.0,1.0,290547.52824865194,9.761314154274805,79970.89667754926,739.0238461616668,5.733508110216528
CAN,1974,2.736425973261156,-0.05291825152973685,18.484760278804334,0.0,1.0,3.0,0.0,1.0,359223.2540135298,13.850216380144653,86594.01087167922,1355.0098063529472,8.538893635726291
CAN,1975,3.4267954806513905,-0.2178586122509103,14.919100042222517,0.0,1.0,2.0,0.0,2.0,259473.77037447516,12.169907212309068,115743.66176608184,1285.6596867624369,7.776208951305017
CAN,1976,1.3536896940031187,0.04520824676501914,20.665122519910916,1.0,0.0,0.0,0.0,4.0,420205.30072857224,14.857286343062043,84766.46731230573,675.6403760562575,7.857438234497537
CAN,1977,2.504682923115052,0.008922402346676059,21.8976308274509,1.0,0.0,1.0,0.0,0.0,154676.57033190405,17.203378530343034,104638.28126901701,1332.5885731501994,8.48760122549033
CAN,1978,3.493781462890108,0.05762928004986767,23.04785890344262,0.0,1.0,0.0,0.0,3.0,222456.09506749944,19.421417164982905,82322.08005787642,2053.855641600324,10.247332047820464
CAN,1979,3.255257688681426,-0.037451329914208936,15.857424562631747,0.0,2.0,0.0,0.0,1.0,19424.082394053537,16.758403014284102,144987.91968315054,1736.1506823761893,7.763531019416666
CAN,1980,3.8062352229434464,0.018311016665663416,26.86304459813585,2.0,1.0,2.0,0.0,1.0,167146.3502530719,14.622986509441876,161888.37354939437,1446.7570774037697,10.795789843662224
CAN,1981,3.4767892374508573,-0.05217134936198338,22.608183107037696,1.0,0.0,1.0,0.0,0.0,174275.35389787398,20.8225368290664,160283.06382740766,1786.3850870104059,10.18654542871125
CAN,1982,4.115082594829374,0.05406783763047585,27.217695310502314,2.0,2.0,1.0,0.0,2.0,297836.86986730224,22.351698085907465,149857.30404446824,1664.8026009654893,9.583304916537308
CAN,1983,4.226326209715644,0.1703919523423863,28.44329584329741,1.0,2.0,1.0,0.0,0.0,153074.16207050762,19.79690370095417,165472.50799538847,2097.9421333130826,11.939848615729503
CAN,1984,5.246427163857741,0.270634954981239,25.525441974661994,2.0,1.0,1.0,0.0,4.0,89893.97917378302,23.91240087942141,181482.7974290499,1774.0776365132133,12.038976328907365
CAN,1985,4.98800967607687,0.11549252473283651,30.528183320786145,0.0,0.0,2.0,3.0,1.0,91556.68257189452,22.739251693450075,216710.49008595108,2358.4559582082275,11.44171645133849
CAN,1986,5.309213439400043,0.21285926886125556,29.101883892096506,4.0,2.0,2.0,2.0,2.0,49584.64488624991,19.325893981990674,227114.19718016844,2402.462406472997,11.739396157387146
CAN,1987,5.1570818011455035,0.2687880354827438,26.09943121107166,3.0,1.0,1.0,1.0,5.0,425604.08010354533,22.7303328499873,177557.12529727246,2451.1357327057053,13.306759863626796
CAN,1988,5.396535452064821,0.20860246812463665,35.42765494819555,3.0,1.0,1.0,1.0,3.0,350771.7126850263,24.120848070386657,203720.97988351295,2902.4236805412474,13.88923358810168
CAN,1989,5.714018385995908,0.40734123937436806,31.8134282185124,1.0,2.0,1.0,2.0,2.0,318150.7239451441,25.55765084829595,248874.9258843885,2768.9713235559657,17.00992934466877
CAN,1990,6.476809981867521,0.3420807734605913,32.863766343154865,0.0,0.0,0.0,1.0,1.0,283947.8868210622,25.39972090919252,217104.64224667655,2890.0722843125054,15.700050326732253
CAN,1991,6.295194579536158,0.4243354718721421,35.241294703855196,3.0,0.0,5.0,0.0,4.0,175236.38768296226,26.453514195629985,285884.6008291588,3032.1065978418374,16.177090044035268
CAN,1992,6.989711511808934,0.44357844594701457,38.17229167894237,3.0,0.0,1.0,1.0,2.0,571003.9270331917,32.770881325137424,268496.91031699546,3051.9512161957005,18.97567911615186
CAN,1993,8.299444402555206,0.4559609464410805,38.57894981352769,8.0,1.0,6.0,1.0,4.0,1014164.1327942958,26.942379263708528,305291.0607713786,3108.9659750855603,19.973916583356782
CAN,1994,7.885804795766421,0.5573366573414789,41.30455031739053,2.0,3.0,3.0,2.0,4.0,234818.67212677334,30.31188269321451,300598.6763844182,2954.6739728900525,17.599194425502432
CAN,1995,7.470818777824819,0.5786861636375256,37.77424314377109,1.0,1.0,1.0,1.0,6.0,217011.7942888676,34.40803020985732,309143.40508084424,3069.6283648790445,17.687579517553505
CAN,1996,8.615745526840914,0.6033014593789794,40.42684938521293,7.0,2.0,1.0,3.0,3.0,74594.42010482209,32.80019736705076,296060.514795813,3436.116506010087,20.799693040219232
CAN,1997,7.949516040446519,0.6108235057346384,43.11939592760447,5.0,1.0,3.0,2.0,7.0,474872.4845886797,35.96921150650218,320766.8481295881,3583.6453131590893,20.41891862561034
CAN,1998,7.262784925240278,0.7295211434668164,49.24344228802739,6.0,2.0,3.0,1.0,6.0,355244.55932490237,35.14573541488618,342420.64004301646,3547.0688249579835,20.55598032974003
CAN,1999,8.096269651410037,0.869808585679389,45.2629437852158,4.0,5.0,2.0,2.0,1.0,1957036.635855867,37.97695732893419,352059.4882162862,3528.291514773201,23.360214929703766
CAN,2000,7.83146829965519,0.7808847044351379,49.26598459065433,5.0,1.0,3.0,0.0,2.0,395031.2237176171,35.56223939004663,383867.947347754,3703.9899967713395,22.10482280267026
CAN,2001,8.9258709610201,0.8801056261450787,47.609393201716685,5.0,2.0,2.0,2.0,2.0,155795.0799893454,34.58000262968093,359343.6509926732,3813.806404256755,25.6927589175356
CAN,2002,9.348625578272694,0.7184218995861511,47.21709258135696,8.0,0.0,1.0,3.0,3.0,384874.13302699575,38.68115780632782,383755.11843203177,3976.705520722384,23.585454237246562
CAN,2003,10.501053759547712,0.8699568880115955,48.674938091841824,7.0,2.0,4.0,0.0,5.0,1974856.7060424862,36.33917709970961,430668.1670009092,3941.2187778190687,24.233157623084182
CAN,2004,9.913097958338083,0.7957047561760455,49.68814514785688,6.0,2.0,1.0,2.0,7.0,616775.3000006223,40.94782377748511,421787.5648570082,4344.205807237044,27.59681855036978
CAN,2005,9.776123672161804,0.7899651677072779,52.38783815708403,4.0,3.0,1.0,2.0,1.0,67093.7112629559,39.233270999666765,411585.76774923777,4116.586866089842,25.32559136421194
CAN,2006,10.545119638220637,0.8720797036175563,55.03744742563761,4.0,1.0,2.0,0.0,4.0,208057.80977277536,39.91025266815235,379798.6729166002,4059.3066915463655,24.307768158895527
CAN,2007,8.952246648859816,1.0482075226194303,53.175938865039065,5.0,1.0,1.0,2.0,3.0,178286.0348401456,46.36113339680843,388648.22401572997,4255.025938208366,24.246317018513892
CAN,2008,10.504191124556817,1.0490395624527915,55.875140951830005,4.0,2.0,1.0,4.0,10.0,991276.3372390282,44.23256797254795,445119.0532559664,4074.4738629787107,25.381474437821222
CAN,2009,10.94700003131053,1.0112668187835554,51.08260193777589,7.0,0.0,2.0,1.0,9.0,488827.734386864,40.68862371216748,453533.98231586,4861.6210286843225,26.68738692437973
CAN,2010,9.778979305422236,0.8866592799734173,53.00327762685904,3.0,1.0,3.0,1.0,9.0,872165.7909507398,44.52717703811189,391989.03554019897,4593.792379889782,27.937726004561483
CAN,2011,11.403045131094435,1.0097426339759843,52.734402604700186,3.0,5.0,3.0,2.0,5.0,103242.91167195015,44.76900168758788,463020.3877185704,4484.278140953003,24.83953245930041
CAN,2012,11.047504809432908,1.064535218120643,55.79858702120288,6.0,3.0,3.0,2.0,7.0,1288626.9348954551,40.85717502415645,436199.73104609083,4864.040246349666,27.211409963937687
CAN,2013,10.713295397836193,1.0682461607425182,54.54645598630866,3.0,3.0,2.0,6.0,7.0,32893.91193776672,46.68168321815086,444415.77747434657,4523.536520328893,29.238803970317285
CAN,2014,11.407363563331007,0.9194201989312645,57.665797517889374,5.0,5.0,5.0,0.0,7.0,260707.4552226452,48.401078423583684,480674.9428297244,4601.224715737942,28.038219454303686
CAN,2015,12.433279322993227,1.0074014841244208,53.879586719856725,4.0,3.0,0.0,3.0,8.0,8015.6791908636815,45.63497513432406,480419.2352445121,4477.991055774833,29.77418900598988
CAN,2016,11.309481262710149,1.084252306318748,56.65065641613587,7.0,5.0,4.0,3.0,6.0,116099.59498770663,46.23162962303967,463036.9867317882,4454.0206188274915,25.952979570223082
CAN,2017,11.418533242467232,1.142145903070181,58.56847697468082,3.0,5.0,3.0,0.0,6.0,1891965.4746285598,45.91249454175628,485747.2593491206,4753.569166812128,27.919540824510296
CAN,2018,11.07663945992737,0.9325910928738144,51.97053426745504,8.0,1.0,4.0,1.0,11.0,47822.24980834446,48.28768385937226,462325.5603074336,4980.620609217507,28.56357701341148
CAN,2019,10.911573512155941,1.103584381036143,62.696400114404625,5.0,0.0,2.0,3.0,10.0,93099.20044911536,47.09179870957629,454269.39543811535,4548.485394297796,29.314137656086107
CAN,2020,11.932045552970925,1.1355625045062097,56.92082662892198,7.0,4.0,4.0,2.0,8.0,1552953.7232333943,47.394178902110944,507770.1589727975,4720.869305460958,27.480132890445418
CAN,2021,11.01201836827991,1.1989973511755592,52.78203746875526,3.0,1.0,3.0,3.0,7.0,752374.4627312649,46.238981795675876,511567.4398873615,4749.559252596819,29.37534330887773
CAN,2022,11.59074477423836,1.1927634502641722,58.43694860660375,5.0,2.0,6.0,3.0,7.0,321338.0305183606,52.83054485065702,464399.48488553165,4997.23498749989,29.59486995718761
CAN,2023,11.316278291474742,1.1896918026684866,58.30504920630107,7.0,4.0,4.0,2.0,8.0,44349.697855884966,47.815171001470716,468932.46765543206,4731.428162368217,28.901099346648984
CAN,2024,11.904015555771995,1.0843320159463246,58.18049081614624,10.0,5.0,7.0,5.0,14.0,968498.0375451107,50.12302150215909,506123.0649632152,5025.195546030661,29.75364294470886
CAN,2025,11.854765056899398,1.0004602598279655,61.01236624474885,8.0,1.0,2.0,2.0,8.0,432674.55291009624,49.278246484834,468071.0813360883,5030.35602554045,29.622096081265155
CHE,1960,1.0455166038699815,-0.3461027872961082,6.864010275864043,0.0,0.0,1.0,0.0,0.0,139580.30620731073,6.479029480227805,56773.06258878376,832.5637593918692,3.746431065811997
CHE,1961,1.0944182907471005,-0.49265377695060514,12.056263303252601,0.0,0.0,0.0,1.0,0.0,261737.8539601602,6.378426597556103,23197.510375032536,683.8367461608143,1.228157463756125
CHE,1962,0.9706885608420629,-0.46819243111071007,13.483473953484967,0.0,1.0,0.0,0.0,0.0,671204.3643002724,11.937406252228346,24355.317085474464,315.51476009059274,3.832310054093824
CHE,1963,1.3134282378743727,-0.2965202634010712,10.335673233505515,1.0,0.0,1.0,0.0,0.0,14913.779950987826,1.7389309032218625,24538.39823682135,253.36189643878038,3.472404604517825
CHE,1964,1.7695233361323783,-0.24027685898745244,10.735187490976486,0.0,0.0,0.0,0.0,0.0,117585.52309582775,8.325629916195284,47318.606112475885,696.863678044481,3.967720095648452
CHE,1965,0.873769196210533,-0.24859044335583014,15.19659057562751,0.0,0.0,0.0,0.0,0.0,39485.349266018515,3.3739157312789434,48706.803949444,768.3971499134644,1.8050262438657518
CHE,1966,1.0780690284618348,-0.253518077145645,15.565771025838945,0.0,0.0,0.0,0.0,0.0,122053.58395650654,9.506650516517023,32751.651452759517,387.1171134305471,4.670205633092928
CHE,1967,1.3732715851242636,-0.16122249457577678,14.21179539977299,1.0,2.0,0.0,0.0,0.0,140195.0048480357,7.5275105712369665,47065.55145680505,604.7507227669032,2.446805821796036
CHE,1968,0.8732548438792804,-0.2835665150674743,16.938028758949443,1.0,0.0,1.0,0.0,0.0,204257.0966185128,2.886619334060714,44462.79953132836,969.3157400166633,1.2510399795121234
CHE,1969,1.2835401744096875,-0.15385224160487326,12.519335320480282,2.0,1.0,0.0,0.0,0.0,125838.03663405459,12.359899129926042,76639.53102247023,1181.9127497934367,5.368874627921383
CHE,1970,1.5970066009661728,-0.33983651556672534,15.07030880838845,0.0,0.0,2.0,0.0,0.0,88338.74532547231,7.462144470195772,28326.999201052527,880.0899912501283,8.023759480202965
CHE,1971,2.4990212340842937,-0.2642222676542487,20.625117732609077,1.0,0.0,0.0,0.0,1.0,10259.704257724572,12.989542797159551,57425.9800999951,924.7305701578655,4.473148234891545
CHE,1972,2.282260010531716,-0.3176016077537649,17.26335856987393,1.0,0.0,0.0,1.0,0.0,8499.178995901873,9.190299169842948,66904.74479761886,860.6961845524353,5.30993476119716
CHE,1973,2.3876647474969874,-0.17484319991992786,18.039044540644234,0.0,0.0,0.0,0.0,0.0,47614.54898172212,10.906306342995524,112875.48976294782,1375.4854831730831,7.579076981610685
CHE,1974,2.9210548992064527,-0.1349303135955866,24.163947208223128,1.0,1.0,0.0,0.0,2.0,151978.93037227597,7.421088277181742,114147.65806967254,1220.145735376154,8.331174318103907
CHE,1975,2.518904745443445,-0.09899104253170825,15.622920775695892,1.0,0.0,0.0,0.0,1.0,141869.07629418076,14.164590510675524,101814.57577520637,959.7450949270491,7.2556461590187515
CHE,1976,2.9994025702854215,-0.07854355346275996,21.881881488676186,0.0,0.0,2.0,1.0,0.0,57126.60936552671,12.610373255598564,74899.61686704279,1413.5328366349818,6.547068983710585
CHE,1977,2.903545187074391,-0.13154023933303202,24.86821654739232,3.0,0.0,2.0,1.0,0.0,479487.0489028059,13.812666978839585,109296.51963179195,1141.8562464703193,9.8531843896149
CHE,1978,3.3145483406660836,-0.044858921151485445,20.761616008802754,1.0,0.0,1.0,1.0,0.0,327867.0180023712,15.202575434509592,163403.3325425174,1164.2639105899893,6.758944582204772
CHE,1979,3.036922557529487,-0.12021190244064818,24.636071687381236,1.0,0.0,1.0,0.0,2.0,122944.30362455851,12.530263971254017,121910.27646002095,1368.68392795976,8.263087563274643
CHE,1980,2.1905064797459968,0.13936459220257222,20.99202232547249,2.0,0.0,1.0,0.0,1.0,478316.8411209764,18.657343902984053,138410.79307170692,1361.801927646971,10.35395201577862
CHE,1981,3.7468702015553292,0.03819070996815352,22.73569387983142,0.0,1.0,0.0,1.0,2.0,1393734.1304971783,16.73939696639881,149887.1462760229,1445.9234786980571,7.897252553673425
CHE,1982,4.883373645289923,0.0569299406723248,26.46369198373846,0.0,1.0,2.0,0.0,3.0,88544.52235020968,24.115341229940174,134500.94665910097,1428.3235319693908,11.224385628000617
CHE,1983,4.848414476355005,0.25801479080646084,28.58702807436817,0.0,0.0,0.0,0.0,0.0,145235.30811254482,18.852456668356176,146390.36725366634,1695.330640232877,12.88481008838378
CHE,1984,5.130056032043275,0.06757018735478892,30.51952596972584,2.0,0.0,0.0,0.0,3.0,1632646.733471782,20.068927918130417,157607.9381376548,1840.1543792603625,14.268778502892488
CHE,1985,5.552492856217248,0.11401810095447512,32.801104907256004,3.0,0.0,1.0,1.0,1.0,50072.77892678672,18.937016794758,181950.89315382304,1756.8745463560651,12.025043076964721
CHE,1986,5.166070023509628,0.1544021178305916,29.897000597989447,1.0,0.0,1.0,3.0,5.0,27713.674876515364,19.42843331990202,212287.80421778955,2313.1031421794055,12.620541468163292
CHE,1987,5.507367588424139,0.2754622625653871,34.261903547348524,0.0,0.0,2.0,0.0,2.0,259452.77011250376,26.124882246195764,217593.0870956997,1885.0194123913275,14.916553594067958
CHE,1988,5.321759191031754,0.35479613467104326,31.652538025753234,1.0,0.0,4.0,0.0,1.0,227490.73176537186,27.6450441322064,238291.93591833714,2326.2094132689485,13.739722817857025
CHE,1989,5.780997451776637,0.4192073374831228,36.00626890502367,2.0,1.0,1.0,2.0,3.0,29959.805059220504,25.10378701158459,291937.63393709983,2687.9819944158244,14.868355030502965
CHE,1990,6.604068411118407,0.6057596253995976,35.518721994630454,1.0,3.0,1.0,2.0,3.0,128452.89258135589,27.772979181937945,315241.71236152615,2916.0572226011263,16.450945789068083
CHE,1991,7.229494207379879,0.26001210363024285,37.36315414165181,1.0,1.0,1.0,2.0,2.0,207657.53438819395,31.418261653437703,265305.90231519914,2632.3356394711327,17.220638037165024
CHE,1992,6.742909360576922,0.5284332428299181,38.550469550679,7.0,0.0,2.0,1.0,5.0,673588.528040109,30.39382742263423,298400.72938307724,3122.355831635388,14.725390323609341
CHE,1993,6.847230116044518,0.4745375810928759,34.71036331608842,3.0,0.0,1.0,3.0,5.0,489108.5413970871,31.94074968646065,304091.48389826366,2913.525656848533,16.45142001865521
CHE,1994,7.385211667635741,0.5109870442688214,37.12407835847067,1.0,3.0,3.0,1.0,3.0,996117.9575684554,32.13729449363164,326614.8131702007,3643.7762489303077,16.19703590471984
CHE,1995,8.00397618945557,0.5463531596626572,41.37932015963654,2.0,6.0,4.0,4.0,1.0,166739.0151396145,31.542511524731662,337597.43167438597,2882.5039379928357,17.093977847080254
CHE,1996,7.09483100231986,0.5603485162966347,38.064617612186844,3.0,2.0,1.0,1.0,7.0,155468.5649769554,34.92180235326469,310003.6138785992,3097.9440584120407,18.512182030312598
CHE,1997,6.863855331879999,0.8038624222373421,45.48741636640769,2.0,1.0,0.0,3.0,7.0,265945.8709004679,39.264135638846966,383859.75822523865,3478.326345262066,20.39808799598801
CHE,1998,8.118147844509883,0.7713429559652922,46.67761397210098,1.0,1.0,0.0,2.0,5.0,3287.128112787212,34.87790580865193,383498.1671074307,3246.4612401351797,21.143625853760888
CHE,1999,7.974009635286904,0.7393748824845962,46.365401513444674,4.0,1.0,1.0,2.0,9.0,102808.58300501606,38.94452586920785,379879.8834654847,3475.072043013147,18.894123765508787
CHE,2000,8.614993040597852,0.8777749860069678,43.75009389960544,5.0,2.0,5.0,3.0,5.0,106913.8054511883,38.30571235471486,382905.59463182266,3842.40738009021,21.163195891766517
CHE,2001,9.043017531023807,0.6794138517282783,50.963352626927175,5.0,2.0,1.0,1.0,4.0,28838.826471517437,37.434680556164984,385319.8750836981,3871.1422931358775,20.88179767121774
CHE,2002,9.077417175050469,0.723183243091954,53.519265774246776,4.0,1.0,5.0,0.0,8.0,282352.329490882,41.59799603622268,389614.41934684437,3903.826175317512,23.23837086533363
CHE,2003,10.372271137310104,0.6830985542925189,49.65944122074286,1.0,0.0,3.0,3.0,6.0,1114801.9848536004,42.11531142277494,412783.5561487207,3987.6267150865574,23.084616029886217
CHE,2004,9.912992958070024,0.8275410584838678,51.385532874057176,3.0,2.0,4.0,1.0,5.0,1938.5090654869568,42.40416148985256,407620.91157515626,3491.8730360418494,26.223097730006643
CHE,2005,10.074879233003127,0.9210550440462102,51.38307044667229,5.0,5.0,2.0,1.0,3.0,482613.66167971503,45.72523659053559,418400.1569397338,4177.5204153659915,24.696831801648482
CHE,2006,10.425980536865087,0.939458102448866,52.92684222919322,6.0,4.0,4.0,2.0,6.0,1046785.5362846733,46.570808505325566,416765.88464723865,4061.0258876802336,24.446720838787694
CHE,2007,9.568820408815407,0.9648029287511349,51.977839854257276,6.0,1.0,8.0,0.0,6.0,57160.586024965945,43.17048902586128,419590.92501607916,4187.132740797974,25.307767158306703
CHE,2008,10.966202031411047,0.8601537496739332,52.82103615536611,7.0,3.0,0.0,2.0,7.0,1270935.997658225,43.377948878437664,477013.92342255346,3959.6091343638072,25.127073135032976
CHE,2009,10.460188080067635,1.0560788204283251,55.75887028309352,5.0,2.0,6.0,3.0,6.0,883175.2704660085,40.93352239774882,440331.8345510891,4546.689119407196,28.23498171008564
CHE,2010,11.014692751659343,1.0284455262237315,59.90391430363522,1.0,2.0,4.0,2.0,6.0,126800.96772014549,48.085575795683496,433415.0403679955,4569.422905311465,26.192972385279525
CHE,2011,10.129068647252362,1.084089428604299,51.044980854215005,4.0,3.0,2.0,2.0,5.0,1255369.5637869267,44.92631878199552,452817.2875019902,4213.5087670220555,27.583755302228678
CHE,2012,9.959458084664382,0.8889782432012998,54.75294433300832,6.0,3.0,5.0,2.0,6.0,880049.429143867,44.14134853006822,423209.9192584735,4573.332778977683,28.312517768430787
CHE,2013,11.422372501693546,1.0791225310800534,52.492700736176985,3.0,7.0,1.0,3.0,4.0,64657.458230079814,43.799268610630136,481136.9276975379,4958.634156080364,26.523191245673527
CHE,2014,11.259949467825965,0.971902466416322,59.82142742174409,4.0,2.0,1.0,1.0,6.0,985396.525094331,44.14100797121163,461939.0167944455,4642.01377561695,25.146072415323278
CHE,2015,10.608951286000131,1.0468410517619016,54.737746075638086,2.0,3.0,2.0,2.0,6.0,439473.1523263746,50.5434990721462,457113.9951685431,4170.118554104426,27.202979792927607
CHE,2016,10.704851894318564,1.132127719341556,52.935076998368174,8.0,3.0,4.0,1.0,8.0,964782.9442205261,48.90989740631911,457911.12803195,4540.987632975685,28.956344199324324
CHE,2017,11.922931406383032,1.1065301188092789,58.44679969427161,3.0,1.0,2.0,2.0,5.0,555242.04301134,43.81822305136369,432327.5478809193,4733.863287670962,25.863064572465955
CHE,2018,10.656860138764296,1.0401581201794645,61.494568991914335,7.0,1.0,7.0,1.0,10.0,290946.9661304307,44.163412629559076,520079.03436006786,5227.8639448923195,28.748854048585887
CHE,2019,12.344770972720376,1.1170561515692852,59.05131651748102,9.0,2.0,5.0,0.0,9.0,544593.9919910554,47.92728629625694,482076.74063936854,4470.7274847193585,29.71532548801305
CHE,2020,10.93674553603546,1.001595777696402,58.14070103432646,3.0,2.0,5.0,1.0,2.0,606658.8449680929,45.57879718132264,524663.171051104,4742.460340288233,30.62033456140932
CHE,2021,11.87134192540233,1.2230497837661258,58.86748955988568,8.0,5.0,4.0,2.0,7.0,882889.1811352721,47.493042964039006,475368.66954736575,4546.55574379913,29.74194648232723
CHE,2022,11.360638564281544,1.1209121219654772,61.57881551722567,7.0,5.0,5.0,3.0,8.0,1092224.7782989836,51.73184178812761,495168.431257942,5022.540704231199,29.31314285065715
CHE,2023,11.93776409623703,1.2325700927042083,56.035942361332815,6.0,2.0,2.0,0.0,7.0,677465.3022561384,50.80548540098894,503934.71883777215,4746.73172400538,29.26451861583239
CHE,2024,11.315736604752159,1.1062047215147959,58.105609004861684,8.0,2.0,3.0,4.0,9.0,2879475.314520015,44.696100026701615,499454.9007954631,4206.29486726908,27.404648005270264
CHE,2025,11.569303425367833,1.1112143517253035,57.40266309115835,8.0,6.0,2.0,4.0,9.0,961071.2137063767,46.40593557625478,477455.5702005874,4769.816752247809,27.854085909788715
CHL,1960,1.9752947721489769,-0.3533378811150809,13.459322479602346,0.0,0.0,0.0,0.0,0.0,39176.2778137598,6.401365034139235,45296.22604438139,352.18177668024674,5.263941719894192
CHL,1961,1.1597706394776512,-0.45024788087405687,10.753932529139075,0.0,0.0,0.0,0.0,0.0,56597.68431915301,6.2115712360611814,-698.0963372107981,834.1313642115757,1.8349477906902925
CHL,1962,0.642427195051192,-0.14541143574726656,12.006817496168162,0.0,0.0,0.0,0.0,0.0,170623.5931395753,9.086101804889031,7463.828980982147,503.1392415140882,4.027393931341442
CHL,1963,0.4592632598555404,-0.2617243840569282,13.452320463348688,1.0,0.0,1.0,0.0,1.0,253628.73556232487,6.078749585107561,50057.71094755441,580.2362680161186,4.619113699158795
CHL,1964,1.186347609251694,-0.3287350798402038,12.208293034954307,0.0,0.0,0.0,0.0,0.0,72682.22091809774,10.737504748057324,16397.186832031264,906.368258751804,6.1883051678899035
CHL,1965,1.902317884600865,-0.17238236084705294,15.465622026730987,1.0,0.0,0.0,0.0,0.0,77816.1640793574,8.774516426323913,10729.5917189004,808.6948370051565,4.781032499856723
CHL,1966,1.3831452654630252,-0.3447448469505243,18.83130108389177,0.0,0.0,0.0,0.0,1.0,116969.07450083872,12.272995838718586,62683.64446783033,137.9697073991382,4.719420228738858
CHL,1967,2.416828136563071,-0.2216734996384162,12.67040271922495,0.0,0.0,0.0,1.0,1.0,37781.21821268647,8.965754250595202,43240.192793552866,777.1236340763935,3.3785298465440463
CHL,1968,0.8127046030967326,-0.25420954815177055,10.824711215224145,0.0,0.0,1.0,1.0,0.0,550231.8790636598,11.622359079931448,52405.72526718254,1047.3831033005258,2.430295755106064
CHL,1969,1.7476622987380674,-0.1743509148965952,10.450490641089994,0.0,0.0,1.0,0.0,0.0,265856.1472260087,6.221253293739116,49853.812391880354,492.3118405319751,3.845267146151163
CHL,1970,1.1507073727168082,-0.21436120789950167,15.583975747368422,2.0,1.0,0.0,1.0,0.0,127895.7327841374,13.24884272574005,71043.80792464442,1089.9616340499879,7.306922638943349
CHL,1971,2.2053357876838318,-0.30790067230810136,14.847512242834435,0.0,0.0,0.0,0.0,0.0,30322.443430695657,12.405784911411619,83026.67909616278,519.1167940128063,5.688973713089289
CHL,1972,2.641247495661557,-0.16699218634561655,17.61220449769209,0.0,1.0,0.0,0.0,1.0,453436.9918208557,9.931003528140339,68715.16635373718,916.2235426910796,8.297579766773934
CHL,1973,2.0344125170940437,-0.0689464445163155,18.05475743424199,1.0,2.0,0.0,1.0,0.0,163621.0302387127,13.897027510919454,40699.414278781755,1153.223131074578,5.320628784445904
CHL,1974,0.9343656033992664,-0.133566728682598,14.391038626768538,1.0,1.0,0.0,0.0,0.0,406462.99781413196,9.70804267065352,92244.98623753675,1030.0315333428653,7.80301055382437
CHL,1975,2.7122887081810823,-0.046109952182702946,14.584066616614304,0.0,1.0,1.0,0.0,1.0,8915.655664372669,12.0901528510332,83547.18051912998,1434.1441682893242,7.34278423568269
CHL,1976,3.026009948823078,-0.16713658054765504,20.630638672936147,0.0,0.0,0.0,0.0,2.0,86326.81007994126,11.98677440395596,121099.49479637724,897.2839329077443,9.352212047881984
CHL,1977,3.195367179113552,-0.05943683632968195,21.04682293467196,3.0,0.0,4.0,1.0,4.0,270038.9780709322,16.70741741048636,85522.85222717623,1498.155487506804,7.68397591860045
CHL,1978,3.872539750059036,-0.07960049000551439,20.509215829132742,0.0,0.0,3.0,1.0,2.0,190745.05704971158,18.225124907851207,108661.98638323664,1400.3661234870483,8.302803711722362
CHL,1979,2.7561529198579438,0.05934229825618852,18.34413575741336,0.0,2.0,2.0,0.0,0.0,102275.42650732363,15.228156630367508,88647.62938099686,1273.4268776539793,10.696682481136538
CHL,1980,3.9839506063889525,0.03282559917295183,24.62554922541223,2.0,1.0,0.0,0.0,3.0,67367.20412922621,14.24167063712505,154741.49999681156,1667.132497194637,6.604882147315541
CHL,1981,4.509772539487289,0.11768668990692262,27.632273732309656,1.0,0.0,1.0,1.0,3.0,110475.1483824369,15.809305011397354,175808.6755028529,1642.0088766458439,9.893024734261836
CHL,1982,3.0426056062287095,0.1830576642884494,26.19623204416668,1.0,0.0,1.0,1.0,4.0,427175.30122288846,19.15831175215687,143527.18991049443,2104.816169361108,8.355209131178489
CHL,1983,4.499640419969501,0.18622905054064529,24.471926665179033,1.0,0.0,1.0,3.0,1.0,65461.80762413355,19.997433719796582,161731.96043784483,1996.618292550814,11.249496727249218
CHL,1984,4.285049075573941,0.1887993847822188,27.828565102638105,1.0,2.0,1.0,1.0,3.0,297310.9080102552,20.180263389319453,157616.00851975288,2062.388259139069,11.3330663273189
CHL,1985,4.794842154145226,0.12420808939612024,25.461748237573055,0.0,0.0,1.0,1.0,2.0,185994.11130431245,20.12249877987489,171597.09902823885,1916.296922665524,13.414287838655051
CHL,1986,5.315005886741345,0.24187685496672473,32.71051877897438,1.0,2.0,0.0,0.0,0.0,496750.00347607216,26.723011427109586,218559.19724683926,2220.611359353993,13.88945326731266
CHL,1987,5.113754632300629,0.23824474094007897,31.4824849957409,2.0,1.0,0.0,2.0,4.0,79371.98575926574,22.755084759006103,200774.60086258673,2164.9569561437147,13.515766907174491
CHL,1988,5.288376885388578,0.2927404877636973,28.087907854993027,2.0,1.0,2.0,0.0,3.0,113340.04543531474,23.383556903602795,237487.8262908494,2401.140742426309,13.258224618860984
CHL,1989,5.9823769840478045,0.33007056797367595,32.99935472494379,3.0,0.0,2.0,2.0,0.0,186925.4079778008,28.957423131109877,237655.39594141053,2825.2552588450712,15.410244634277218
CHL,1990,5.624833585153889,0.3216059540174204,36.15825377558558,1.0,4.0,0.0,0.0,1.0,68329.60995401767,26.864403278302042,269226.5298638501,2582.8480855314997,17.827061835178316
CHL,1991,5.912911206898828,0.28337961283558477,35.416340321508194,0.0,0.0,3.0,1.0,2.0,236538.432882074,29.77587896924972,253174.2753535927,2427.555117515402,15.32702803414672
CHL,1992,7.2137306067934865,0.42628295183374343,36.80196056202347,3.0,0.0,3.0,0.0,2.0,209797.10707635095,27.77340569332696,302445.6387094298,3000.43408189932,15.2907967334217
CHL,1993,6.445532373117851,0.5345783830525872,35.66112032296477,1.0,1.0,4.0,1.0,4.0,1833970.1617442202,31.98860038117563,334439.310275327,3184.7888974930756,15.503937555107319
CHL,1994,7.768037779315995,0.450046092545724,41.35073547332674,2.0,1.0,2.0,1.0,3.0,364931.9261329482,33.59513107393802,257321.41435332474,3487.2388080605606,16.614754392436804
CHL,1995,7.92427230221235,0.5971895088406973,39.50179356004489,5.0,2.0,2.0,1.0,6.0,29696.861888105905,30.499005248459092,309307.58147846925,3428.686587201304,19.41870419858386
CHL,1996,6.932708652542054,0.7850715639061498,36.89170186877718,8.0,2.0,3.0,0.0,4.0,258752.79574546643,32.85286775843245,320867.5824859521,3270.741312445064,18.11080780405021
CHL,1997,7.79455970484091,0.750944959889245,42.48124518173232,3.0,2.0,4.0,1.0,14.0,901107.420408223,33.03257186884435,316568.6602843573,3501.7693280914655,20.18431988268913
CHL,1998,9.121319439719784,0.8354424905338222,46.95159834530651,2.0,4.0,1.0,3.0,7.0,876812.1924630906,34.86079337630362,355464.5845486468,3634.368609872154,21.965575820483572
CHL,1999,8.111749099782228,0.7688094343546242,44.58015151475033,5.0,0.0,2.0,1.0,4.0,1444787.4652048268,40.59515580715937,383722.7027337806,3743.496177845337,18.92659873164045
CHL,2000,8.640141203417159,0.8630945116469235,50.89789139430905,4.0,2.0,1.0,1.0,7.0,1010923.4471937873,38.47564715288409,316546.4499935814,3154.56569011898,23.851191838618156
CHL,2001,9.393676227963693,0.7424989905147653,48.58542515112718,5.0,3.0,7.0,0.0,5.0,88731.45277841782,43.14477222492057,324240.17102775606,3691.454326680312,25.005710694934123
CHL,2002,9.788484553076195,0.7780924322366695,49.27313458065179,2.0,1.0,8.0,3.0,0.0,1663.148357177435,42.919859325047966,425846.70951503306,4024.1723259227197,26.12911476574689
CHL,2003,9.392467445513839,0.6382047563770961,48.97075348733391,3.0,0.0,2.0,1.0,6.0,452546.791776466,42.90707704308918,387153.55950390035,4251.777430937164,26.067058001885112
CHL,2004,9.381546356475996,0.9783858596171148,49.938478908518356,4.0,0.0,5.0,0.0,9.0,581833.9532450552,44.37063109667015,403521.7162181703,3921.2112139781148,27.83893240571274
CHL,2005,10.719969146703543,1.031345080295421,50.22016472188343,5.0,0.0,3.0,2.0,11.0,68569.95342020989,44.40069402470775,382311.3182750479,4045.0867053900524,25.2141606941612
CHL,2006,11.06807873572374,0.8869752365864976,50.845245776489904,7.0,2.0,5.0,1.0,6.0,90349.34847302016,46.2759952293287,417283.25160334125,4154.442305745524,26.424920021848802
CHL,2007,10.786492830738883,0.9325394393545657,53.60390465099113,2.0,1.0,2.0,2.0,12.0,1657701.6674941652,44.27454921160259,457075.27493984974,4242.3137343574535,25.323323855892312
CHL,2008,10.417770685619281,0.9127293270639428,50.5678686804992,3.0,1.0,5.0,1.0,6.0,1468509.513518946,45.1609275485804,441602.1061733153,4534.095346879039,26.956074833932618
CHL,2009,10.03899975488199,1.0224387251374027,50.80484171003946,6.0,1.0,1.0,2.0,4.0,88365.49074613093,45.6254592077905,439884.84321637533,4214.951404413595,26.549434152164572
CHL,2010,10.151660862975621,1.0992699283888712,51.23186627170567,4.0,1.0,3.0,3.0,6.0,148943.13645185775,43.647073609348155,396356.2932340993,4642.975024058899,24.334124752136123
CHL,2011,11.045832166778263,0.886023328176536,59.65929530941224,5.0,4.0,4.0,6.0,6.0,1185705.5196337749,46.994545864553906,464090.86271282914,4820.659291035072,24.839294228157403
CHL,2012,11.093448352134612,1.0731542998598842,56.33833279819219,6.0,1.0,1.0,5.0,7.0,308295.58160698356,48.34128617681416,450463.6987044524,4438.658008791407,29.73957340592241
CHL,2013,11.758005139273351,1.0320695206386987,56.20508245345756,9.0,1.0,4.0,0.0,10.0,875916.3311571495,44.54853914662989,439360.1285263042,4470.6988395647495,27.66575795609831
CHL,2014,11.417522793528173,1.0759952369670593,53.197578499570305,4.0,1.0,6.0,4.0,11.0,279807.6641552125,44.32843672848625,474527.41167479317,4646.110809132747,29.659622226676845
CHL,2015,10.263359756243805,1.1153464320999538,57.7654467506249,9.0,2.0,3.0,0.0,11.0,749957.4368496898,45.346595195404944,440992.764290804,4505.642047778721,27.08248286905169
CHL,2016,11.809778046242192,1.0743223323488196,56.25165061669934,5.0,4.0,3.0,1.0,6.0,288163.0668847455,49.941433507579305,479491.22146019107,4654.392060576075,26.81467776041129
CHL,2017,10.701921544638752,1.0909556820363435,57.38675454997955,3.0,2.0,7.0,1.0,8.0,1325021.5169880907,46.632680361512925,498937.5978796736,4358.655465227139,28.116601165172526
CHL,2018,11.119988495790407,1.091171305157439,54.69224041539767,9.0,4.0,3.0,3.0,5.0,230426.44653980705,44.93611016706481,475242.8869552652,4931.667318462773,29.494177933744243
CHL,2019,11.544099143192922,1.1941795952175942,57.79299398962306,5.0,3.0,4.0,4.0,6.0,438738.23640066286,45.316386169955045,463396.70689320914,5145.688358599854,30.48861903906951
CHL,2020,12.602111265083764,1.157619399726093,56.56912249560546,4.0,4.0,2.0,2.0,8.0,442580.4141236088,45.832220581190434,462059.31007159257,4618.893376805664,28.932790759468695
CHL,2021,13.292469737880593,1.148675075113251,55.93060936037023,6.0,1.0,5.0,3.0,11.0,635811.128072161,46.45621088121484,488037.4791106551,4410.53291128726,29.708112833303197
CHL,2022,11.898459946840514,1.0356587058377946,59.87697969967991,3.0,6.0,6.0,3.0,13.0,225269.9104460151,45.08990441242949,469677.19177131075,5032.328633428815,28.702249524192993
CHL,2023,11.48559326760046,1.11279971770673,54.37717101504319,8.0,4.0,2.0,2.0,6.0,640595.445675209,49.76192776831817,541293.8996288272,4734.469249204168,31.042159357598564
CHL,2024,11.935942903844136,1.2202207893096133,59.797167425862845,4.0,3.0,5.0,1.0,9.0,95777.6759022652,48.12070009012091,448577.41221299046,4691.269370480297,31.15516733663225
CHL,2025,12.173311216236858,1.156116156647744,60.245603796314676,4.0,4.0,3.0,1.0,5.0,1428431.465705977,49.88346535485714,482135.6316221299,4833.564733953186,28.079910328899462
CHN,1960,1.003991721633326,-0.3661889769875095,9.237528627948937,0.0,0.0,0.0,0.0,0.0,88212.23401997656,11.019839227778563,-6654.817729499933,583.7469555470204,3.2244991367703664
CHN,1961,1.6767973916897179,-0.30233429057308914,12.070291058723509,0.0,0.0,0.0,0.0,0.0,28990.80934170392,5.47251619575157,45462.801363638275,711.1187885636529,1.02662454835587
CHN,1962,1.3671687372393804,-0.2762428076413037,13.830583715397674,1.0,0.0,0.0,0.0,2.0,83566.89933390847,11.30646469066187,7526.528856426576,332.1212606708157,1.3832769560313576
CHN,1963,0.8532497357575131,-0.28875741541153777,14.90531779909809,0.0,0.0,0.0,0.0,1.0,71682.968551483,8.947763664351905,2443.345939681032,390.42985850646403,3.679426265839607
CHN,1964,1.5028943071158263,-0.2955740043087246,14.05911291016836,0.0,0.0,0.0,0.0,0.0,89616.83112106724,8.56801731623712,47976.68661107991,1016.1617668423188,6.456203561882799
CHN,1965,2.256740095962233,-0.37425041305394996,12.12867533882831,0.0,0.0,1.0,0.0,1.0,201516.91761048711,9.635339416016983,11263.169958485068,834.508696534547,6.752591373281074
CHN,1966,1.4358860371918851,-0.15084948174738727,15.081175919259037,0.0,0.0,1.0,0.0,0.0,208607.38671241511,12.170520184463692,22089.408441433632,508.6428812864083,3.9019611366681537
CHN,1967,2.4475841537638994,-0.1096275308851993,14.866862287869935,0.0,0.0,0.0,0.0,2.0,51589.95015223387,3.195495855339492,85905.78022646581,433.7236797755737,3.219371580529441
CHN,1968,0.14077719002477584,-0.3750119129383187,17.327664875824297,0.0,0.0,1.0,0.0,0.0,79736.13040744046,10.296835606801073,90410.14958275482,651.6827338405355,6.091011301265776
CHN,1969,2.2272073837653026,-0.3073673733579297,17.39718281710944,0.0,0.0,1.0,0.0,0.0,196782.01243710378,10.244618732957992,85161.40669860099,753.2616710928376,2.249733037216479
CHN,1970,1.9208856674913002,-0.23166015215477243,16.03633713590745,0.0,0.0,1.0,0.0,1.0,19772.812103184424,10.782502428284474,79428.44554924536,1020.4915125448927,4.773235967437924
CHN,1971,1.8243182286566015,-0.2689894646120188,14.26229120274675,0.0,0.0,0.0,1.0,3.0,271300.3426954921,12.97101523099404,94776.25848354225,370.5459659664958,4.595592994760446
CHN,1972,2.184049692863523,-0.13256105188275036,15.460177855444185,0.0,0.0,0.0,0.0,0.0,47304.24073866128,10.009907769124013,120750.66013304418,740.0129806947242,5.850984445146372
CHN,1973,1.1334984225651357,-0.21111735205887355,16.34878985508165,2.0,0.0,0.0,0.0,2.0,470713.3633924534,9.361432239842504,105376.75259496133,1448.9763192091991,8.250473340238209
CHN,1974,2.3054772354532993,0.041975069210249044,17.610914908513138,0.0,0.0,1.0,0.0,1.0,130936.18278002353,9.444609854394091,91092.22176521609,1093.3275810189846,3.0798669598950865
CHN,1975,2.803233252392352,-0.012875274362342135,19.7914022592922,0.0,0.0,1.0,2.0,1.0,65492.45207502729,11.167610542031344,113810.41373093193,1172.0503366246232,7.542413052779366
CHN,1976,3.624674357302682,-0.06648829924315358,21.678741547391056,1.0,0.0,1.0,0.0,1.0,297561.4699594738,15.448463904269357,88109.94980310116,1097.0947670273547,8.019381458720199
CHN,1977,2.664892319503229,0.024822928197484814,20.580454115333623,2.0,1.0,0.0,1.0,1.0,224082.7485999722,15.773333721800789,111519.043947988,1491.9149143549178,7.911236865355194
CHN,1978,2.6970811680977143,0.058832380350156546,21.6140727948003,1.0,1.0,0.0,0.0,1.0,53769.34935413674,17.403877928906336,121266.45206765732,964.0545581326304,8.889235595936425
CHN,1979,3.0834984855950385,-0.045531967996847736,22.84526048274413,1.0,0.0,1.0,1.0,1.0,513453.03394351585,15.20374458131315,122175.03267972947,1373.9090492424332,9.712685532945825
CHN,1980,4.119182563433636,-0.03499110537136503,22.157307785668902,1.0,2.0,0.0,2.0,3.0,181150.52674204105,16.16779362232804,127346.4201571361,1074.947137432247,9.752024189519565
CHN,1981,4.0131126078667725,0.0687322408375654,22.139044224642408,1.0,0.0,0.0,1.0,3.0,50787.75795776398,21.728147874236058,177368.34851420647,1653.8816661078388,7.244405614303505
CHN,1982,3.7606813498664096,0.16497172015565564,21.1126812003426,1.0,1.0,0.0,0.0,2.0,501016.1989239725,21.245658943829742,131925.9451255731,1652.296793908451,9.435834860861746
CHN,1983,4.610969394106269,0.14202439642320763,24.85273799639951,2.0,0.0,2.0,0.0,2.0,46187.663144667196,21.62397352748323,170261.2530846618,1476.496856994589,13.527374335274917
CHN,1984,4.630772069278476,0.04079019146344748,28.900048321879694,2.0,2.0,3.0,0.0,3.0,1136263.682977759,16.839768460618696,145648.74600731215,2202.892771444183,10.287780690417312
CHN,1985,5.398688560735084,0.13983911456096526,27.11975484480835,1.0,2.0,1.0,1.0,1.0,196781.24116105525,26.394149874357957,139300.2904193628,2236.609981951514,12.683998555336663
CHN,1986,4.711411379727324,0.2361819147325266,29.47109940081255,1.0,1.0,2.0,0.0,6.0,449455.8930829769,22.85218182843129,231074.7120871023,2428.1641408828,12.226886807641282
CHN,1987,5.205505322372205,0.2748387247552792,32.443952377947845,2.0,2.0,1.0,1.0,0.0,212000.93999578254,24.539118024997066,245435.6296682156,1946.0539239171278,14.74833846412865
CHN,1988,5.451446842855514,0.47806897844322016,33.810023875432776,1.0,2.0,0.0,0.0,4.0,74777.93914531019,26.264496460258414,213521.93109551194,2179.917722057344,14.320950619487691
CHN,1989,5.121218248816222,0.2491542646417762,31.0522084956379,3.0,0.0,3.0,1.0,1.0,521588.659347155,26.746129573071354,239298.6638213263,2815.0865387325143,16.217215732336236
CHN,1990,6.420269159312131,0.44044713934687,37.492648391134104,3.0,2.0,0.0,2.0,6.0,128094.41810589,27.113055319703253,243282.125353836,2840.469562871874,16.536251503982257
CHN,1991,6.687367437511246,0.5590957486325672,39.067334597335716,1.0,2.0,0.0,1.0,4.0,438734.65286423493,28.950389630324917,255772.91251780602,3097.2349340947326,16.153729763509972
CHN,1992,6.826031206662912,0.6614503753337885,34.6670752225775,5.0,1.0,3.0,1.0,1.0,116048.78998497935,31.174618210415872,263190.80791022006,2827.832383217816,14.274619724262191
CHN,1993,6.971201341643369,0.4867562330439375,36.66253366648006,3.0,0.0,3.0,1.0,4.0,109668.72774292681,32.75971218294506,299125.7309655594,2974.1839090439175,16.87143182190698
CHN,1994,6.57106991461421,0.5972146123975393,42.91210971348808,2.0,0.0,1.0,0.0,8.0,247644.11654386035,34.685447152404464,290235.18978205364,3258.621638132773,17.074447436876454
CHN,1995,7.416411248231246,0.6415157584988591,40.75583275695448,5.0,0.0,1.0,0.0,1.0,698825.0254858214,30.54117819423739,321961.7766059687,2908.0444721262847,17.729499216502543
CHN,1996,7.727986674593755,0.6486886284855359,36.73337044266014,4.0,0.0,3.0,2.0,1.0,399406.4418180175,32.82621877735198,364791.84196648136,3380.5994814083997,20.78331243004276
CHN,1997,7.72284995013148,0.6611928193699214,39.91018484657659,1.0,1.0,2.0,4.0,16.0,28580.36348572039,36.987597469748074,344145.1396919946,4036.21921613612,23.543714911700842
CHN,1998,8.34196724875959,0.7388372009641836,43.875299993449424,5.0,3.0,3.0,3.0,6.0,575831.4410588138,32.515886874171855,348411.0140960457,3458.7880633508576,17.86803742766505
CHN,1999,8.908248522855905,0.5349395173824313,42.63986850553869,3.0,2.0,3.0,2.0,2.0,383627.8004284046,37.35630620293442,341505.29272548866,3264.6554531265933,19.797825925298774
CHN,2000,9.991730547441112,0.8242592850130183,45.51936950490914,2.0,2.0,2.0,2.0,8.0,439655.083674973,36.12923601809112,365439.25348981575,3832.5834188547283,22.79456862263357
CHN,2001,9.22837345672216,0.8105104012451457,47.59399581396483,2.0,2.0,2.0,3.0,8.0,199608.61626257637,40.00185112996577,333702.00760189764,3614.4499101711217,22.65250362449162
CHN,2002,9.486126484904291,0.8118416618561669,52.0818756850377,10.0,5.0,2.0,3.0,5.0,377717.11072168424,37.6821889557474,422908.7104745532,3886.9253305541474,24.153339063337544
CHN,2003,9.494295903423879,1.0210849485256586,48.56561436155845,4.0,3.0,5.0,2.0,6.0,219730.40616722524,39.553523212157806,369228.1692535051,4249.003065278174,23.937880670168095
CHN,2004,8.621821269626741,0.8294995001904866,52.79054892686098,6.0,0.0,1.0,3.0,3.0,40809.3833849806,40.444820167438635,353420.5962107684,4201.420210750019,26.305711322255277
CHN,2005,9.886860997843602,0.8758730827846275,54.45062421477411,7.0,3.0,2.0,1.0,0.0,907072.3793121622,42.345129949761855,406361.1523301588,4027.797815491177,25.69055553503224
CHN,2006,10.102843799756222,1.090553680390658,55.18669343007641,4.0,2.0,3.0,2.0,3.0,560976.9297870134,44.59705177437164,425014.9779736573,4407.532083476685,26.52425537950922
CHN,2007,11.64001366621839,0.8862906714783559,52.988623229287185,3.0,4.0,4.0,5.0,11.0,557771.9096245097,45.37094909802566,455968.2489648217,3882.049662319317,27.100095912529
CHN,2008,10.258105198895246,0.9290290735242966,47.99922388537818,4.0,1.0,1.0,2.0,7.0,109789.26100604709,44.07782259438819,435323.8336529743,4379.620159032835,24.35850867500522
CHN,2009,10.677142266667351,0.9800644071447354,54.64663844535977,5.0,2.0,3.0,3.0,9.0,563787.3427586587,41.64839516982634,458166.81043428415,4298.250768739498,27.17901263272983
CHN,2010,10.609207129165132,1.0765340833349757,56.660853618427964,6.0,2.0,4.0,2.0,1.0,138602.8462497635,50.43999806334674,463717.0586360954,3885.217963531468,27.562320205237434
CHN,2011,10.07339668461922,1.0420692866752843,54.34249117663081,2.0,2.0,3.0,2.0,4.0,619436.9163280621,44.89898203967558,466318.57159821695,4202.727514506093,26.46692415932157
CHN,2012,11.509992493469756,0.9369891896363229,59.373935219203865,2.0,1.0,3.0,3.0,8.0,219110.87453869588,46.12707821869697,421940.20930791367,4527.738343236734,26.719692602997743
CHN,2013,11.38444744212405,1.0116297773260552,57.593435852925836,9.0,5.0,4.0,3.0,7.0,93840.39457960971,46.444559900742156,467277.56928850285,4747.198448998908,27.000463764172572
CHN,2014,11.498357359869644,1.0183353309527472,57.262048618185844,2.0,4.0,2.0,2.0,7.0,1313838.5637532414,47.053321319809285,423940.11565709097,4614.204606416552,26.439948268125196
CHN,2015,10.604733143248724,1.072449228348167,58.92304277695242,4.0,1.0,6.0,3.0,5.0,62179.27768477387,44.68049621492692,511906.89976356504,4573.8904721319095,25.94337873222216
CHN,2016,12.01151489483977,1.1234460201410317,57.376503610984855,3.0,4.0,2.0,5.0,5.0,817718.2811258209,47.87555989842717,482906.27786823525,4865.348659265692,31.06799126466492
CHN,2017,10.469742044238977,1.1326990907798435,50.6193059486618,3.0,4.0,5.0,2.0,5.0,61986.210813011436,51.26457779418934,452987.66311118245,4768.472456653791,29.748940339951837
CHN,2018,11.678214806098167,0.9662003782379379,55.88594382638065,6.0,4.0,5.0,5.0,6.0,675261.4131752506,42.89972832860059,480772.8064648807,4964.935907462464,28.431269226693964
CHN,2019,12.659746009438935,1.2016695780794002,60.385241914198744,4.0,2.0,7.0,4.0,10.0,69303.04381810456,47.725794131940106,448761.81419210375,4889.869326933172,26.485310238462212
CHN,2020,10.885044071507838,1.1443241105956232,55.60972799087593,8.0,3.0,5.0,1.0,10.0,426572.2328572747,45.342311911498946,437545.0703816647,4609.7724131260975,29.43618460695106
CHN,2021,11.178645373655916,1.2417909559017746,57.28595598985335,11.0,3.0,5.0,7.0,7.0,126511.65218886588,50.28514180234038,500365.16233580204,4955.0592911851245,28.28318725317323
CHN,2022,11.606893722762603,1.172870709708431,55.42962307540411,2.0,1.0,6.0,1.0,10.0,1238773.0330753706,50.80509526836866,455983.9993939976,5041.743560337667,28.684093021911952
CHN,2023,11.30143282224787,1.2311919337826431,62.68124702437262,4.0,1.0,2.0,3.0,9.0,319531.1000993882,48.11207926531552,477733.66550687887,5161.856527846536,32.15100340037627
CHN,2024,10.736970683104794,1.1856508813984896,62.588957908622504,6.0,1.0,2.0,3.0,8.0,9794.341396574748,48.683706419775426,489013.0571691035,4724.33384607455,31.75283750221495
CHN,2025,11.702333056872869,1.26079849129405,56.32471622458036,10.0,3.0,4.0,3.0,3.0,630675.5576008197,46.69880419069249,480821.8146800264,4776.897875415016,25.868184227449223
COL,1960,0.8610136568466328,-0.2713560853487621,10.17218447000024,0.0,0.0,0.0,0.0,0.0,23353.13936485756,1.9649648461262483,31466.166632599845,236.00263398658615,3.8642305017927483
COL,1961,2.132012505051389,-0.1752333550483209,10.556857001089718,1.0,0.0,0.0,0.0,0.0,288922.17487758637,9.75986581832609,30854.884988297563,658.392621459364,2.066492759719352
COL,1962,1.2915187093720468,-0.22519283302510468,12.308644591777432,0.0,0.0,1.0,0.0,0.0,194929.3431426987,7.394831907974697,15613.966618279004,272.24085962218345,4.747854354830221
COL,1963,1.5103958708830114,-0.29178996329282625,13.853758329005375,0.0,0.0,0.0,0.0,0.0,71955.53373471987,8.958833303289529,63168.65510899354,317.6472844732938,3.2111500700883537
COL,1964,1.6779982788798036,-0.3302576610663033,13.074783537631777,1.0,0.0,1.0,0.0,0.0,71397.70163599211,11.53421172247043,52138.05162237311,343.4668466159157,2.819686004242821
COL,1965,1.614781371347613,-0.4829108796504823,14.876815151541877,0.0,0.0,0.0,0.0,0.0,634260.25166167,9.241278502684564,57310.91531037516,695.0729996618184,1.2680152911303613
COL,1966,1.9388767974501344,-0.28039447940755247,18.566083956039616,0.0,0.0,1.0,0.0,1.0,42294.12619329598,13.493878183119751,25838.42842783068,264.69461935384817,5.84503618561771
COL,1967,1.1929934694063649,-0.2802842620415781,13.286856127868523,0.0,0.0,0.0,0.0,0.0,259926.7568307411,4.871153663387154,36422.05853044618,1219.021940797586,4.821376415050798
COL,1968,1.3261071163574114,-0.20916992185687372,10.699574529225707,0.0,0.0,1.0,1.0,0.0,42619.8489925445,8.774254529990248,62957.31958322065,680.5782390437282,5.14451808300257
COL,1969,1.1220247597908242,-0.2377575042449943,17.519650017357282,0.0,0.0,0.0,0.0,0.0,512880.5717346944,5.851555803443947,27981.703876747615,315.4473567264622,6.219244162823393
COL,1970,2.123546810860982,-0.2349061295195555,20.1684325409247,2.0,0.0,0.0,1.0,1.0,304775.8440505706,11.071529999994436,77088.1298323646,610.9804726802907,4.271116875806557
COL,1971,2.444135944693941,-0.33417835545978114,17.487344625777702,1.0,0.0,0.0,0.0,0.0,627439.5452241254,11.027011051815945,63405.41385328791,1052.2242744468338,4.3575495268529885
COL,1972,2.3945066443929437,-0.24823572249122494,14.373181556640217,1.0,0.0,0.0,0.0,0.0,507085.2760228515,8.925889587683972,98345.34194263679,1283.560996441143,6.7408622018166
COL,1973,3.2391836976354833,-0.11472349260229989,17.413532346088733,1.0,1.0,2.0,0.0,0.0,197355.19415889675,16.84133209617427,67409.05914669999,1064.3360291240815,7.9463897491476185
COL,1974,2.428570860133167,0.006043194276336372,15.602772032774697,0.0,1.0,0.0,0.0,0.0,42111.938214052825,11.750452679056513,130086.55170683691,1109.6387065924876,7.448444134592806
COL,1975,2.9824199757387926,-0.11592119260947972,20.728414925225188,0.0,0.0,0.0,0.0,0.0,65712.74954301487,8.245232118638347,102272.38755592651,797.8086579741021,9.351796261338002
COL,1976,2.1471572777962042,-0.0572693358078009,16.512579565324824,0.0,0.0,0.0,0.0,1.0,60862.989415705604,15.432141443409762,112695.01775668627,1579.6172350619818,8.329001517728651
COL,1977,2.7403153660877955,0.018862279688130673,19.957928880801568,1.0,0.0,3.0,0.0,1.0,69175.61455228337,16.20269937619834,90588.68929493017,1437.2189888094704,8.710415545857042
COL,1978,3.5618992003616192,-0.09451116849444817,19.062916259314356,2.0,1.0,0.0,2.0,0.0,184410.46420339603,14.337525182895403,122826.97375663958,1463.3877305245642,9.63242049199809
COL,1979,3.860242499333455,0.028928954510647118,22.804056433081524,1.0,0.0,0.0,0.0,2.0,591841.57260445,18.012113747351236,111916.84066344333,1477.7522359614925,8.668010665307659
COL,1980,3.423795350848039,-0.02893293431458053,22.53121687565536,0.0,2.0,1.0,1.0,0.0,7015.7810584593,14.964313371452405,96770.03596974269,1688.8165907333942,7.790881063217092
COL,1981,3.7829111499940655,0.13166675087927454,24.894430126875456,1.0,0.0,1.0,1.0,1.0,83775.10841634532,17.06869548856031,140354.62893325134,1470.5248645475403,10.120028160971025
COL,1982,3.1925160626909914,0.10815307403195872,25.55715233103529,0.0,1.0,0.0,1.0,3.0,286123.93609358877,19.836985125734095,184715.02605412964,1977.8649295105843,11.680102924521163
COL,1983,4.11054882960229,0.1547757096494494,24.123963822281418,1.0,0.0,2.0,0.0,1.0,646573.6495176628,22.01130652181827,164974.5002375907,2048.3140899846608,10.087476855518972
COL,1984,5.0869227974272295,0.10434202224524014,29.284377347532782,3.0,0.0,0.0,0.0,1.0,116517.04648720712,20.440990196825652,170478.59050477404,1942.3513593114142,9.953133015199587
COL,1985,5.172460575439948,0.26062765884589545,28.75511931029948,1.0,1.0,2.0,2.0,3.0,162715.56545340663,20.903903362773164,181722.73191648023,2010.4997499801696,11.554750945261304
COL,1986,5.402974698500998,0.4088767775185581,27.594294474712648,2.0,2.0,1.0,1.0,2.0,161283.17129088813,22.966318375083578,257182.3521535889,1678.9354304254962,15.106235926544276
COL,1987,5.422530926794974,0.20025903746708912,36.880190549931534,1.0,2.0,2.0,1.0,2.0,122566.44621604022,19.54571026541501,228533.31740641725,1893.051482864479,14.60952000520139
COL,1988,5.680970347117706,0.29308488368823354,33.69937555116892,0.0,1.0,0.0,1.0,5.0,431948.4163549653,24.62845878465035,185962.18709441833,2544.0353262019466,14.428273077110392
COL,1989,5.583054688794959,0.3785618979671434,33.36788924255473,3.0,1.0,1.0,0.0,5.0,391966.374634392,21.91966250100075,224483.902289105,2745.209651297167,13.945809305760402
COL,1990,6.651826341616458,0.46291249695966535,38.538011316754556,1.0,2.0,2.0,3.0,2.0,694973.4996346945,25.60636043728157,240499.60981707278,2901.4618081897775,16.385420927275973
COL,1991,6.779320099031709,0.3952029971431465,40.85349839741352,4.0,0.0,0.0,3.0,6.0,954679.9779649985,25.42367385938315,244970.49821716643,2450.8160597996393,16.95864151442106
COL,1992,7.106001806689356,0.25309197248854554,37.12832630983919,2.0,0.0,1.0,2.0,3.0,899868.2273646081,30.931107550625228,276972.863062452,3423.180881886879,18.03410990017655
COL,1993,6.80361890880022,0.6278431864317764,39.59061955666985,2.0,1.0,2.0,2.0,3.0,308809.203035447,29.205326299840877,273328.15571804973,3234.948228682549,21.590215312597234
COL,1994,6.146735912367232,0.6187407457466546,37.46437596061525,5.0,2.0,2.0,0.0,1.0,83196.44227036211,34.726225190254574,286951.9406258972,2979.0707993313163,19.454672927185896
COL,1995,8.289145118079702,0.45649912748403415,40.75498468317271,1.0,2.0,1.0,1.0,2.0,103635.28988791068,28.854397504860565,315437.49842418736,3263.9398528217434,18.457157456442605
COL,1996,7.649715984391815,0.5844445866189082,41.78515892689009,3.0,2.0,1.0,0.0,2.0,374731.2792688809,33.50665699400084,284741.47822340485,2935.700444573292,18.139266526469196
COL,1997,7.688063315609117,0.7945550298312519,43.87145619246244,3.0,0.0,2.0,1.0,4.0,1071273.863564409,35.25868332041755,280756.4731363917,3295.51038209081,19.925911487893266
COL,1998,8.83345690731809,0.8197828832808093,45.33062525297315,3.0,1.0,1.0,1.0,3.0,328834.31492924044,37.15151474087752,376305.67243110144,3669.371799308651,20.679613896247396
COL,1999,8.450512012234045,0.8126104060143218,46.947046253320345,2.0,0.0,2.0,2.0,4.0,1214503.0572314635,41.83830799858351,376652.6578984101,3656.194762744317,23.066876121113246
COL,2000,9.516637075071865,0.7556047310912187,47.14703557225015,5.0,1.0,2.0,2.0,7.0,136867.6302514726,33.47250439603345,375002.09332849545,4145.614049170534,21.604224391145863
COL,2001,9.482769635350454,0.8070551624571891,44.48614871318298,7.0,2.0,3.0,1.0,7.0,41314.16521172729,37.05716398908531,382981.26814049995,3478.552588335841,21.618662889301692
COL,2002,9.731087371078976,0.819165589188338,46.080071410598165,4.0,2.0,1.0,3.0,5.0,739842.834247413,44.07683499327013,379772.01539301267,3884.540320619205,24.271952372031105
COL,2003,8.751677771049117,0.9475951555296009,47.925730103468744,2.0,1.0,2.0,2.0,5.0,999403.5873782405,38.290147514952906,468380.0137334352,3726.319708777549,23.136906354520978
COL,2004,10.42198251002087,0.813426829174122,49.40359294812101,6.0,2.0,2.0,0.0,2.0,285290.1348007889,42.092225207552104,406103.97439296596,4431.0020532339395,25.268330837170712
COL,2005,10.05232553168637,0.8436551895190936,53.50565953586247,5.0,4.0,7.0,2.0,5.0,52689.00367870803,39.67637975912775,474041.66999562184,4204.958877631755,23.707659854258413
COL,2006,9.855877073973565,1.0120513831611606,48.69357178956394,3.0,1.0,1.0,2.0,6.0,21408.355456720536,39.30437224033611,467644.2168505033,4212.470627472442,24.63580600203509
COL,2007,10.306097820261144,0.9493066594254196,51.383199125396516,4.0,3.0,2.0,3.0,7.0,32461.650589893106,41.2141051530011,434440.01369780424,4242.7258464596325,24.86023333322901
COL,2008,9.347377494727859,1.0833156845955245,55.28997050051074,4.0,4.0,9.0,3.0,7.0,294901.5952472231,48.06635576774802,423977.0961795022,4127.185307935376,26.604021166272716
COL,2009,10.73872791142691,0.9381054644607597,52.74488259560858,3.0,2.0,2.0,3.0,7.0,138502.47481062307,41.52037186549231,435475.3568266188,4670.125205588025,26.155467479884685
COL,2010,10.037277779540954,1.0048930559375058,55.190893023501175,4.0,3.0,2.0,4.0,5.0,325370.8741109787,43.96488328445145,430517.10555795324,4479.838579235198,24.9519561786516
COL,2011,9.96760114189042,0.9516520472995029,54.196303832899595,9.0,2.0,2.0,5.0,7.0,356981.16843475087,44.51771636616587,457062.6841897117,4544.76164163976,25.117808857290747
COL,2012,9.977512843048332,1.0409882319223893,55.65443368732755,5.0,3.0,5.0,2.0,3.0,330836.7272457145,47.57299740042576,467035.68655261403,4668.018255348456,26.76466085505127
COL,2013,11.591881763948361,0.9359195074163263,54.872670589733346,5.0,6.0,3.0,4.0,6.0,529640.4705994689,48.439461681264255,423986.1266309945,4369.203311598202,25.46694125079003
COL,2014,10.681687538946539,1.027913011933327,57.50902885712477,3.0,4.0,5.0,0.0,11.0,631352.9293772683,46.49967410336316,523727.75903784874,5077.980824987265,27.091267637471937
COL,2015,12.009524362957688,0.9637266027717611,52.34444998042174,5.0,2.0,0.0,1.0,7.0,283551.00795661233,39.40948981297109,442661.2541678399,5012.301989968912,28.234908921144374
COL,2016,10.896822324796442,1.144892386105946,55.6347989618613,5.0,3.0,4.0,3.0,9.0,234286.02912083792,44.887999498663106,398476.2420933894,4666.599134490655,26.408663404749706
COL,2017,10.294075579728595,1.156569777489578,57.59276388888595,5.0,2.0,4.0,2.0,8.0,265361.84495589515,44.47065550322182,466535.44078939495,4633.269783942412,29.424532456726446
COL,2018,10.698770424192531,0.9698603001230625,58.468029325072045,1.0,2.0,5.0,2.0,6.0,42568.05472012825,50.02744641688299,442741.64046577504,4880.892169561171,30.331951688321453
COL,2019,12.110825706102187,1.2232651587145775,61.12470340296368,5.0,1.0,4.0,3.0,8.0,229927.6397708515,45.58071608156892,472642.34113359026,5018.122576076542,30.056576159730724
COL,2020,11.3649610061444,1.3239118130294818,56.65114467395773,12.0,3.0,4.0,1.0,8.0,133820.6189975527,51.653693754344694,478104.07143709617,5188.413095320583,29.608414415238293
COL,2021,11.189001372695413,1.1347089030331694,61.54334165759788,7.0,2.0,3.0,1.0,7.0,208782.16797866483,48.97859870093115,489599.25274828414,4948.927237858384,29.383564385114518
COL,2022,11.641604667702563,1.0860457027072057,56.39415429351261,4.0,1.0,1.0,3.0,10.0,770689.0316452362,50.79083757899796,505552.38522253477,4848.014456311456,29.239191936163486
COL,2023,11.879456396661022,1.369032544444026,61.543056565229804,2.0,1.0,5.0,1.0,8.0,2781800.6017857147,53.47478149869749,457113.4820089878,4865.042146872064,29.521913002881227
COL,2024,12.271106475111734,1.0428097766182785,60.4288945818234,9.0,2.0,4.0,2.0,10.0,1619829.0090115543,46.42309331743329,474819.33166031213,4406.249819658192,28.24875774010968
COL,2025,12.495796403547835,1.154708948147358,56.250742013351626,4.0,1.0,1.0,4.0,7.0,1098966.4661309503,45.03607423734889,502302.9379406415,4761.112853110332,29.144135572286725
DEU,1960,1.078867554648468,-0.33877064060015677,11.665979216543562,0.0,0.0,0.0,1.0,1.0,28914.341123262162,6.182090378195721,21532.226100133696,509.5339494861987,3.49082825584065
DEU,1961,0.44255805414919547,-0.34508814980892133,15.684435416382062,0.0,0.0,0.0,0.0,1.0,185464.8998332788,6.596573337793506,42283.768544056766,829.9737301485361,4.509800278496092
DEU,1962,1.3649557550372535,-0.21383004556563842,10.493826725521743,0.0,0.0,0.0,0.0,1.0,392861.6133954018,4.913326589700426,35849.35802756227,552.5218302474578,3.1487526345556414
DEU,1963,1.5466446973171943,-0.3494277059849099,10.881410616044672,0.0,0.0,0.0,0.0,1.0,38239.92393115584,7.085836525620498,28875.4113025747,594.5054497874557,1.444734736816204
DEU,1964,1.9178462987742726,-0.2857607107306465,7.580781385606438,0.0,0.0,0.0,0.0,0.0,201177.7040731029,10.55341436600933,28014.355318429378,983.88877117366,4.769719915913412
DEU,1965,1.97830525016437,-0.27453107981552355,17.975079505808502,0.0,0.0,0.0,0.0,1.0,165528.50634037252,7.741862534818754,42546.85056621592,908.064379946717,5.625486505970658
DEU,1966,0.6643261231047799,-0.3070664210346468,11.998685202005923,1.0,0.0,0.0,0.0,0.0,77784.55975856635,11.663726181740328,32120.125047688325,540.3169926564462,1.9491891611982806
DEU,1967,1.0086646537196502,-0.36400050620695823,14.239816601375157,0.0,0.0,1.0,0.0,0.0,194783.00080629557,11.873671405134669,48232.764553359804,979.8202925218318,4.500281674144176
DEU,1968,1.9432759035213585,-0.21456125711909033,12.711713601163547,0.0,0.0,0.0,0.0,1.0,49477.47184566967,8.167916689002952,49539.59263170487,728.8924531245652,3.4885929949532075
DEU,1969,2.050040365524069,-0.23032540383544997,17.192754180606,0.0,0.0,0.0,0.0,0.0,390520.2581860048,11.190452949993357,19246.55554146925,565.8638877724903,6.632423831837039
DEU,1970,2.1669860228803293,-0.16925608720968635,15.021061949312527,0.0,1.0,1.0,0.0,0.0,5054.060215225447,7.409787723906144,47276.55998038257,1166.7330766183188,6.993124038592978
DEU,1971,4.21156806230094,-0.2345144655343368,13.243381492067519,0.0,1.0,0.0,0.0,1.0,194640.39853548806,8.483597826278725,59477.06581650468,744.7758831335618,4.5094824993386755
DEU,1972,2.45954929000418,-0.07537259225417575,18.19670965548954,1.0,0.0,0.0,1.0,1.0,92128.85703895983,11.634721254693032,118183.56863922965,846.8593535465607,4.129966991104979
DEU,1973,2.9293007915644935,-0.2229974783632921,14.138938192151166,1.0,0.0,0.0,0.0,0.0,527587.7432042708,13.095184973487148,74085.61891327942,936.3747160495803,6.6676026796097565
DEU,1974,2.98033958496846,0.005733806507152245,16.30556643001505,2.0,0.0,1.0,1.0,0.0,176429.5323949622,16.189251855966035,91640.1776973796,1568.2055373675541,5.150690645046108
DEU,1975,2.9724434932739316,-0.2479300826960908,13.854053403752616,0.0,0.0,0.0,1.0,2.0,425763.48565299774,12.842637788275967,145705.83637850403,933.6885779147003,8.308779006134962
DEU,1976,2.5936054659081114,-0.04871261652917948,16.330910291576892,1.0,2.0,0.0,0.0,3.0,695158.4280786518,14.296730950345983,60308.44892905267,1088.1164107602333,7.355205753880136
DEU,1977,3.399304996794205,-0.019301518265963893,21.154573772173265,1.0,1.0,1.0,0.0,1.0,112939.89102058102,14.857499377297463,69585.01187490097,1226.13565623097,10.244322619257394
DEU,1978,2.717590491402193,-0.09328421903369878,16.66242072979181,0.0,1.0,0.0,0.0,1.0,605088.1758608698,19.45187242385552,97086.90986379771,1511.8282057681688,10.791231157855718
DEU,1979,3.235838086780642,0.03353534607669275,18.78413040868983,0.0,1.0,2.0,1.0,0.0,378976.3604543475,19.25849026065682,117310.12487851651,1457.4459910898006,11.165583696182306
DEU,1980,3.3137423057532094,0.1326677677728049,23.441148778167733,2.0,2.0,0.0,0.0,1.0,34345.403391015694,17.967884330279485,129410.54164012206,1407.2060103040685,10.094472355296741
DEU,1981,3.8711583499595896,-0.1148647113483316,23.093507628517166,1.0,0.0,0.0,0.0,0.0,33740.59958597543,19.793490805317994,132489.90097338828,1805.1286221762393,8.76935324545423
DEU,1982,5.396222142869725,0.13626041479508527,30.48136753351765,1.0,1.0,1.0,0.0,2.0,535549.8616606552,19.737973030620648,124922.74212739263,2075.8973503393954,8.604341887548161
DEU,1983,3.2421631343258346,-0.06856210109547203,31.175352756652632,1.0,0.0,0.0,0.0,3.0,203725.22357498194,22.34979177682991,190875.30734946593,1478.0767768110386,12.123200965817789
DEU,1984,4.969552087868697,0.08969672575687061,25.547378531832344,1.0,0.0,3.0,1.0,0.0,225553.17188771346,22.88449202006032,166489.5875177635,1805.2552608250821,12.858736564732713
DEU,1985,3.9144060652446226,0.3343983792691083,30.269877485915973,2.0,1.0,0.0,0.0,3.0,748801.7262929702,21.309691201916173,218941.95517399086,2194.746334701885,12.937973559513816
DEU,1986,4.843731085877877,0.19555718114871248,31.93882338657603,1.0,0.0,5.0,1.0,1.0,807769.4099285788,23.2828038888184,175879.8213127125,1896.452916296828,11.376333023546337
DEU,1987,6.020057649922157,0.1869815759486278,29.784177014356043,4.0,1.0,1.0,0.0,0.0,42151.55519733551,24.51425261073012,262247.4457056474,2263.7202927907656,12.798908704289946
DEU,1988,5.713870041886397,0.30443058598126094,28.7694462931306,2.0,0.0,1.0,0.0,2.0,168423.5812284814,25.599136917118802,184071.81688253966,2714.4024096319413,14.721298219307812
DEU,1989,5.343036096682839,0.5254658070867803,33.720294502782856,0.0,0.0,1.0,1.0,2.0,829064.1870927741,25.23337958374006,237673.82035246099,2678.9216921878574,14.442197982064386
DEU,1990,5.838700367175518,0.2534654202235179,34.567885812964725,3.0,1.0,1.0,0.0,2.0,642746.092286757,28.258031881207188,225590.59806591785,2772.4363609871452,14.91376655818315
DEU,1991,6.928029361645248,0.3558619070351564,35.15954813152045,2.0,2.0,2.0,3.0,2.0,488289.9812108118,27.478700568469584,263851.9220421906,2943.0269475004898,15.346264208210966
DEU,1992,6.403130155856143,0.599528930354335,38.59749203603511,4.0,2.0,1.0,0.0,4.0,41943.98907493674,28.425794195745326,250928.34237454517,2960.5772108567035,17.205910447272135
DEU,1993,7.230552632343715,0.6677242143816731,36.84530182306895,0.0,1.0,5.0,0.0,4.0,385866.1977737087,30.582742661099815,234120.34488712114,2920.6293668216185,17.793955827042026
DEU,1994,7.411111899237891,0.5496257582367005,37.05438913667474,1.0,1.0,2.0,1.0,3.0,353126.95654234063,32.54717952934906,280266.9156921365,3340.5756800535096,17.60595103414847
DEU,1995,7.283612108947983,0.49681071372083596,41.39567398596731,4.0,1.0,2.0,0.0,6.0,75455.41180341225,35.76842761734181,351430.0783856058,3113.738240117325,19.443214993578156
DEU,1996,9.157815372958709,0.8007175701060054,43.24774054271196,2.0,1.0,1.0,0.0,3.0,624370.1732709362,35.65215862200221,298231.92879325105,3296.628935533001,20.42758793880517
DEU,1997,8.548662817766768,0.7966558268090016,40.467776248658176,4.0,2.0,3.0,1.0,5.0,159856.352998363,37.56623726234163,347111.3988291016,3051.346337768392,21.203389834277296
DEU,1998,7.27024954563942,0.7582749288251586,46.818950583858324,2.0,2.0,1.0,1.0,4.0,421615.9299521024,40.0373034829297,345439.37414076726,3430.6054237219255,19.9788940445729
DEU,1999,8.783130511179966,0.6725270162850125,41.12127228681,7.0,2.0,2.0,2.0,4.0,198752.9325655666,35.67565729931891,344419.61789753236,3659.93990515873,21.476604481329108
DEU,2000,8.526646437003233,0.7657713785409648,45.10764528471114,3.0,2.0,1.0,3.0,5.0,39676.70824486477,39.49790323856277,416779.9857654748,3742.1831161591067,22.492099681981973
DEU,2001,9.618140381851681,0.787587362468602,46.86798393926186,4.0,4.0,4.0,2.0,6.0,340384.00898533716,40.451952045716546,367532.40664652205,4043.323038567575,23.182531097227134
DEU,2002,8.882335585639899,0.8561077579676744,46.83567989332106,2.0,3.0,0.0,1.0,8.0,170287.86223919707,40.15941156620373,388721.33420210524,3809.1662338206247,21.649700374535193
DEU,2003,9.471128851145957,0.9734160879186009,47.879097968249944,2.0,4.0,0.0,2.0,10.0,34957.21412827492,42.371380021192834,395268.9437347855,3899.9984389449073,23.525683884419845
DEU,2004,10.015482403837453,0.9538475849847231,54.78688063369937,2.0,2.0,3.0,4.0,9.0,106215.0870010385,41.29525638310249,440586.0514287116,3943.0907014826544,25.290956847826525
DEU,2005,10.399915712874721,0.8219290757510493,48.751513587084936,0.0,1.0,5.0,1.0,8.0,470231.4907565976,43.30014295229539,371579.8192305306,4199.319820992474,24.060668649943647
DEU,2006,9.37804099498306,1.0413491322158424,57.70397356287601,5.0,3.0,2.0,2.0,4.0,52914.13909733579,39.253797271737525,472169.2394142724,4573.867697660744,25.794433590576674
DEU,2007,10.031311240930805,0.977906147067397,53.36955369515089,5.0,1.0,3.0,2.0,3.0,45993.979612997144,43.0538418440105,460832.04518440703,3731.074587881486,25.69542540840618
DEU,2008,10.095619199726842,1.0280035598279331,53.13758459825559,1.0,2.0,4.0,4.0,11.0,1470222.3000899765,45.21049645833915,439138.1011149309,4218.697004196587,25.384304697779164
DEU,2009,10.128088236095639,1.1091497097614915,54.685177165319274,7.0,2.0,3.0,0.0,8.0,58868.1921961269,46.45905440784641,450498.8917990499,4306.009143906496,28.123352970418967
DEU,2010,11.644302584907276,0.9203489048035277,60.36467327202399,8.0,3.0,2.0,4.0,7.0,247642.8326603782,42.69901143690753,434827.4646154871,3938.8166978860304,26.23857174081616
DEU,2011,10.978251040053001,1.0225790397905021,52.06117643039073,8.0,1.0,4.0,0.0,5.0,76248.85427382652,44.906572918605995,449305.3202215151,4458.089154908635,26.65073130221357
DEU,2012,10.127861101380969,0.9978828532997668,52.21143074667477,9.0,3.0,2.0,7.0,14.0,1512703.3617444574,43.11906301075334,460703.2967975639,4448.144242839285,26.52830385255169
DEU,2013,11.479856567885651,0.9287745083469938,53.55668645782739,6.0,3.0,5.0,4.0,7.0,359248.92817110015,45.026835056567634,431859.8698381297,4468.588584797683,29.521224519128737
DEU,2014,12.263753803602157,1.0946604838181178,55.921723042715286,5.0,3.0,2.0,1.0,8.0,65374.66160729785,46.96809564970269,496405.8766443405,4349.799625434638,29.618193659930107
DEU,2015,11.72129845457261,1.2795514360927644,51.8926631869064,7.0,3.0,4.0,2.0,11.0,823805.5851398613,48.91622889936673,467738.592890419,4622.932365472861,29.481452396360737
DEU,2016,10.331270435627955,0.9421723078901851,56.59892708112918,4.0,4.0,2.0,1.0,5.0,865094.4368377316,48.922250860332554,469033.03741927416,4400.934436108967,29.28138749089017
DEU,2017,10.997371813446446,1.0966601814248482,61.08520003068436,5.0,4.0,1.0,3.0,9.0,1336711.6700317087,47.66741330745068,446952.31221092906,4506.14253808514,26.998871248399542
DEU,2018,12.069245887945318,1.159524753367792,57.512309681618504,6.0,2.0,4.0,3.0,3.0,715457.3661535992,45.95589372350903,500580.3106863768,4683.7075304936325,27.76519783812139
DEU,2019,10.993324081867398,1.1264005552070262,56.66060819864092,6.0,1.0,3.0,2.0,7.0,33340.068158519294,47.33957055271894,472829.10553765064,4994.953932893479,27.460756869056084
DEU,2020,11.709798629642066,1.1150683587146342,56.0833052194126,5.0,4.0,5.0,3.0,3.0,479520.1577293339,53.574513724280564,463231.41046529094,4873.52653131998,30.114535411301404
DEU,2021,11.949681148899378,1.0270910830185962,60.090916514324604,2.0,5.0,6.0,1.0,10.0,294378.1116417905,44.913376332876474,451393.19628318894,4941.653618638431,32.06281778145159
DEU,2022,11.016609166679812,1.1559577829603904,55.977131927066665,9.0,5.0,6.0,2.0,10.0,849090.2845040968,45.52011828311863,476426.1597600166,5276.897116954475,29.854325290872623
DEU,2023,11.556704243629149,1.0825449790025081,62.83743033786631,6.0,3.0,1.0,3.0,5.0,556431.9365046045,48.79338464330126,453065.7319324856,4936.329992732978,31.350419897348118
DEU,2024,9.764873435428102,0.9731335200841951,63.21862613436336,7.0,1.0,4.0,7.0,11.0,813779.5766964885,50.13699473349907,492513.0562347068,4602.207612647508,29.736037627141656
DEU,2025,11.073886452592186,1.2486678084389287,59.17626545908665,6.0,4.0,4.0,3.0,7.0,126857.68596573466,50.62393795686228,504693.8698884889,4729.98636047548,29.62274057580881
DNK,1960,0.18018332647419166,-0.3173612600046974,12.602862628750648,1.0,0.0,0.0,0.0,0.0,119544.04961831584,8.029462002304589,-15901.8989539736,390.7661920561932,1.934752634061913
DNK,1961,1.5367981545233254,-0.4020946585749381,15.714834561066674,0.0,0.0,0.0,0.0,1.0,137585.968583449,3.868244536739593,41315.978725374356,233.19832617815422,3.0686967560205605
DNK,1962,1.20663088077433,-0.2317777183945023,13.174781749202559,0.0,0.0,0.0,0.0,1.0,134966.19278079306,7.378493988672219,-11212.299819728352,317.1506676626044,3.503992741781434
DNK,1963,0.3861014824631245,-0.11326876584058018,9.503135018302947,0.0,0.0,0.0,0.0,0.0,13058.275771891807,2.4448202403121764,20224.657313838325,1010.6672471364689,6.880922823545118
DNK,1964,1.1172966146448167,-0.2907390134093516,17.532245929353365,0.0,1.0,0.0,1.0,0.0,95356.53286722804,8.134031218776723,70514.37545547794,824.5469157223273,2.916742058093619
DNK,1965,0.9398791370297154,-0.238225224904109,14.718759669384292,0.0,0.0,1.0,0.0,1.0,77592.40243302908,11.507821813085599,60407.82983968081,960.7866036937551,5.001176962543695
DNK,1966,1.6400113531711362,-0.26016220754449804,12.68550049770845,0.0,0.0,0.0,0.0,0.0,961463.9468192706,8.737359517696257,102256.07966289157,489.43884547408317,4.988885167572107
DNK,1967,2.318673058134154,-0.3112900359688042,11.42264375500526,0.0,0.0,0.0,1.0,0.0,126922.22010551182,5.808211032277532,48351.30040452821,1150.9624201593338,6.998362395989716
DNK,1968,0.5689064548300757,-0.3860600396326651,15.977310008379371,0.0,0.0,2.0,0.0,2.0,119979.91928942902,8.244828344347644,48711.24560851084,753.1760601172726,6.6964188899064965
DNK,1969,1.8207534392593137,-0.2819069647346485,15.16191104734471,1.0,0.0,1.0,1.0,2.0,143776.8971543595,11.293368719389903,55692.42145090459,627.3808724173573,4.4071290920735455
DNK,1970,1.7787572458035334,-0.3206319952407505,19.8955130661869,0.0,0.0,0.0,0.0,0.0,566280.2002915744,10.739417161162766,37407.49083922163,606.9131196733399,3.8686542727201267
DNK,1971,2.382267999133493,-0.05549827477447397,15.640655516482822,1.0,0.0,1.0,1.0,0.0,219792.32607064254,11.871729749655454,60605.43389987063,665.146562571081,3.660987246593441
DNK,1972,2.2538753075922804,-0.18224707167307871,14.999101270818219,0.0,0.0,0.0,0.0,1.0,118294.32578191049,10.995712093632385,40333.534412427965,791.238895747049,6.302192690816831
DNK,1973,1.843968182710828,-0.18052912219011816,19.962753799766556,1.0,0.0,0.0,0.0,1.0,603157.8487412776,10.227979645964792,107346.7413703907,815.9259559839279,7.744357886467615
DNK,1974,2.248332557951563,-0.060097110231254705,20.712285475095854,2.0,1.0,0.0,1.0,3.0,677539.8088796677,12.841371190554684,103247.10846691088,1302.0208047184133,8.304825393811331
DNK,1975,2.1401786561110914,-0.1978592501383009,19.542904609343307,1.0,0.0,0.0,0.0,5.0,80574.41718274605,13.362019490795651,63076.390644443585,1768.6729754858934,6.742384380372591
DNK,1976,3.393589386270504,-0.144843344734095,21.58169819125818,0.0,1.0,0.0,0.0,0.0,134967.39521473338,16.21286395341725,83117.55470478996,1171.6855753528225,7.600975485986292
DNK,1977,2.975151892996943,-0.05189019132820409,20.614033046016473,2.0,0.0,1.0,0.0,1.0,942106.0816110374,13.580213642338325,117613.16842984175,1253.067940576605,9.993091091639998
DNK,1978,4.2551496340692765,0.05266186571545027,22.15842357757224,2.0,0.0,1.0,0.0,1.0,221961.17789266855,15.526054856944294,123270.45322816813,951.3392985115452,7.4128320597774975
DNK,1979,3.33712881771274,0.0397186346613148,25.399471926653927,2.0,0.0,3.0,2.0,2.0,165316.65756313855,15.911553916917665,99435.06687865124,1256.3409968951487,5.527256419174304
DNK,1980,3.1854924547814276,0.05017228559326274,25.01036690355351,1.0,0.0,1.0,1.0,0.0,65224.696849746775,22.218782544701494,136851.15071933347,1183.1222891634234,11.144836838169851
DNK,1981,2.953694944060078,0.06873021461887491,24.029338772918237,1.0,0.0,1.0,0.0,0.0,149205.44873946553,16.313029286815127,159490.4314603401,1849.6973337080608,8.468896974073877
DNK,1982,3.0284881531852883,0.12805969863796213,28.882182308434754,2.0,1.0,1.0,0.0,3.0,314242.40852566005,18.08574191380582,170673.28501117052,2211.4736068047737,10.273894156273558
DNK,1983,3.4049624528379328,0.14703179694127458,20.67847295961291,0.0,0.0,0.0,0.0,2.0,12729.054841551153,17.777327892555192,208606.46897313202,1605.4732198022384,11.929969888277768
DNK,1984,4.728550302734956,0.0845521280565724,32.847367967265065,1.0,0.0,2.0,1.0,4.0,28704.017790895756,23.879094949157732,184056.5514225975,1917.6974883115258,11.274570995501756
DNK,1985,5.134234579535884,0.20775140780768478,24.61213570268043,1.0,1.0,1.0,0.0,4.0,1819.4320919284892,25.089728768453213,158433.447958663,2016.0516467483083,14.08361289152267
DNK,1986,4.205907255038325,0.1562046511066566,28.49788493244666,0.0,0.0,2.0,0.0,2.0,85245.04670116236,22.571034592911246,174694.70980980806,2346.7652292135854,16.976603790465223
DNK,1987,5.908558087259689,0.28737857653341153,31.17558032142938,2.0,2.0,1.0,2.0,3.0,71242.84794033304,26.817672833701906,244694.89160856034,2324.868119156114,12.785746628281961
DNK,1988,5.399148926188527,0.28181376898097615,32.142098457555704,1.0,1.0,2.0,1.0,0.0,684906.8664670866,25.995698714934896,265825.76824984956,2912.6766939156564,14.792096004789641
DNK,1989,6.047145325883881,0.563183829856325,36.267068226119385,2.0,1.0,1.0,1.0,1.0,75285.77830036687,27.955483075460275,237165.38549069603,2356.544331472799,15.307565450129653
DNK,1990,7.177026861246869,0.3968084492998631,32.35540845347441,3.0,0.0,3.0,0.0,1.0,405858.49268548156,25.261579507281457,260040.34399570024,2861.395446339874,16.43792535132118
DNK,1991,7.052943262630491,0.32762753466537686,36.90087641765466,2.0,2.0,3.0,2.0,2.0,48183.71139538576,28.98716323416731,265286.3625632549,2627.523860552939,15.854653740642625
DNK,1992,6.668685846547643,0.4689999788458108,36.046169620074515,4.0,0.0,4.0,0.0,3.0,351124.17488351685,33.95536400147215,267929.55917694623,2507.780040000285,16.485091924765477
DNK,1993,6.593653413720289,0.5606567265496855,39.459978288926486,2.0,3.0,0.0,2.0,2.0,227381.03630518945,34.17418158253935,250444.9508087481,3335.1359119847357,17.20726652239166
DNK,1994,6.147614235528848,0.6917693718721252,39.77245235612791,2.0,3.0,3.0,2.0,5.0,212778.03138853077,33.75286923056892,311653.1110123228,3554.0896587724706,18.117206785923617
DNK,1995,7.244769150256936,0.5487787379278699,41.35530569180018,4.0,0.0,3.0,1.0,4.0,801013.8034507936,35.15056222907731,356066.8715489583,3321.90620065006,18.80495310577823
DNK,1996,7.803647634270723,0.5064558520393814,40.908003230128905,2.0,1.0,3.0,3.0,5.0,77106.00057930866,39.52880280129307,327429.3904847323,3186.5096116705654,16.571072055381123
DNK,1997,7.61653115182198,0.7344473963835443,42.1342287331681,3.0,1.0,2.0,1.0,5.0,386634.00079701806,36.83642380771103,326891.99989007646,3172.9309443345132,20.83331750988719
DNK,1998,8.35923377688947,0.5935112733322079,45.21690534144919,4.0,0.0,3.0,2.0,5.0,750465.6058147891,34.56006447655657,334526.9179507259,3674.6221873921854,20.897614390838793
DNK,1999,8.720109112888837,0.7026267688794073,47.9067638956403,1.0,1.0,0.0,2.0,5.0,553745.7269249553,39.722002336108886,368161.97104065993,3141.667149312328,20.900766157190823
DNK,2000,8.77788146470541,0.7490840869671282,45.05723059600563,1.0,3.0,0.0,1.0,8.0,1842792.350293722,37.730445622392004,394518.3180214351,3940.833218787506,22.59988920177686
DNK,2001,8.754239730370363,0.7948454926881797,45.34108641832361,3.0,5.0,2.0,0.0,5.0,964.4543523561588,39.861450209112725,388670.00044146396,3728.0197266501877,22.999591536076842
DNK,2002,9.435011446619571,0.884772810164375,49.95988958913047,6.0,5.0,1.0,2.0,4.0,1003129.3568653911,39.85022658380999,337845.67684198986,3808.810094943633,22.96195267487146
DNK,2003,9.791218178491835,0.8026452302851829,49.21048941948371,2.0,5.0,1.0,2.0,3.0,449110.0979662962,38.76780576385803,436603.90319888724,3741.2468410555857,24.01566111027453
DNK,2004,9.098135248894053,0.8615958815203899,52.185439762893964,2.0,1.0,8.0,4.0,6.0,1194.0586666584293,41.79240163184247,422079.7209034924,3732.5162468390304,23.646497212064446
DNK,2005,10.713392594581007,0.9069775336738789,48.61423077625432,1.0,5.0,4.0,4.0,6.0,305375.8446111183,43.96631917611696,404475.97898788465,4128.93608760909,23.2554922942017
DNK,2006,10.01152325297668,0.9431972528157823,47.15232194313764,3.0,2.0,5.0,1.0,5.0,722004.89356862,44.10302751324464,402945.8084089342,4256.431765407618,28.042031302073323
DNK,2007,10.234487984732636,0.9606817498429783,50.94422654125743,5.0,4.0,5.0,3.0,4.0,101284.65236494647,44.12890658572977,411775.5937842824,4252.457232662113,24.980660572030143
DNK,2008,10.775936047016913,1.0079187581770261,50.99156523181308,7.0,3.0,4.0,1.0,6.0,578690.2489999443,43.16525402862896,450739.33944647445,4590.564359185106,26.399928527167077
DNK,2009,10.637851820302037,1.0593336017905424,53.29760528164936,7.0,2.0,4.0,2.0,8.0,77851.35775482765,40.412442361384215,385787.90750627243,4402.566909960781,29.99200674969505
DNK,2010,11.177219961245761,1.0406860540166893,52.447740863218144,1.0,1.0,2.0,2.0,7.0,854096.6884680477,44.529230055319005,453334.7370853072,4607.906972949533,26.083142062124097
DNK,2011,10.910482951241502,1.0617319279677566,56.39770131856047,11.0,3.0,3.0,1.0,10.0,447514.53266946453,46.337792767462325,452560.3239487138,4142.102079368073,27.589567977980415
DNK,2012,10.500717884705368,0.9138213640687857,54.29209988795945,8.0,6.0,3.0,6.0,4.0,18616.022028624462,40.65390001256141,456875.87430700636,4427.327168360731,30.464354260504184
DNK,2013,11.159950475322663,1.0582214783094848,55.820038196191945,7.0,5.0,4.0,3.0,10.0,52162.218649026145,45.74870720265237,425518.1005258498,4920.347011599364,25.13861884604951
DNK,2014,10.385871421110512,1.105284289449853,56.235451571406244,7.0,2.0,6.0,2.0,4.0,1106730.2748797922,46.04388828631759,415980.526831378,4837.437550001733,29.538515905146063
DNK,2015,11.1900527605772,1.1369422075316467,56.694478729968296,7.0,1.0,6.0,2.0,9.0,18876.515031212675,44.52838170926344,518144.2216966659,4721.8713876452675,28.186944781501897
DNK,2016,11.185800921430948,1.0339904655119418,56.48275620669523,2.0,6.0,2.0,5.0,6.0,202119.21083084264,48.59970870379407,468816.6154378017,4586.081217709283,27.356872424751135
DNK,2017,11.15613921241283,1.0465194883177142,58.12783392317596,6.0,0.0,1.0,1.0,7.0,483260.1304973878,49.290630592383664,516878.39602806483,4484.012174544156,28.304615316762767
DNK,2018,11.266862908085624,1.0623532645391223,55.144653370492044,2.0,4.0,2.0,1.0,6.0,140450.3058015663,51.50222533683163,493933.6754906289,4606.113396822794,27.88835238723786
DNK,2019,10.318170823437054,1.1594674110658392,60.89086666271382,5.0,2.0,0.0,5.0,9.0,150436.9268302894,47.58964395926512,476780.1050571649,4904.686746218607,30.74645369782607
DNK,2020,11.13908563650693,1.2068290873098302,57.037362882700336,7.0,3.0,6.0,1.0,4.0,897756.645829329,50.77173735577615,482120.35786577687,4311.136929921432,28.649660767898318
DNK,2021,11.55765238633365,1.098431583510934,54.56576440819899,6.0,5.0,9.0,3.0,13.0,208914.45924967865,46.21685128631897,505443.8289834753,5219.229238826644,29.769946009811992
DNK,2022,11.641511613235714,1.2099718286153414,58.51189725264122,8.0,2.0,4.0,3.0,6.0,24198.39797735532,47.40236413113819,510216.4676545303,5107.046913083696,28.1628925952269
DNK,2023,11.000018117332258,1.1529644818969498,56.09348933024948,7.0,1.0,6.0,2.0,7.0,794920.1443976037,49.92812907123346,494125.98101716815,5118.555164112551,29.413326220690724
DNK,2024,12.356384164465021,1.1383843943094845,60.04856310134966,8.0,1.0,2.0,2.0,11.0,1944873.8278874673,47.07062628621666,511149.2252989771,4992.641485795441,28.55979717402541
DNK,2025,11.164858808636064,1.1361896924123926,64.05840240253812,1.0,6.0,4.0,5.0,6.0,1136916.467510032,48.3160530437719,513824.55703758314,4887.6030614083,27.191371937428055
EGY,1960,1.7938987829463269,-0.38780954717081284,12.922870669646247,0.0,0.0,0.0,0.0,0.0,32279.196058172383,7.288686624465029,24528.10432791979,201.23592026250253,3.358568093729099
EGY,1961,1.9976349135197444,-0.39255937887182185,11.727458785286185,0.0,0.0,0.0,0.0,0.0,159868.7912803092,8.282365799109677,-6447.192686675811,402.84064411537133,5.72771689718943
EGY,1962,1.1776304085498064,-0.42376965953539125,13.678104393777293,0.0,0.0,0.0,0.0,0.0,36187.52623284566,6.541906749271806,53630.731437570634,45.03384711139438,3.012558227005986
EGY,1963,0.7909783192064042,-0.3378754174656471,14.60008702043886,0.0,0.0,0.0,0.0,0.0,145700.29119468055,12.268027458992607,47162.42244417931,492.1154858695828,4.224333563617438
EGY,1964,1.5595758161384803,-0.29599572936236457,16.479997635227186,0.0,0.0,0.0,1.0,0.0,19423.821902873293,7.7663917818372274,46267.729837869025,741.433594364418,4.781018879424366
EGY,1965,0.9826827326368397,-0.2591795737531545,13.732192761887113,0.0,1.0,1.0,0.0,1.0,312510.5935595738,10.957267554999328,22961.05945004052,470.4079616528573,4.668015180374267
EGY,1966,2.6141836770079157,-0.19081918606576553,18.256036143695702,0.0,0.0,0.0,0.0,1.0,318944.0934371448,8.402412313762945,77901.35525207692,631.8028716558672,3.248528084678573
EGY,1967,1.6264218670434198,-0.21205142848296665,16.826204707083285,0.0,0.0,1.0,0.0,0.0,157800.52756383253,9.88249014366784,19404.55983973661,820.0932822613844,2.628149687993896
EGY,1968,1.4370707328719166,-0.2556689949727582,13.218925593953788,0.0,0.0,0.0,0.0,0.0,8175.439794512241,10.28122114949472,52023.48199147037,1408.622332776891,6.22270729518446
EGY,1969,1.8608046196218713,-0.2413007401973969,20.979480224151807,0.0,0.0,0.0,0.0,2.0,71505.65290298252,11.98963446388493,26267.96666134544,793.5741117550283,5.406393094377033
EGY,1970,1.0962359867747762,-0.16846272725139727,16.777632384281123,0.0,0.0,0.0,0.0,2.0,33486.86628742015,12.026366346631296,55911.200372200125,1029.267639174932,5.443093977572585
EGY,1971,1.4375693830308505,-0.09002082798491785,14.417612458219304,0.0,0.0,0.0,2.0,0.0,172327.8096853203,9.788225968592844,97636.95494052906,867.6018389457895,6.891714360679752
EGY,1972,2.821525243423654,-0.1629331602005636,21.224835873100442,0.0,0.0,0.0,0.0,1.0,25749.450537384808,13.991134670023454,83570.25790729598,1050.3523863521243,7.155044927780958
EGY,1973,1.8986363380520968,-0.19038604420317723,22.917707217172847,0.0,0.0,0.0,0.0,1.0,504434.5114184694,9.723125293862072,55098.62015809407,1019.3185733857125,6.82655576562165
EGY,1974,1.8298147559177536,-0.21065869630112283,18.316517584004878,2.0,1.0,1.0,0.0,0.0,484045.0394460934,9.896195853343547,71797.10664776296,990.3415842146998,7.593304363076204
EGY,1975,2.9064688564762875,-0.22373558306280789,17.862150539378828,0.0,0.0,0.0,2.0,0.0,44551.235806905504,12.553458028467714,82562.37183498911,1109.8081921274654,6.372716913715243
EGY,1976,3.4566651705075335,-0.03019264793024891,19.459868178436754,1.0,0.0,0.0,1.0,3.0,320510.6472782152,14.78687772105508,78894.46162508205,1522.8069476104984,8.286197857643238
EGY,1977,3.3762958486429895,-0.011097690976929198,22.49508016666632,1.0,1.0,1.0,0.0,1.0,330886.6996093139,12.337344741066122,114669.43419073704,1374.524933780315,5.799477350270262
EGY,1978,3.7346924090996416,0.016549428410104747,24.768402462625406,1.0,2.0,1.0,1.0,2.0,144047.795617183,15.241267301263127,170992.47268377568,1106.64354988093,8.508970725317553
EGY,1979,2.936851609728707,-0.010708924660352741,23.913213047403055,0.0,0.0,2.0,1.0,0.0,48570.652321202535,13.122575216986425,111662.43907149085,1374.081547170739,10.038828357264824
EGY,1980,2.7752852123783835,0.14286105386333225,23.70137908967918,4.0,0.0,5.0,0.0,0.0,42506.302801754944,16.49585043932733,183350.68613207008,1354.427478424455,8.5239989719175
EGY,1981,4.6873475696868585,0.023751316233208183,28.197554294510866,0.0,0.0,0.0,0.0,0.0,413605.9823768165,20.193905166714103,145145.9758635929,1876.4822994490085,10.292807450774383
EGY,1982,3.8797525596982285,0.17246236917239655,24.719184760990572,3.0,1.0,0.0,1.0,4.0,78336.98423237154,17.053061723771215,163740.85006771397,1578.6615559869408,11.102503429877917
EGY,1983,4.171611635604437,0.12780013293177075,29.16790973750896,2.0,1.0,0.0,0.0,1.0,298300.44457703334,17.182801409455838,173082.85231721564,2062.0471611767316,10.043742749836204
EGY,1984,5.338664109966561,0.11828184886438026,26.99702769283203,1.0,1.0,1.0,1.0,4.0,662980.6954259613,21.797372111644435,135493.5058788916,2194.9119681989914,13.502341366901105
EGY,1985,5.161549946584052,0.2514674946624536,29.9545908349345,1.0,0.0,0.0,0.0,3.0,303475.42461141595,20.21724971383435,200737.37238009786,2108.3545600361103,13.0196242731307
EGY,1986,5.3772273776537265,0.27487063331479633,29.78171058240127,0.0,1.0,4.0,1.0,3.0,1258632.9225167716,28.510473239762028,140575.5019852926,2314.108751773928,10.890435199336805
EGY,1987,6.638787404984045,0.3094497938426997,31.138243702785026,1.0,1.0,3.0,0.0,1.0,365560.9260409584,24.582058001126708,218573.27728134184,2182.2774317554536,14.042594050092562
EGY,1988,5.3068860484379226,0.3267678780645314,31.56483384072058,1.0,2.0,3.0,0.0,2.0,135992.596339597,27.56288132520818,229694.38206754092,2615.331045002376,16.63992450115101
EGY,1989,6.496247417638902,0.35700185349634955,37.11317570400473,4.0,1.0,2.0,0.0,0.0,703286.825703451,23.417918652254144,199739.25857420615,2241.2540986001363,15.295022996174918
EGY,1990,6.282782546815824,0.5910697594296351,33.16768490472866,1.0,1.0,0.0,2.0,3.0,139645.06259016145,28.52907950033802,252116.03422653116,2541.269260947762,15.08907989388177
EGY,1991,6.691701216354183,0.5347072315819978,34.39837874257523,2.0,2.0,0.0,0.0,2.0,1361823.8163036597,26.360350836017687,255657.20381575087,2695.103068038854,15.936926202104724
EGY,1992,7.7019603142807025,0.5375605472988058,42.79418378023667,3.0,1.0,0.0,0.0,1.0,253333.98000069114,29.33953644913726,271532.66933817544,3116.0456029744114,17.171185812743396
EGY,1993,7.398094503200613,0.5280519595549255,41.166744752218776,4.0,2.0,2.0,2.0,7.0,1217494.129912965,29.15730409763932,284064.71072093403,3400.6128234852545,16.38705536665116
EGY,1994,7.694428336746737,0.6384728322276567,33.97159875889001,4.0,0.0,3.0,0.0,3.0,82153.7189303535,34.28028114559194,285048.14343826286,3006.9180277173623,20.726664952916177
EGY,1995,8.274974027774464,0.6373745120342835,39.709819712066725,3.0,1.0,3.0,0.0,5.0,4728.886017544205,33.73326103473661,313495.9106096889,3202.8254549488706,20.72255215807416
EGY,1996,7.715199702109488,0.6351464701831955,37.75284196738463,1.0,3.0,3.0,0.0,3.0,91694.11715931211,34.31870681330176,344780.79129067925,3057.0103636335966,21.586572702992417
EGY,1997,7.701613821213982,0.6448152894477927,41.03266187487017,2.0,2.0,1.0,0.0,3.0,44267.29696803578,38.1308389566382,328463.81385695847,3420.9494623584465,18.604293156728893
EGY,1998,7.83394124640545,0.6974857827911649,36.65243739079553,5.0,3.0,0.0,2.0,5.0,575980.7397313011,36.084548848033414,344043.48270440794,3801.732003390138,21.499247794295897
EGY,1999,7.545264241296343,0.4838851453297617,45.20500118701534,1.0,1.0,0.0,2.0,6.0,135965.56542865135,39.31109793443766,371960.34482956724,3219.456947453973,23.415955804386034
EGY,2000,10.089492753960743,0.7865417929518191,43.69807438359697,3.0,0.0,1.0,0.0,6.0,459086.27773717773,41.94897766578394,422424.5738919192,3740.31973861998,21.144006268497503
EGY,2001,8.493646404053885,0.7613380825433596,47.66276842174698,4.0,4.0,3.0,3.0,8.0,505355.0982263875,39.077039504352726,370569.29803968704,3994.958097891957,22.90614581660599
EGY,2002,9.210814176676884,0.957053253461059,44.36343602774457,5.0,0.0,5.0,1.0,2.0,541975.5178127621,40.16756869945259,342022.1424027413,3925.471499364416,21.979473706390532
EGY,2003,9.377934657553295,0.8588834985330343,49.49902878505803,3.0,3.0,0.0,1.0,3.0,844554.833113018,42.51030411158329,370759.3025271008,3948.926596892629,25.17087438783983
EGY,2004,9.901873569663923,0.7883771481309338,49.071903732628265,6.0,2.0,2.0,3.0,4.0,77425.45301543211,44.33097527759792,416320.72979090747,4276.239732760746,24.160657421206977
EGY,2005,10.371155373436997,0.9041287495795806,54.633606222653675,7.0,3.0,0.0,2.0,9.0,25243.66058853419,42.07931160912484,446709.6392330461,3952.543867325649,24.76262072162585
EGY,2006,10.562983684846985,0.8475397294092789,55.129311411060286,5.0,1.0,3.0,5.0,5.0,14926.856204084452,41.00660033542381,392581.8267222348,4027.3191261427555,23.71644562996986
EGY,2007,9.88837992436221,0.9907281691233418,54.24010075334897,4.0,2.0,2.0,1.0,10.0,55064.212678372714,44.99884090922255,421838.5081457649,3840.148725744234,27.84216362983289
EGY,2008,10.272617768217206,0.9963140853063787,52.09091230332258,4.0,4.0,2.0,2.0,7.0,243128.73577107198,44.902968484698654,429697.5065501447,4409.755932625448,26.099464717112408
EGY,2009,10.666236016356295,1.0684536115078649,58.45802727000084,7.0,1.0,2.0,3.0,7.0,1771249.9335411654,46.07326559001251,415893.7850608353,4440.461004651614,27.465071415616606
EGY,2010,10.486168999190106,0.9460047814290465,50.157265704294566,2.0,4.0,5.0,0.0,6.0,228772.40139761625,46.20803689963957,478821.8137574169,4304.982100379155,27.19998660564051
EGY,2011,11.669610262461948,1.028165733785271,51.0362623663102,5.0,2.0,6.0,4.0,8.0,321185.67616952746,45.555867670397056,474604.372997485,4277.235969106538,25.672602371683663
EGY,2012,11.135179972315614,0.9311974737743731,54.80301779429308,5.0,3.0,2.0,1.0,6.0,909437.644914102,46.10656038425457,458811.13175155065,4520.029272286889,24.909322167944595
EGY,2013,11.374640675307798,1.1103228449302074,61.07894722155999,4.0,1.0,5.0,0.0,6.0,1373324.731960885,47.47951815670891,444053.0259724264,4594.3130793704995,27.18060628166802
EGY,2014,11.424670719803656,1.108433380044934,55.335517908128665,2.0,5.0,8.0,4.0,12.0,1973469.4299172414,42.99579202507411,482354.6924365713,4327.666622425348,29.220239166158116
EGY,2015,11.802378397809761,1.1182913136482162,55.748977890914624,12.0,3.0,4.0,0.0,6.0,985104.3337160579,49.578162900433306,474969.4712480101,4186.159254803251,25.118601781376043
EGY,2016,11.308995562306144,1.0895080499592007,52.93830309255314,8.0,6.0,2.0,1.0,6.0,397969.4402210277,47.90122349529156,454595.7441229349,4269.585055183609,30.79163008130105
EGY,2017,10.530128035269927,1.1324244615719092,59.21615616032612,5.0,2.0,1.0,3.0,11.0,150545.6205976809,45.262394364201455,492814.42820867803,4362.438092771368,29.403936239448978
EGY,2018,11.570592549420779,1.236628447226498,59.51673184087994,12.0,3.0,4.0,3.0,4.0,533646.6135919425,47.83691853561292,480607.5957758275,4447.2643201281235,28.661903656334243
EGY,2019,11.025703810667896,1.0937467585111704,59.36500984957889,9.0,2.0,4.0,3.0,9.0,129843.6276827132,50.61991736666531,432541.10559108807,4735.136235789428,28.377525191209017
EGY,2020,11.150647866451873,1.1352102176127001,56.05565465900327,4.0,3.0,5.0,4.0,8.0,34402.53488952206,48.518958510609494,451578.4434217428,4797.047201986792,29.87430659140577
EGY,2021,11.841425878961688,1.0441382881597492,56.077870332013184,8.0,2.0,4.0,1.0,3.0,1529493.8005789968,46.41304646551588,445321.2092240654,4757.920691828204,27.084014459322916
EGY,2022,12.261606953911551,1.0678739665973107,54.80890823414936,8.0,3.0,2.0,3.0,7.0,407856.49225055194,45.36993462346018,506184.7570085651,4900.224218354833,29.522731233014664
EGY,2023,11.603162479987919,1.1509111606112468,58.431121790770526,10.0,3.0,3.0,5.0,7.0,441828.6761838038,53.945306188012864,464731.3704925431,4927.003916239083,29.43546081805989
EGY,2024,11.806181138212223,1.236641940218632,55.68420844188122,6.0,3.0,2.0,3.0,5.0,591953.068294168,44.63414325335528,499532.502456646,4925.746171184074,31.60931426399572
EGY,2025,12.641682939524664,1.1325979648577043,55.59084719930896,4.0,3.0,3.0,3.0,5.0,382755.8282948586,49.43900490073958,539561.4234961226,4883.174774365242,28.667907763484617
ESP,1960,1.2015553729293578,-0.3331970545864645,9.101852246009187,1.0,0.0,0.0,0.0,1.0,70657.41996970218,6.486553334245551,10522.489900626058,329.70973311627165,3.6549597739471964
ESP,1961,0.3656355443051259,-0.2988296211845948,11.74491791187291,0.0,0.0,0.0,0.0,0.0,225196.42777432097,6.213062186776947,46431.30917495333,1060.7732096264394,0.2367924860437456
ESP,1962,0.5376205121022397,-0.2095011654382264,12.976365213459935,0.0,1.0,1.0,0.0,0.0,24875.70520960557,4.14800810353538,24270.65376459524,539.6171972624337,3.918222174266934
ESP,1963,1.8297564853218793,-0.38179904967636047,8.559245912407098,0.0,0.0,0.0,0.0,1.0,335539.8311566106,8.398632330406537,7990.8535197148085,580.8293839155876,5.332427462301434
ESP,1964,1.2723476204809117,-0.24173925563950455,16.928582317423547,0.0,1.0,0.0,0.0,0.0,72422.37038637923,5.675184526277366,-10245.243756090298,719.0732980583147,2.0070093501179214
ESP,1965,1.76423197123356,-0.3258184924830416,14.148853782338344,0.0,0.0,1.0,0.0,0.0,241352.3607858547,11.39269581879354,53172.49540573379,373.3736499384011,3.745326576136894
ESP,1966,1.4727690759551224,-0.27749723406127397,15.112016911146831,0.0,0.0,0.0,0.0,0.0,419685.65971342125,9.121211081758755,58715.93209862594,474.2253168766987,6.026818880517906
ESP,1967,1.5650238318808993,-0.24842094514548704,17.96996420705847,1.0,1.0,0.0,0.0,0.0,442337.2975111026,8.513695751426072,55021.25925580591,583.3727254735047,3.76094506065701
ESP,1968,2.186643813312578,-0.3604169663242587,13.41216738062839,0.0,0.0,0.0,0.0,1.0,126450.74404045161,12.310428141168162,45405.16858387986,1013.7493968523398,4.460407107754075
ESP,1969,1.4578877250245588,-0.2877520495126541,16.889945886990724,0.0,0.0,0.0,1.0,1.0,64494.246017385645,10.494902088729955,47474.94521270072,970.5732016365539,6.147836664584069
ESP,1970,1.9261030499954173,-0.10118949337156079,15.685485793351038,0.0,0.0,0.0,0.0,0.0,209429.21376702914,11.143989163362336,79881.21134702762,712.1458350225041,3.5428101041188524
ESP,1971,1.730439164169076,-0.12093114593241977,16.045206550610093,0.0,0.0,0.0,1.0,0.0,47266.22581128738,10.708598333298614,63402.900153677496,880.1349536008285,5.626576594822288
ESP,1972,1.8814519155820277,-0.17804946234539837,15.162072275513438,1.0,0.0,1.0,0.0,3.0,375238.5704340574,10.677524752441316,99840.69171324937,1149.868074320722,4.611393109209667
ESP,1973,2.0985765774661815,-0.13340569918531303,21.887271288393055,0.0,1.0,0.0,0.0,2.0,307524.3747419102,12.860345971487076,75606.9382145336,465.5457074712134,5.949605370691298
ESP,1974,2.559515489649254,-0.15476881666519582,17.46033064311485,0.0,1.0,0.0,0.0,1.0,404908.0485288917,15.988219657462677,81446.4202094131,1160.5419320392928,7.0349932376689175
ESP,1975,2.3226130663165985,0.00040750895640874474,20.869936807557075,0.0,0.0,2.0,0.0,0.0,149060.68744312867,5.5150585020682295,101283.16270178084,1335.518874243872,8.592353232557032
ESP,1976,3.4969450537810847,-0.09952242791726389,15.20328710339107,0.0,1.0,0.0,0.0,2.0,220091.25425345835,18.105359073823486,134434.1769884142,1013.9037995311144,7.976301811484932
ESP,1977,2.4484984962343614,-0.03878860549730593,23.658222172096536,5.0,0.0,1.0,0.0,2.0,30079.532103489946,12.369310658855355,137228.0464988934,1459.3551044931503,7.2054091366755095
ESP,1978,3.054513794368516,0.06204275793293704,24.204288714941768,0.0,0.0,1.0,1.0,2.0,331630.81499666435,15.849333186559429,115302.62499372082,1391.4587192741606,10.15741154989686
ESP,1979,3.1191634271484965,-0.06260588773986081,22.730579995987377,1.0,1.0,0.0,1.0,0.0,195145.7684655756,12.3749781508916,116295.60560408157,1899.2913450718415,9.854225587959109
ESP,1980,4.424838629258341,0.1550094089517437,22.87971490315494,0.0,0.0,0.0,0.0,2.0,213538.9827490403,20.45809855506429,105054.22270358288,1441.1049339993247,6.812049040509846
ESP,1981,3.9370997163066095,-0.05995611697947657,25.452524882783713,0.0,1.0,0.0,3.0,2.0,577259.3082733356,14.896052038217883,162503.51127350755,1797.3972310850722,11.266566908604144
ESP,1982,4.658604077226922,0.22641220068484402,31.2232525958201,1.0,0.0,0.0,1.0,1.0,466142.99070469465,21.476391291229312,111196.88820253551,1411.6762999381303,10.771596543485865
ESP,1983,3.4616434055698306,0.10108551781477623,22.18251964433298,0.0,1.0,3.0,2.0,1.0,247077.57842606315,19.388898916078112,209119.5161589823,1877.1894733149284,11.24471711821317
ESP,1984,4.7285063812781765,0.14753401021270474,29.672253157645546,3.0,0.0,1.0,1.0,0.0,144761.04175926483,20.579365516531116,198853.65524423364,2157.010045961586,13.588224956522847
ESP,1985,5.353255398662149,0.05286425638239722,26.597990184522512,0.0,2.0,2.0,0.0,0.0,199589.70300971367,19.15612959238838,170781.06722966852,1950.9710465970934,12.285104370496498
ESP,1986,5.162405202540171,0.20571616642986137,30.015821003628073,0.0,2.0,3.0,0.0,1.0,149025.67753335377,25.802182590096656,231965.619102068,2449.2727126933682,14.488554143583972
ESP,1987,6.006562272328499,0.19770745061919487,30.658173861720396,3.0,0.0,0.0,0.0,2.0,57954.32792681975,23.818282379584208,227030.308624022,2516.365932407112,15.703954921086392
ESP,1988,5.379468172098791,0.27165389667015766,31.437504489881718,3.0,1.0,0.0,1.0,1.0,373617.26154288533,26.872233120761408,237301.72705156554,2449.578492593082,14.691751576894939
ESP,1989,6.773114122098899,0.3490484227705857,33.72487780342117,1.0,0.0,2.0,0.0,3.0,432210.1598249683,21.726809448921177,231375.5900567628,2468.8501566088435,15.926892517152488
ESP,1990,7.571866421081069,0.47662332915783245,32.164572136805525,1.0,2.0,4.0,1.0,1.0,1330398.1402561709,25.494706951926787,264288.75973639975,1925.2653564796465,16.97160826783765
ESP,1991,6.328628483755006,0.45657496807835407,38.82191046426692,1.0,2.0,1.0,0.0,3.0,232660.5732518013,29.18815133973801,227616.02606126986,2614.97551408147,17.346890303062185
ESP,1992,6.566927019288053,0.5043485279720539,33.0063410876274,0.0,2.0,1.0,0.0,0.0,2305561.9694909616,26.192317926431965,276935.35345530073,3142.9096118571006,18.64043038521668
ESP,1993,7.941785017676757,0.43146647579100944,40.0715371226538,4.0,0.0,1.0,1.0,4.0,82340.31167331208,31.662741145606564,270683.9150154256,2935.630671609238,16.622232082885517
ESP,1994,8.293162075088357,0.4874399290117048,39.118043374286174,1.0,0.0,2.0,3.0,2.0,432924.39437487273,30.45174938998615,292558.17315808265,3220.024451596355,17.865278546362138
ESP,1995,7.357637793208198,0.7398329313910723,38.1956543255741,3.0,1.0,1.0,2.0,0.0,2166897.3826126754,31.260841990977017,294418.77640743746,3116.5194055706515,17.665450594720014
ESP,1996,7.683440101766529,0.5742340071802129,42.78877373778651,4.0,2.0,1.0,1.0,7.0,429472.82614126074,35.20820774326299,307271.86005536164,2999.2704447791584,22.43881446091951
ESP,1997,8.02213322983912,0.8015970956336496,39.51701089164211,6.0,1.0,4.0,1.0,3.0,257421.3532712441,35.45267656728188,366572.4233343284,3616.232391358433,18.36321243689766
ESP,1998,7.661647489122835,0.6845142738937107,44.59800861067971,6.0,0.0,1.0,3.0,5.0,314995.1282337863,33.519836813423616,309547.1928666509,3254.22383686968,23.168285911630182
ESP,1999,8.147694410959131,0.7377022390914865,41.99028286172131,6.0,1.0,2.0,2.0,8.0,826427.7259523751,39.51979647081845,365959.9320211414,3579.8330360342366,22.567752821773333
ESP,2000,8.329792713362618,0.8553229386264022,47.70610914229483,4.0,3.0,1.0,4.0,4.0,1259412.5086783215,39.03493234992943,337587.5371561643,3821.59972410992,21.24294853178664
ESP,2001,8.68650761440898,0.9021675627072809,45.202111945679945,3.0,0.0,2.0,2.0,4.0,276788.30243326566,34.22910000190751,408351.31310983765,3666.834076248216,21.227375361865942
ESP,2002,9.318091199991303,0.8207746487761012,47.2987541323776,4.0,1.0,6.0,1.0,11.0,688215.7633866048,38.90146515609681,395167.4951287929,4281.10189544417,23.465480406963323
ESP,2003,9.671775776197924,0.8262765285863708,50.02662262198583,7.0,1.0,1.0,1.0,6.0,1282077.1219221822,41.20238294658901,358084.6442201653,4456.916675525696,23.689171623127546
ESP,2004,10.616652501791783,0.8790205858119537,48.17783914832349,1.0,2.0,4.0,4.0,8.0,159097.75524461223,40.8481478392003,409639.71249126445,3880.018365375285,25.014844212889713
ESP,2005,9.328052902802096,0.9351557641683995,50.73381381051143,4.0,2.0,2.0,3.0,2.0,331286.0262465177,34.31308533529128,391607.8489127878,3961.579320184759,21.812841514928884
ESP,2006,10.634196808164166,1.0025337111638597,47.81634300358409,4.0,1.0,7.0,2.0,11.0,2665833.672255431,42.583728098592715,421837.7700258159,4107.43864220708,25.032527547194807
ESP,2007,10.100605866109682,0.9531939645858767,53.85392575481365,5.0,1.0,5.0,3.0,4.0,219164.83541242444,44.753552167169246,389777.62121202354,4544.979617100673,24.447785096377707
ESP,2008,10.340271120594243,1.022549200001072,57.31973126885254,2.0,2.0,4.0,1.0,3.0,493049.22919158405,43.43349833864454,459928.7851513002,4447.494401238507,27.815294630639773
ESP,2009,10.89177375282132,1.1228952196008786,60.47509845162501,9.0,2.0,3.0,1.0,9.0,553785.4622887016,44.26994763686228,385240.5034605111,4564.973337815269,26.929990034305586
ESP,2010,9.983601234347324,1.0397800937457946,54.26777426556021,2.0,2.0,6.0,4.0,2.0,87890.97467488411,46.9306513033257,420368.7632964617,4748.847840299438,25.951806993418323
ESP,2011,10.96527216030628,1.0503773145674016,56.515669292212316,7.0,1.0,4.0,1.0,3.0,874941.5551324179,41.5261087954783,418565.32488281507,4274.438512905736,28.93509993413196
ESP,2012,10.948579394846126,0.9188863514012985,50.56091136174702,4.0,3.0,1.0,1.0,7.0,287583.0229732081,47.1681670808918,459686.88603355474,4649.316596021503,26.597016722753413
ESP,2013,11.23524542513384,0.8437448514299052,59.200687765021165,6.0,3.0,5.0,0.0,4.0,379852.3337962897,46.66355281174983,442241.40896075056,4583.781437320855,27.30287559047317
ESP,2014,11.209785960566888,1.0979937439481375,57.78193643711415,2.0,1.0,2.0,2.0,7.0,571415.9756446857,42.60401087351176,453896.0536230763,4710.160764235881,28.049974273407347
ESP,2015,12.539428510204464,1.0710409734635409,54.997257386559745,4.0,3.0,3.0,3.0,3.0,297255.71002205665,48.156272562774596,446140.5507698545,4913.515221105436,29.148918982293132
ESP,2016,10.838207675107007,1.0481959134574659,59.63603098355519,3.0,4.0,2.0,5.0,3.0,224103.917134208,50.95271568889508,431357.2490189896,4639.398527400717,28.08076614910096
ESP,2017,10.970483156218494,1.1187250466437135,56.215142005536826,4.0,2.0,3.0,4.0,10.0,456575.6994581768,47.917302260081954,462874.1712981409,4540.289407369262,30.225295284363536
ESP,2018,10.98246617446877,1.1034490202260574,55.98872824752017,3.0,2.0,4.0,0.0,6.0,249121.5793091845,48.66796960011003,438887.98374300945,4483.567529892244,27.8324014576882
ESP,2019,11.08083468108105,1.2067767191252434,58.580659159647844,5.0,6.0,2.0,2.0,10.0,337363.82453204185,45.255975867963244,428266.03846535546,5167.111687840893,27.166414629881913
ESP,2020,11.088104860256736,1.1310074723766117,54.97032009154587,8.0,2.0,4.0,3.0,3.0,68847.65956755602,46.473989948823736,491951.1885132196,4767.222790384977,30.901658382799297
ESP,2021,12.187951073564353,1.0712745292886487,60.398699163945565,8.0,10.0,1.0,3.0,13.0,1131574.3735054773,45.769890095877756,447574.7806390099,4475.951247410094,28.35420606649215
ESP,2022,12.366384130431376,1.2165481426419205,55.401739330344675,2.0,1.0,1.0,3.0,14.0,326276.281359293,49.12815102669824,516811.25598751835,5140.924060336173,29.733920627592358
ESP,2023,11.262752204458735,1.125715611168086,55.596303561810224,7.0,0.0,8.0,2.0,7.0,53791.65175328496,47.233859546756385,517620.71367808833,4430.981455263433,30.07962104790032
ESP,2024,11.149997701432888,1.190450191176264,56.11100229405663,1.0,3.0,3.0,3.0,10.0,983279.3379527215,47.24239367458966,505982.57220677636,4483.9809550924665,32.011524638102564
ESP,2025,11.933973291281585,1.114907574302406,60.43313855622249,3.0,2.0,5.0,3.0,4.0,12635.533696975252,50.264377761283676,457035.30672557827,4787.975061369656,28.763309225639542
ETH,1960,2.5523535688842536,-0.2224333768353305,15.133786663389376,0.0,0.0,0.0,0.0,1.0,10908.318478460506,1.3113838616930522,40544.297767322576,689.9272230944609,1.3026612356846883
ETH,1961,0.4603849355816597,-0.3949592832217808,11.663850282521324,0.0,0.0,1.0,0.0,1.0,175349.6319504734,5.020046254968815,73595.3412898367,145.32333701612203,6.080487372734275
ETH,1962,2.0011299351196423,-0.43770536766703705,16.010241576385067,0.0,0.0,0.0,0.0,0.0,52757.80350241027,6.20027732230809,12020.275569016554,636.8996832703297,3.520303119221305
ETH,1963,1.7973873893982992,-0.2687803845996015,11.815036688410073,0.0,0.0,0.0,0.0,0.0,38309.83410155664,7.645953134376482,26395.10511533572,624.2279959509978,4.4478154793256595
ETH,1964,1.4564577665303167,-0.35477117820379234,10.890357309956894,0.0,1.0,1.0,0.0,1.0,117937.96594462542,7.3871561535750185,75432.80473929885,950.2881187355233,4.255238009593066
ETH,1965,2.383575848656503,-0.25292359430541933,12.64756652645788,1.0,0.0,1.0,1.0,0.0,180952.62011809714,7.7320988952766685,15394.545015256244,570.6009637721397,4.103849982462069
ETH,1966,1.6704466564290534,-0.4592171736977667,13.920764517002818,1.0,0.0,0.0,0.0,1.0,188292.3931383794,5.747797246493919,46383.398030007156,956.8615432838835,3.787007674507626
ETH,1967,1.7716805891799048,-0.1428067870575847,13.584948283814105,1.0,1.0,1.0,0.0,1.0,165079.52729558822,13.082503687713809,30794.667872732753,526.2015859048014,3.734138015141039
ETH,1968,1.6165862493912906,-0.1866157447652716,14.447520902051474,0.0,0.0,0.0,0.0,1.0,1013588.1402415578,8.121055460051956,84799.94184449472,661.9031326782159,7.908699008218708
ETH,1969,2.45816555114026,-0.34548321002005944,16.289753933971124,0.0,0.0,0.0,1.0,2.0,427963.47412145464,5.62755247512617,25878.59215072519,910.6693385881915,3.014077701732239
ETH,1970,2.50130341269561,-0.32757749467231484,15.532197676614878,2.0,0.0,2.0,1.0,1.0,61411.103789397894,12.918449299175371,58807.018350260594,1003.079281162152,4.731422768973261
ETH,1971,1.6364830148641532,-0.058045168691401194,16.340142733269875,0.0,1.0,0.0,1.0,0.0,330564.2434308088,9.110936428677315,39802.43057752299,849.1960383870714,4.396651022469708
ETH,1972,1.372720109461318,-0.23202868843905627,12.819487247017896,2.0,0.0,1.0,2.0,0.0,202160.8888633857,8.656084162556711,35193.066383792924,1019.0679413617606,6.69676022444286
ETH,1973,2.1596366819581463,-0.2195903637649544,18.702508294202918,0.0,1.0,1.0,0.0,0.0,18099.419004554915,13.476453252293846,30720.493288709833,987.3647833299335,5.745457364030519
ETH,1974,1.971766396431222,-0.31251358374622185,18.176072499074607,0.0,2.0,0.0,1.0,2.0,12967.369227727,11.391754154642376,80714.34275998193,1275.487794370057,6.004927056475701
ETH,1975,2.561366893369269,-0.13618141835795416,23.147008641524994,0.0,0.0,0.0,0.0,0.0,421977.93444694235,13.588243186507992,104097.42929665727,1122.9508143216112,8.006396294583439
ETH,1976,3.48641220901969,-0.10171179088059101,17.541892653936014,2.0,0.0,0.0,0.0,0.0,212608.09745725815,12.476221040283678,100167.33605809402,1177.3440131260543,10.248021713147097
ETH,1977,2.6999492433356718,-9.652512653494233e-05,16.187512526623284,0.0,0.0,2.0,0.0,0.0,235058.02991023488,13.595827261105782,113721.82078047587,1539.525504737632,6.834043571762729
ETH,1978,3.1373415455071414,-0.14156592785318622,23.118932059874226,3.0,1.0,2.0,1.0,0.0,116815.34820212678,13.183090331903452,105667.77847093379,1437.3435520222436,6.309438726448867
ETH,1979,3.405371858170974,-0.12203911233143706,23.35331226602662,2.0,0.0,1.0,0.0,0.0,779291.6289542567,13.506758735634325,150180.45437659702,1630.834452931822,9.080268853172925
ETH,1980,4.080674103022982,0.06638328497411032,20.925988517171888,1.0,0.0,0.0,0.0,2.0,374845.6748615835,24.9133502844621,153360.3513861135,2151.1880461738797,10.703017399414787
ETH,1981,2.532119352771306,0.1430192014981588,20.628152481239567,2.0,0.0,0.0,2.0,4.0,808089.8136282018,16.14430253637071,148368.08108229708,1192.0158127818931,9.791995134002725
ETH,1982,3.716440797542411,-0.029651357893610564,29.3447677703301,3.0,1.0,2.0,1.0,1.0,32932.20687065008,15.659797598986088,160828.35264123615,1515.6655831534429,11.566758860502304
ETH,1983,4.437328743126787,0.21742069143491352,30.125887368108646,2.0,0.0,0.0,4.0,1.0,282645.32995723654,22.475082623355107,154953.16168544057,1641.4886546925393,10.523184491349552
ETH,1984,5.264997878348797,0.169953257357673,21.498542791944903,1.0,2.0,0.0,2.0,3.0,334885.9732188988,21.545128674586167,226355.90937170852,1764.8264325898867,15.270249215294692
ETH,1985,4.558873783862604,0.29140949720300435,27.731475866766015,1.0,1.0,1.0,0.0,5.0,45450.20142863724,22.02850834158389,209557.6196962079,2408.8775085767384,13.431115994359843
ETH,1986,4.036074102732724,0.2364821148986675,34.22609713133715,3.0,0.0,0.0,0.0,3.0,146643.35062570657,21.961246252952215,198689.7699399742,1559.3910621485625,12.558492077162228
ETH,1987,5.75024513809645,0.07910973970230956,30.087717764972385,6.0,5.0,1.0,2.0,3.0,85242.37943837396,23.235407412856873,209046.1723071805,2413.311992478852,12.862776117654445
ETH,1988,5.311575657331768,0.3081082137147524,31.281769549309477,3.0,0.0,0.0,0.0,2.0,1499137.9253560135,24.588358174894637,215909.7110648394,2055.5914511994797,14.983172759106516
ETH,1989,5.278681015015232,0.4448448055273977,33.04414230697958,5.0,4.0,0.0,1.0,4.0,288112.9497304983,28.933143734348036,230583.55161853295,2538.607335294395,16.243901220685867
ETH,1990,5.891001400914896,0.32850031847330285,32.1977575655796,1.0,0.0,0.0,3.0,1.0,142019.02805200484,26.941179323287635,256647.65827189185,2710.958690712275,14.169287718599117
ETH,1991,6.431158575355696,0.4089295024537078,31.987020013376892,5.0,0.0,1.0,1.0,3.0,417737.1789345161,31.19800088797692,220383.17395454124,2980.3800370920694,16.714985366548305
ETH,1992,6.475362786984024,0.4656437154158865,40.123068142460774,2.0,2.0,2.0,0.0,4.0,420217.2068558518,29.621781567046366,269151.9370475932,2821.8213318927374,18.435363025700333
ETH,1993,5.837888460502114,0.28714691650917584,34.11478357496376,6.0,3.0,2.0,2.0,3.0,169606.97479777667,30.38833611462883,284375.9912934141,2959.1998374003565,18.55164615046921
ETH,1994,7.900721154503299,0.6916080622149213,40.55256163589449,2.0,0.0,3.0,1.0,5.0,2066804.4731250936,29.642933361422234,299537.77390789986,2632.197841169277,19.636740879478033
ETH,1995,8.391335457556593,0.5238248755311934,43.33941529198686,3.0,2.0,1.0,0.0,5.0,682803.3020985497,37.836304551049814,315963.78159620403,3761.3923104523124,21.516145011390005
ETH,1996,8.299672666616862,0.6735089245590966,38.65474956403687,4.0,1.0,2.0,0.0,8.0,214769.53990161227,34.088234315394885,323977.93036311475,3406.595004444954,15.725231770355158
ETH,1997,7.529990119439642,0.6621643445772092,41.098717601920626,6.0,1.0,1.0,1.0,3.0,461265.75347546604,35.0657001591939,344532.93277475465,3543.5974201886265,21.015032160747413
ETH,1998,8.318848900947721,0.8045686943129288,47.5316720273596,1.0,3.0,2.0,5.0,4.0,539285.5329741152,40.23130641553612,341929.82557357854,3795.0434274056647,18.027321236645044
ETH,1999,8.672169523930606,0.7700036939942526,46.87970443181779,7.0,0.0,2.0,1.0,5.0,84490.24154428823,37.929866398053065,380414.4866680091,3625.6116148083515,21.843497612946777
ETH,2000,9.251480428243156,0.7508997840863298,45.00971466430303,5.0,0.0,4.0,0.0,3.0,947267.8990500883,39.083885645395284,382211.11805970507,3835.5823586674637,24.288377617425343
ETH,2001,9.51228699535675,0.728934961550646,50.51862778815882,2.0,0.0,2.0,2.0,3.0,800129.6655086466,38.89609838394153,431415.9460144832,3994.329088238642,22.827252537765744
ETH,2002,8.915885075941066,0.8934677097089992,51.44257848358664,8.0,4.0,1.0,1.0,7.0,655303.8954695798,37.84189431564938,402002.280995585,3565.4985819381336,22.21048981691011
ETH,2003,9.584249749927222,0.7074606685517246,49.96438088466719,1.0,3.0,2.0,5.0,3.0,119021.8549162471,43.10028371341622,374539.7848190969,4118.122847335579,25.159180709179267
ETH,2004,9.988050951077454,0.9351654553158022,47.85879385824492,2.0,1.0,3.0,2.0,5.0,70306.41095759592,37.91147952847252,397377.9894514345,4557.928372349117,24.656932632390625
ETH,2005,10.739204311461291,0.8201955817854402,49.8451020510027,5.0,0.0,4.0,5.0,3.0,97070.78402179645,39.59318520656541,396312.34319172485,4553.105922189556,25.15681741098127
ETH,2006,10.473302689439347,1.0314121091708104,52.3168861165847,5.0,0.0,2.0,4.0,12.0,48328.61564664842,40.692471975032674,416375.9096385511,4570.521546529954,28.316902473490316
ETH,2007,10.677357046780273,0.9657595392793601,51.805249672954545,5.0,2.0,2.0,2.0,8.0,1416180.5084239384,43.61439479075134,450313.51871041406,4722.987653658867,23.56514574010085
ETH,2008,10.416913064703774,1.0245681975872285,55.25483970056275,6.0,2.0,2.0,3.0,4.0,972637.8019320017,43.581067596219114,421136.2377148415,4037.295596814499,25.13726952196386
ETH,2009,11.314766553317538,0.9983855461251809,49.670141081576766,13.0,1.0,2.0,2.0,7.0,49249.23482967371,39.95406572574529,420891.44405596016,4265.14469105931,26.88351804384845
ETH,2010,10.864780004422357,0.869085157153332,50.30419507622852,3.0,3.0,2.0,5.0,3.0,594884.2002805463,49.85001513704929,453399.11110466084,4225.559894885789,28.368921667217407
ETH,2011,10.250261007900649,0.9565867530153922,54.99733671892543,5.0,3.0,3.0,1.0,4.0,150066.9027594483,46.800269269316054,425219.91750073456,5308.59654556462,25.600639574501507
ETH,2012,11.659807107945603,1.0941903644174145,53.783614509498484,4.0,2.0,3.0,0.0,7.0,9409.275070164325,44.406524698068225,428410.06955244346,4588.494552172422,26.631777659624387
ETH,2013,11.353380330039094,1.067535727765018,53.87623041251284,4.0,3.0,1.0,6.0,12.0,189361.19989807153,46.87446953537095,464059.90749519604,4239.370852682283,27.35270790412802
ETH,2014,10.788763678171016,1.1614028780341779,51.421223377367895,8.0,3.0,1.0,4.0,9.0,321829.06650227896,47.262950557234134,413797.61993646773,4350.1964171107775,27.45816675814638
ETH,2015,10.851922473501135,1.1108888770089844,56.255955610933285,4.0,4.0,3.0,4.0,12.0,11385.92556215461,45.84357045214227,450102.8563307925,4668.637192825864,28.852433216474243
ETH,2016,11.375439104507452,1.0120423761944326,56.411191212830744,3.0,5.0,3.0,4.0,7.0,222954.4358657291,47.77496039668744,486853.0569582416,4354.756949595694,27.99390997075844
ETH,2017,11.5421376626234,1.0355574992911551,58.48502965202953,4.0,3.0,0.0,1.0,7.0,695973.5051399459,48.0788115944653,422827.95382282237,5143.165666518194,29.146169391490563
ETH,2018,11.454215029900954,1.1165147098036692,57.30605653785899,4.0,4.0,2.0,1.0,4.0,151705.6408386776,49.876106064116065,427461.8438138192,4916.348296346075,26.71088117316924
ETH,2019,11.579236511827855,0.9314307737945231,57.06081165047787,7.0,4.0,3.0,0.0,10.0,393052.996616982,47.808476358795254,438197.4017331677,4828.45363850375,28.742212833184634
ETH,2020,12.432077948839403,1.2579939537657323,60.57120793309751,8.0,3.0,4.0,5.0,11.0,1311312.925857749,48.58951776046693,408191.7620226107,4529.501509744145,28.7204791576842
ETH,2021,12.12040388071257,1.1663681310044667,54.56346899432432,6.0,3.0,1.0,5.0,11.0,17497.09443806368,47.590222564176116,525811.295589885,4486.94833476644,29.97414698165867
ETH,2022,11.6592096528146,1.2354976112890872,59.38268690728073,6.0,2.0,3.0,2.0,5.0,947152.3478933155,47.262345574209334,483462.3866990662,4897.975313873971,32.43108591941528
ETH,2023,12.132184907305987,1.0166377818990486,54.04357262437982,11.0,2.0,3.0,2.0,6.0,301498.12850451947,46.667895722103815,465522.1100065961,4865.116825515829,30.342811781875675
ETH,2024,11.034900911439484,1.2478924693109,56.28932206507545,8.0,3.0,5.0,4.0,6.0,490789.9598146466,46.73760862010057,451695.1993956663,4546.622512584809,28.11076749954721
ETH,2025,11.891717400078818,1.33162034368005,55.502745630873896,5.0,5.0,4.0,2.0,7.0,167342.16855715477,47.6350453058538,540293.4878284192,4849.577441018519,30.06582973791004
FIN,1960,1.6028354318448916,-0.2643896937477206,10.404863429983715,0.0,0.0,1.0,0.0,1.0,119297.59513352372,9.023165360141915,32890.23422020371,611.6826031365704,5.159695461711464
FIN,1961,1.3454027334780227,-0.290508073731566,13.43860898698085,0.0,0.0,0.0,1.0,0.0,87126.33667398336,7.333303826329823,11959.944081855412,459.099728041613,3.94767348686776
FIN,1962,0.7876473196768039,-0.12621528434999899,8.47744482318187,0.0,0.0,0.0,0.0,1.0,427757.8589677809,5.510402165249278,42008.03573349155,1067.1008157075926,4.684791708051798
FIN,1963,2.2449973579059295,-0.3674206017485916,14.283430876453192,0.0,0.0,0.0,0.0,0.0,250711.16183444092,6.507308402660398,13753.816972396435,563.4282143416697,2.743467019364589
FIN,1964,0.6087506556885122,-0.24793039128824707,11.242636517668116,0.0,0.0,0.0,0.0,0.0,152189.94736471443,7.496086335821265,26009.108650689792,513.1700851784267,5.594474668843078
FIN,1965,1.9008827200700518,-0.3209629927509314,12.230822454975971,1.0,0.0,0.0,0.0,0.0,397271.99167471717,9.735602265145975,48772.03917140956,594.1469088102194,4.7789951977643526
FIN,1966,2.03182084255482,-0.33646664456881575,11.40541860009655,1.0,0.0,0.0,1.0,1.0,179513.26182920512,8.011694168869695,40526.50996405538,520.9541342220575,4.539160406897427
FIN,1967,1.162307431451775,-0.2550726333390279,16.386526115879647,0.0,0.0,0.0,0.0,2.0,735234.3062300332,3.5902221516245234,79292.86721462119,918.4021342462539,5.992421581468684
FIN,1968,2.447798172413368,-0.2294110190559409,17.505785349667413,1.0,0.0,0.0,0.0,0.0,410334.9470470682,11.257889046046738,34298.00243567629,646.8504293627317,4.332065553703938
FIN,1969,1.610836697855151,0.00800879831778814,15.513304096426918,0.0,0.0,1.0,0.0,2.0,173890.72529084957,11.361606012259681,2342.3670651083303,783.1806137262105,6.8673357202686525
FIN,1970,2.0368324400902695,-0.2240069900192681,13.799079337766578,0.0,1.0,1.0,0.0,1.0,576410.6179010434,7.966661928250959,93167.64380397915,1174.2942990873591,4.410528868164814
FIN,1971,2.1459325124679274,-0.2822407393779781,20.47923130840955,1.0,0.0,0.0,0.0,2.0,97468.1090032586,8.304947611005515,67109.64861405051,1163.1527372794471,5.68962099109554
FIN,1972,2.054059720010044,-0.15119743875966873,15.216527925637747,1.0,0.0,0.0,2.0,1.0,289696.23831463646,14.423257488362143,74155.52837096025,726.101440649626,4.66072964110145
FIN,1973,2.742565305527524,-0.31882677887005395,12.318182504358138,0.0,0.0,0.0,1.0,1.0,46497.238731408215,11.409594380214578,58407.230634235435,1303.4652266549888,4.717522719798839
FIN,1974,2.8880445852773913,-0.13858595882262045,19.545053268196448,1.0,0.0,1.0,0.0,1.0,575605.4726924122,14.254718026610359,37826.134772108344,756.6513544672954,6.051420154681955
FIN,1975,1.5924876391611438,-0.10683713932621701,16.359339506214027,0.0,1.0,0.0,0.0,0.0,74834.98205866209,11.647713302430564,71600.40095609691,804.6290117446292,6.8826710629395755
FIN,1976,3.5248809212312477,-0.019926191058113857,22.362327555818847,1.0,2.0,1.0,1.0,1.0,803673.1797513764,15.37609509904343,113931.93244233468,1152.9854452965585,8.3113401103574
FIN,1977,2.006964801890063,0.020553807086133996,19.755406606188522,0.0,1.0,1.0,1.0,1.0,4755.647504197591,12.561006582907714,102849.45759530517,1375.4143978757484,7.096352465999415
FIN,1978,3.7556790572577503,-0.0699252231110456,23.083043926409612,1.0,0.0,2.0,0.0,3.0,326379.4704389712,16.36652606256188,108208.79526786061,1335.147121636072,9.302977199434107
FIN,1979,4.019864239332008,-0.012465290122582911,25.990745586624513,0.0,1.0,0.0,2.0,3.0,47556.116502311896,17.04130984712404,83222.38164408955,1576.9227294178036,8.544789293192157
FIN,1980,2.965520648381205,-0.030983392256861524,20.42492390694795,2.0,0.0,0.0,0.0,2.0,441963.10456776706,12.457027948855528,180393.24796405484,1475.5109821637354,8.838661454679393
FIN,1981,3.5878625042385677,-0.02776420858462192,23.037682041518785,2.0,0.0,0.0,0.0,1.0,208204.7666274633,18.28622145703025,143756.7705798203,1174.596420372591,10.974632645118467
FIN,1982,3.4295132826530437,0.12083241254627088,25.31209826197672,2.0,1.0,0.0,0.0,2.0,757281.1230637875,17.334265852582742,214133.6815369244,1712.319720447026,9.918501191849696
FIN,1983,4.1922610276500665,0.029012720643206258,30.434489689177553,1.0,1.0,2.0,1.0,3.0,404901.642601698,22.390811959374798,175725.31678945036,1502.1780986336244,13.846029279974275
FIN,1984,4.397832764996551,0.13377975799297823,26.071227893859113,1.0,1.0,0.0,2.0,3.0,482514.4723899,21.474656723113814,216516.81755207936,1966.1545348318728,12.526888109969402
FIN,1985,5.290022497233543,0.12445115328509367,27.390774200034752,2.0,0.0,0.0,0.0,0.0,43327.66195286977,21.43290458670834,171483.9255909965,1780.014409230088,10.656503502770914
FIN,1986,5.868519437725577,0.2860743987232976,31.26096843326692,4.0,0.0,0.0,0.0,3.0,35033.687146852404,26.476475547239666,163471.16665181314,2307.738076954357,13.069877479857727
FIN,1987,6.196429247870147,0.4250063810426647,29.834802345140623,0.0,0.0,1.0,0.0,3.0,670047.8443585135,19.86784876730011,208700.07906595277,2618.46891562003,13.009512933573436
FIN,1988,5.353662415623981,0.21613856567576895,32.88961484162015,3.0,2.0,0.0,1.0,0.0,92120.85227457243,29.59387802637513,239605.0938598411,2009.4577568190593,12.30683697138769
FIN,1989,5.842436766589087,0.21179182140189048,29.87219707363268,1.0,1.0,3.0,2.0,4.0,741236.0518200921,30.5957004323987,254717.2265894146,2052.7562282108215,16.78161501201715
FIN,1990,5.2820230394729535,0.39000904917199464,40.53582485639149,5.0,0.0,0.0,2.0,2.0,57666.966046380294,26.623199226281383,260343.38952367016,2579.4088371517814,17.513262143670264
FIN,1991,6.073885367772501,0.4412225236429247,32.879686298173496,3.0,1.0,1.0,1.0,7.0,141074.29098323872,30.62295799815806,320144.31886022264,3032.802054924497,15.684746961396051
FIN,1992,7.377880658124535,0.4972271402405486,36.68731810564838,5.0,2.0,5.0,0.0,4.0,1030146.891743572,30.83459972464761,285143.3412446679,2920.8784449063382,18.390223415271166
FIN,1993,8.035049066874313,0.48340238567990684,38.640923250977714,4.0,1.0,2.0,1.0,4.0,727750.7408053123,25.258237059240194,279910.25569743477,2899.6115404120887,19.312143883051895
FIN,1994,6.675157489962243,0.5418491122738887,44.71610334151459,1.0,3.0,2.0,2.0,4.0,22586.541165361796,31.69001883575849,293918.12592158426,2861.0244329438992,18.745551103533398
FIN,1995,7.317615359808413,0.6253357627662155,37.81085210776089,0.0,1.0,2.0,2.0,2.0,245183.35766786867,30.16431329837249,291514.39178041084,3395.5775507102667,20.762053634548113
FIN,1996,7.909864211345264,0.7162845613728598,47.242075649986646,3.0,5.0,4.0,1.0,3.0,1010720.8713422606,31.003026681517806,330497.1897732421,3695.8670424836614,20.490695148446523
FIN,1997,8.345252046255185,0.5126965338436031,45.30233066116336,4.0,2.0,1.0,2.0,8.0,6355.994104580712,34.42389159335142,361410.7526543065,3001.179153550387,22.312879111925408
FIN,1998,7.969184509012598,0.6744440146816629,45.54146236743874,5.0,1.0,4.0,2.0,7.0,49384.04057493402,35.48233385692437,380451.35782671324,3611.923636235237,19.67782496235714
FIN,1999,8.919754380754396,0.7546239077152912,43.085890913705306,2.0,2.0,1.0,2.0,6.0,458513.8230665779,39.72831516572158,348357.99293171207,4239.514186219557,22.113741947886666
FIN,2000,8.63471602967928,0.6962556374391489,47.98078203659543,2.0,1.0,5.0,2.0,7.0,49910.897708917204,36.20452393289484,364479.465500614,3593.653084788488,22.751784919181805
FIN,2001,9.119681158588842,0.9389097394935724,45.70428872370639,2.0,2.0,1.0,1.0,6.0,272545.08319762495,37.87336798774299,359372.0567025036,3781.3969805754605,21.388200346047547
FIN,2002,9.65214845284083,0.7788068631801293,51.59289230794691,5.0,6.0,2.0,2.0,5.0,329646.1390153914,42.660117401311524,408653.385249324,3903.9350732421435,22.033504881860278
FIN,2003,9.540795110130714,0.8540325579075113,46.864094079358594,3.0,2.0,1.0,1.0,6.0,929846.5679521211,39.949245319337734,362328.89677702903,3897.428318380628,21.785709209353406
FIN,2004,9.474192831370914,0.9279759894411141,49.82629819178887,3.0,4.0,4.0,5.0,6.0,1514729.0700961794,39.94370253043124,383275.88852140476,4328.075180740008,24.524432968617834
FIN,2005,9.839080838969549,0.8608163788056784,49.490541089649255,5.0,3.0,3.0,2.0,7.0,349982.7040806228,43.71877738288304,305234.20337951987,4565.963799551651,24.275604466970343
FIN,2006,10.017402727497064,0.7835035723899259,49.13211185062874,6.0,4.0,4.0,2.0,1.0,353472.3268552735,43.63474982324591,386755.2261570211,3809.9136206758444,23.48944431852098
FIN,2007,10.010893109357127,0.9185632137130219,54.13003628809305,8.0,2.0,3.0,1.0,9.0,652010.8796226957,43.27390341214583,408174.80969896517,4054.433596590118,27.379134803882287
FIN,2008,10.219905017610808,1.055393540633383,54.2460936234997,6.0,3.0,4.0,5.0,4.0,109048.41313428467,45.69581864148167,416472.5027991408,4626.152077096023,26.588594684725113
FIN,2009,11.422974667865736,0.9648748308763923,56.5171017791026,7.0,1.0,6.0,3.0,5.0,1463398.4482974024,41.33785695744749,402768.5787349618,4529.5641351050235,25.342593663488454
FIN,2010,10.951695079311857,0.9415605806478935,49.590166128373696,4.0,2.0,3.0,3.0,7.0,629.812962482435,43.32663080227733,412327.9110653856,4542.37442586334,26.946856927059212
FIN,2011,10.575485373383685,1.099498862847237,57.205585696071964,7.0,1.0,2.0,2.0,6.0,956.0936239827696,49.586901249690754,477036.852896377,4650.933045731835,26.61211316625755
FIN,2012,11.253618157717293,1.0139372257266597,61.27609780740798,2.0,3.0,8.0,0.0,6.0,530608.211187533,38.68369955236253,430765.3364987805,4553.763062293695,25.01964609825347
FIN,2013,10.760139741719449,1.0133903972842129,54.314749226314824,5.0,0.0,6.0,0.0,5.0,228727.7126680141,44.38562404468694,409388.46066867694,4684.80041000262,27.8319677582193
FIN,2014,11.718060656932211,1.078880172782789,60.57923670557631,3.0,3.0,3.0,1.0,9.0,281767.5509909295,43.59449558686,432477.8572715734,4532.6105928546285,29.966965411812104
FIN,2015,11.340175190269603,1.1402869287355135,55.54918781878826,7.0,2.0,6.0,3.0,7.0,140796.89550062298,46.746173106163376,436459.3435984079,4589.88380330517,29.852781249759214
FIN,2016,11.143209433249082,1.279915609989249,53.11205463892939,5.0,1.0,3.0,1.0,11.0,298631.49963656976,48.2498838118625,463744.7388991547,4652.668945111636,28.208859715032226
FIN,2017,11.53324363768545,1.1654215189213997,56.08725109113319,7.0,6.0,3.0,0.0,10.0,1016494.019087226,49.65686335474863,477548.7233357718,4608.2971185355655,27.626359155210533
FIN,2018,10.437518189723622,1.2010685158728778,59.75430112424475,10.0,2.0,2.0,0.0,5.0,702862.3422699057,46.497048345964956,437623.3834045255,4840.748369224262,29.18293482333193
FIN,2019,10.752342729975059,1.0760770031555031,55.296880640250286,8.0,3.0,3.0,1.0,8.0,58916.90729685225,45.57682082389308,481467.9135608496,4824.8210477271205,28.912860154927845
FIN,2020,10.768095579778526,1.0420491544383352,56.12785969360545,9.0,5.0,5.0,5.0,8.0,35009.72420439176,44.6004787582656,511257.98097115057,4338.549378271174,28.478018606999566
FIN,2021,11.586458847666641,1.136014900063792,59.32848583367867,2.0,1.0,2.0,1.0,9.0,428658.1456315003,48.16800467587862,503839.31730373006,4749.625346874731,31.39717109202282
FIN,2022,12.545790312541138,1.1459084367459451,58.049364152008216,3.0,7.0,4.0,3.0,6.0,805606.739900225,53.0239644751661,494907.91356059845,4820.78826628284,28.348810279987106
FIN,2023,12.873928907425448,1.0568050778546143,59.68299791758504,3.0,2.0,2.0,3.0,3.0,679832.7119986326,47.07697829197943,492422.6523489675,5192.399273881934,30.34397297924291
FIN,2024,11.995481539296254,1.1343036940901583,58.97980061697331,13.0,1.0,2.0,5.0,4.0,1257444.7736330668,48.38519787593674,475978.4864391256,4780.831797349435,29.297128923036297
FIN,2025,11.950894919452466,1.1850458389353606,59.733451761311116,4.0,5.0,5.0,5.0,8.0,91176.24430724805,48.987381359825186,520774.134753855,4884.897624405201,29.38741906763042
FRA,1960,0.06034518731476335,-0.3698582862723781,14.29387279748403,0.0,0.0,0.0,0.0,0.0,20538.100140472845,6.049645875890472,15475.087134520043,901.1895082502368,0.8207337271643995
FRA,1961,1.8782425905469164,-0.28994569824859584,11.289205499821836,0.0,0.0,0.0,1.0,0.0,37650.27283474534,6.096649499067846,29246.491890073787,601.4591032618821,3.8140737818634065
FRA,1962,1.0933676118167355,-0.23363107277452444,12.853442214875376,0.0,0.0,0.0,0.0,0.0,134972.00542151075,7.569955443673404,35450.885143059,511.6185542909551,2.661342431082084
FRA,1963,1.9359379740402,-0.3170602863709342,14.14557721391186,0.0,0.0,0.0,0.0,0.0,507381.99316892435,8.612745124713582,19632.713744781788,326.9874618536895,4.970627076065657
FRA,1964,0.378295930141727,-0.2041647701934942,15.41988372294328,0.0,0.0,0.0,0.0,0.0,15635.848732892007,9.09148656664756,25484.092453647798,921.9530618209844,5.847798319543971
FRA,1965,1.0277284320458813,-0.16241757232711598,9.348706595136676,0.0,0.0,0.0,0.0,0.0,255027.61700321446,9.352293289704198,63641.15906352368,784.8944990416401,3.763471462308416
FRA,1966,1.4595011370180626,-0.3402293591355978,15.945498949418482,0.0,0.0,0.0,0.0,0.0,44833.50911048875,10.160055923437913,29771.560207151906,902.4359569937947,4.558335443255695
FRA,1967,1.5749278930855726,-0.32115691867993257,13.971837906113494,0.0,0.0,0.0,0.0,0.0,22565.226058007487,8.965059869051126,24313.61387486295,664.2357486816488,5.486450181587881
FRA,1968,1.388342978775814,-0.2516292221209307,16.75616873314521,0.0,0.0,0.0,0.0,0.0,105449.46446350867,12.390339860522442,95259.5167525141,925.4891727317276,3.654968412725753
FRA,1969,2.112752154849361,-0.20083607263188358,17.39717029066772,0.0,0.0,0.0,0.0,0.0,190268.0783820329,6.282486853959876,25368.74765149878,1160.9354804142345,5.067629188703349
FRA,1970,1.2569518563593598,-0.25124068586597603,19.979933753903772,0.0,0.0,0.0,0.0,0.0,394777.66411335894,4.621443325744098,82522.41411855792,1000.1422415235085,3.1711707204114887
FRA,1971,1.9143792512872315,-0.08365022670983185,19.8890578372029,2.0,0.0,0.0,0.0,1.0,234130.7636084758,12.52155200231908,60898.90657400995,663.4190566887602,7.105080797124731
FRA,1972,2.200457234589951,-0.13911294723774348,20.458982401550127,0.0,0.0,0.0,0.0,0.0,162388.5157231434,10.638079739813705,41463.238247399684,1088.8827183004069,8.332365401648138
FRA,1973,2.57215287804443,-0.14969981200708532,21.332439052092333,1.0,0.0,0.0,0.0,0.0,83260.62154187445,15.814935393880813,68677.5551285241,1203.3635931905492,6.464946504807655
FRA,1974,2.8409671258609803,-0.24610217812376142,19.12752820534364,0.0,0.0,1.0,0.0,2.0,88253.61942146468,14.905130239150438,79193.11248000672,1483.5755822861506,5.650961401661663
FRA,1975,1.951224320966323,-0.21338442722403045,19.201738907909917,1.0,1.0,1.0,1.0,2.0,386449.1091000314,14.533980307003919,51358.62538062347,1294.8716699429485,7.47402490463733
FRA,1976,1.892769633403327,-0.06101348167118627,22.072848280016746,0.0,0.0,2.0,0.0,0.0,32698.53466761269,12.806536811983936,110385.09584830195,1488.591935625391,5.753992543553167
FRA,1977,3.697561867602219,-0.2279436229604807,22.538453226454624,0.0,0.0,1.0,0.0,1.0,43950.17301659728,16.158060323756406,116030.74844420186,1451.4049849904325,7.386307084900068
FRA,1978,3.3530455466495623,0.05137133917309758,20.80109523320347,1.0,1.0,0.0,1.0,2.0,362527.0153216799,14.524465303992514,107815.11836008902,1069.5154470266484,7.895838490464333
FRA,1979,2.9416290271361287,-0.013068476501973894,23.49905324226479,0.0,4.0,0.0,0.0,0.0,949242.0272029983,16.372483637568802,137432.1854990873,1668.6828855062013,8.2623014134721
FRA,1980,4.484738731680395,0.2897537117595709,23.359329901538267,1.0,1.0,0.0,0.0,2.0,38429.864124801774,16.368206755270933,140294.05125633886,1592.2175005924134,9.837245789068204
FRA,1981,3.890593634530848,0.24711409584928248,22.31769259759966,0.0,1.0,0.0,2.0,2.0,289092.4470439494,18.590353347368918,177513.33818681017,2127.8243172128355,10.700926117816376
FRA,1982,4.743389347869157,0.08152490465601876,28.72742779706025,1.0,1.0,0.0,1.0,1.0,86111.39376762853,18.38663200769547,128807.51474976075,1418.8910521731075,10.700675478449503
FRA,1983,4.354663746876902,0.12239260432842901,26.728609497916917,2.0,1.0,1.0,0.0,2.0,8415.752380846858,22.183091027091773,159273.84808364767,1593.4631100135293,12.552014498459071
FRA,1984,5.759882535210495,0.24659643115888968,32.838955332957354,1.0,0.0,0.0,0.0,3.0,589177.3011030953,21.964020376072757,202795.2431321998,2135.8837855011916,12.46810780174395
FRA,1985,5.851038675583515,0.34031887887047574,24.813302764407688,3.0,2.0,0.0,0.0,5.0,239795.83847074333,20.843663457634463,202898.9957824972,2429.669486089114,11.879457199486254
FRA,1986,4.971937523331334,0.11105741922519544,28.673670062268986,5.0,0.0,1.0,0.0,6.0,8342.08085729159,22.05237332360996,143830.3129079449,2157.9056646874046,13.085506240188632
FRA,1987,5.952564353464676,0.13798193587297067,31.35947125114423,4.0,0.0,0.0,1.0,4.0,795987.8067317978,21.292527826557386,171705.92535287642,2273.0984026695446,13.802354894281578
FRA,1988,6.048000201917965,0.270502819855685,35.351752878448394,1.0,3.0,0.0,1.0,2.0,276189.33456779073,20.864834760477656,225651.84538697446,2464.460131207729,14.068103482767656
FRA,1989,6.749702489573291,0.4066523066876052,34.749714057558464,2.0,2.0,1.0,2.0,1.0,490927.6346742878,28.47469069133736,278948.8331168911,2418.823978137428,16.014091057844297
FRA,1990,5.69516901016644,0.4397498872406078,35.77618188545188,2.0,1.0,1.0,1.0,4.0,206545.60674834173,26.69864864689879,239728.23756696293,2882.0712943870826,13.015976012458792
FRA,1991,6.931740245506912,0.525548416365012,33.43079989256164,2.0,2.0,0.0,2.0,3.0,78192.16176297146,25.88504577130129,279155.6055149857,2653.987642351383,16.744370676767826
FRA,1992,7.431685049032009,0.38375859343074015,34.59934637255022,3.0,2.0,3.0,0.0,1.0,244358.67544685228,30.74251654750279,277428.07576215925,3048.798121519775,17.82838149755137
FRA,1993,6.094813738640788,0.3338165178611443,39.52838749130771,3.0,1.0,0.0,1.0,4.0,134838.87336047,29.226632310562202,302090.2392454592,2688.9141332837135,18.923064415452302
FRA,1994,6.704534446510378,0.6265413918040948,36.5241180210767,5.0,0.0,1.0,2.0,3.0,142568.9611218206,31.7850149075162,326459.9978717035,3517.687419074605,20.31492371414108
FRA,1995,6.485723806609269,0.5296792280857486,39.793272184369414,7.0,1.0,2.0,2.0,3.0,425898.92847066134,30.10320459097651,335164.89402472693,2727.2731908074416,19.231913506965796
FRA,1996,7.770138591791026,0.47157106081018163,43.53510863400441,3.0,0.0,0.0,1.0,6.0,41497.6364423389,35.514966941068394,345862.5647255641,3084.719628017371,21.242849274804463
FRA,1997,8.59674617701659,0.6807055351458163,40.95357792771637,2.0,1.0,3.0,1.0,6.0,216256.0829222849,35.26657366129083,319082.8959131252,3970.0414596268033,21.564041994250157
FRA,1998,9.29856183792276,0.7674132248616742,48.51211396228514,4.0,2.0,1.0,0.0,5.0,344120.0893985136,37.17325525351211,341524.16201239225,3566.619909090705,21.689225662376188
FRA,1999,8.718523778928915,0.727754633630304,48.60731599184492,2.0,2.0,3.0,1.0,7.0,547541.9785374469,36.03046173724772,368700.6198356469,3486.408812448824,19.95864964958353
FRA,2000,9.84362759294855,0.7330658549134086,42.6243789356545,2.0,3.0,5.0,1.0,3.0,450953.54094981775,38.45367138609297,377835.13596982905,3435.855604597927,23.996302279351955
FRA,2001,8.33443287587029,0.7876671903805158,45.18207717180092,6.0,2.0,3.0,1.0,9.0,994477.848857733,35.487126774284405,390217.9472858726,3723.747438271387,23.142149928572163
FRA,2002,8.358590107609487,0.7999930326063656,42.71179606371351,2.0,2.0,0.0,1.0,10.0,2268056.6017360715,44.701266753558166,340363.7113513695,3980.161075160511,23.165836313087368
FRA,2003,9.505162378123869,0.7494922039128805,47.3352707457576,5.0,3.0,3.0,4.0,7.0,1309469.6111681857,41.29576896017533,422998.40115267347,4107.798911991153,22.383607135758425
FRA,2004,9.945952351563792,0.8263197675344962,52.02516561936008,3.0,3.0,1.0,1.0,3.0,693393.2783654126,44.940135344937815,358792.16482101474,4145.996301059434,21.039330315838424
FRA,2005,9.883306996072799,0.9498215543109352,49.84398645399504,6.0,4.0,1.0,2.0,4.0,564725.3023365175,41.19211692071152,390234.8367718945,3722.8327304989375,27.555280129390482
FRA,2006,8.879432221517202,0.9569636995243993,52.752912365736144,4.0,1.0,1.0,2.0,7.0,17856.936293560935,40.07862744219905,421050.32086258684,4243.135396890472,25.726112547531393
FRA,2007,10.172405428819497,0.9663003603436902,48.4709009501189,6.0,0.0,3.0,4.0,6.0,383153.5935462762,41.94309047596772,422188.01938814466,4353.67371874355,24.12518514204533
FRA,2008,9.618642790854102,0.8934264176109494,54.90238489143038,2.0,2.0,1.0,2.0,12.0,555798.977994038,43.51811230932138,464613.42234119464,4415.22855389828,24.26322360756425
FRA,2009,10.888814260402796,0.97730618804835,52.106803212029234,3.0,1.0,2.0,3.0,6.0,275635.16148887726,43.88281526591865,405864.77370432904,4395.414082691574,25.966831755284442
FRA,2010,10.839960388251333,0.8351101210491834,54.07027810460138,4.0,6.0,7.0,2.0,6.0,255046.2363719068,48.824383656562084,431433.6129871331,4150.936056034473,27.793565396813445
FRA,2011,10.204955679112222,1.0397232191978505,54.31297268673672,6.0,3.0,2.0,0.0,5.0,416434.320507958,43.16525427570299,396427.038159273,4270.683476332055,27.828928489799715
FRA,2012,10.55739589765502,1.1547078340335895,51.83360424178503,4.0,2.0,3.0,2.0,7.0,1280497.3651314778,44.15049064060167,453507.93539838295,4816.250195738288,28.161733174229493
FRA,2013,10.343038173243007,0.9362726918128619,52.56114111990774,7.0,3.0,3.0,0.0,10.0,165542.33721277924,47.50372577813427,449337.88343041966,4389.43459787294,26.20621709022955
FRA,2014,11.007473509387818,1.0200494717443038,58.26085134781245,3.0,2.0,4.0,2.0,7.0,282634.61859440844,42.687234024563686,427558.8787480407,4439.412255962808,27.4207843975417
FRA,2015,11.676837764043912,1.104955454262821,57.20457139269207,10.0,1.0,3.0,4.0,7.0,595509.5115870605,46.49524460875923,494810.8724959752,4573.845537340782,28.053891858857288
FRA,2016,10.638115689408576,1.189605938204844,59.16820158671623,3.0,4.0,3.0,2.0,6.0,117308.18418106757,47.20764205952958,492445.75953042955,4389.14093610732,27.984716232913964
FRA,2017,11.5656331517673,1.063384661004794,57.66297778590648,5.0,4.0,6.0,3.0,7.0,1040207.7928095309,48.141235892640836,470374.84809646365,4852.969669426496,29.00094994429108
FRA,2018,11.035873846598857,1.0529012922205383,57.491267792079604,6.0,1.0,1.0,1.0,10.0,641637.0777918585,48.20537714332057,499800.59515523247,4432.489013016718,30.598101625848532
FRA,2019,10.944332146047348,0.959040447681245,53.0772952994122,3.0,3.0,4.0,2.0,8.0,257304.4284599673,52.1254987201454,471669.1428947213,5009.619569708633,28.834220545361795
FRA,2020,11.393060001484113,1.1323936532605419,56.95278959921875,0.0,5.0,5.0,2.0,6.0,768441.0495516055,45.875120019667115,494142.52136668965,4461.071076229461,27.853226838380756
FRA,2021,10.909002232786369,1.2943944753057617,57.77617645193634,3.0,1.0,0.0,2.0,5.0,199015.1116217931,46.610379727141286,500023.8185109309,4731.694508623435,26.759073567003128
FRA,2022,11.23124583726258,1.1595235204823513,62.92448185584322,12.0,2.0,2.0,1.0,6.0,915895.962801103,49.60880571836364,453794.6603404208,4896.709184706355,29.14954951466896
FRA,2023,10.902151535126096,1.1413037788290852,59.93883211661488,4.0,3.0,2.0,2.0,6.0,45635.97838459293,48.90865995454123,493039.883674985,5018.598884877265,28.080448531470374
FRA,2024,12.758319107394744,1.1740938413438382,62.22537971935129,8.0,3.0,3.0,3.0,10.0,350555.19918855577,49.33696724979466,488085.8713058325,4795.3346332818155,29.695778097737136
FRA,2025,11.683185888743147,1.152213070481942,60.028232727169005,7.0,2.0,2.0,5.0,10.0,193367.91626136072,45.5193577672672,459821.98842893454,4697.090172941404,29.689755719648733
GBR,1960,1.0383556471550421,-0.27640331190935297,10.415408852623356,0.0,0.0,0.0,0.0,1.0,225025.11493076605,12.709677964911911,43191.51131666709,268.3490620494192,2.6835855921337863
GBR,1961,0.5838447117974507,-0.3672971668896839,14.740591419953866,0.0,0.0,0.0,0.0,0.0,29187.477881321756,9.390867069214371,7286.600877298977,626.2114882974712,4.385434188798821
GBR,1962,1.2028156437983832,-0.32715891753868775,13.484910164043699,0.0,0.0,0.0,0.0,1.0,58909.08538056881,10.223122951932712,21029.960183312258,462.0062673753777,2.3300986466317997
GBR,1963,0.8348256105359954,-0.2397077734836029,13.124506749566455,0.0,0.0,0.0,0.0,0.0,18989.2255294911,5.728672771638329,35896.42441203564,680.2231459939188,4.045822202593605
GBR,1964,1.8557856806636952,-0.2556548407677202,15.654330949843969,0.0,0.0,0.0,1.0,3.0,37790.14257508138,6.474568154014515,48087.86305213241,539.4514137291683,5.613996294124727
GBR,1965,1.287811075880571,-0.2572814402623782,14.994430484430547,0.0,0.0,0.0,1.0,1.0,282444.874545713,11.259809807616245,45911.59271209073,137.7913078922055,6.251827828933973
GBR,1966,0.9818251215244131,-0.29405346795132736,17.775043052824536,1.0,0.0,0.0,0.0,1.0,573212.0934716333,7.506209608136297,47545.252204144024,810.5196841110694,3.5933837762281176
GBR,1967,1.3631171927203747,-0.2245983731547137,13.406499894954957,0.0,1.0,0.0,0.0,0.0,226747.41523001864,6.08246352241231,58183.592180196196,1003.2367915730408,2.3300144883719027
GBR,1968,1.884566211084863,-0.2502978318164843,13.913437009665486,0.0,0.0,1.0,0.0,3.0,456114.83420763444,5.751999237999309,38307.414143921276,572.4053238692007,3.8028777597760715
GBR,1969,1.4304718258872633,-0.1888206372929565,12.202067893802285,0.0,0.0,2.0,0.0,0.0,83235.38624702948,9.421903754145452,37657.55611149023,1002.9945654684168,6.197660013168449
GBR,1970,1.3980568758036536,-0.24902988677405022,14.887694307674828,2.0,0.0,0.0,0.0,1.0,420632.1351402113,9.848211185534685,2673.091923355816,716.1143678265131,4.3005763294912995
GBR,1971,2.1363676017823248,-0.20643195896956673,18.917348453906005,1.0,2.0,0.0,0.0,3.0,96180.0518999617,13.10010621318919,81849.94426955823,594.2819896493961,7.1588468371170055
GBR,1972,2.2721430247431247,-0.25223491956338073,20.342521675679723,3.0,1.0,1.0,0.0,1.0,539013.6719200563,9.157767586236474,54678.754261064125,823.042409843619,4.93174419341922
GBR,1973,1.9848582226222495,-0.15565618466684336,20.124026174393407,1.0,0.0,1.0,1.0,1.0,395929.34592778346,15.050201231083472,127566.72014171086,982.790659298442,5.544737612245941
GBR,1974,2.160941545229333,-0.19610948530458677,13.913601076930187,1.0,1.0,3.0,0.0,0.0,1048127.0967452,9.830790360692522,103232.35121101496,779.2149867161963,6.461462511972605
GBR,1975,2.7313222377537385,-0.19724287792278933,21.829139221969655,0.0,1.0,0.0,0.0,1.0,460960.8398309707,10.540727954800474,115734.97790168163,1474.5635518892018,8.430330419051034
GBR,1976,1.9422367852153486,-0.06280132986529972,15.294509013890734,0.0,0.0,2.0,0.0,1.0,137118.46439785638,14.213252929297429,117318.45579988953,869.9903494973389,5.321790500263877
GBR,1977,2.1536060247440565,-0.040316790799480945,22.953544158177937,0.0,1.0,1.0,0.0,3.0,32363.010393061093,14.756989476213215,121109.03116016243,1179.3406166477857,8.388596029028529
GBR,1978,2.7488595625411465,0.03299024519745762,20.654299508621484,0.0,1.0,0.0,0.0,3.0,590988.3073924801,16.72063048360574,128382.03607701264,1171.2036440699283,8.848212415566348
GBR,1979,3.249276673421835,-0.0349062145181962,24.24332800507876,1.0,2.0,0.0,0.0,0.0,247672.50853369696,13.593071511140609,139818.59469713923,1791.9206317337394,7.60473348620979
GBR,1980,3.7715981959737963,0.06295050193893262,20.115950198763336,0.0,0.0,1.0,0.0,0.0,585877.6634745375,17.896762730514485,139567.17915097272,1209.7919778284552,10.028846682320752
GBR,1981,4.6724105445584465,0.10654460158188667,27.380443950515165,0.0,0.0,1.0,1.0,2.0,150552.20487634614,14.231418271273867,129855.86667262815,1852.4540689259134,9.841529162274913
GBR,1982,4.558447750373618,0.13162273482234768,21.838839078357154,1.0,2.0,2.0,1.0,2.0,9253.606737990467,14.011994799608015,126294.54906346783,1803.4505180449012,9.097025176558947
GBR,1983,4.223875965337119,0.06484726990676283,24.91947411445875,1.0,0.0,0.0,0.0,1.0,17363.500420997927,24.044598067845392,177124.02805685293,1566.3001169783051,11.187231142515284
GBR,1984,4.564018158859306,0.1788989886204224,25.22194811928764,1.0,2.0,2.0,3.0,3.0,366357.5223582419,23.300213097975224,210041.171086743,1882.796007970217,10.46245841352078
GBR,1985,4.265263306511932,0.23319629376140558,24.49132130785102,0.0,0.0,1.0,0.0,2.0,41026.68699901136,21.980933389197276,186263.86018070622,2031.5375865207031,11.674439714979025
GBR,1986,5.104446855511178,0.24267402117271217,30.301935913348572,2.0,1.0,1.0,1.0,1.0,472065.2680222769,18.508238194351172,205032.71180534826,2323.6317047460448,14.468689112695529
GBR,1987,5.227932339286842,0.1139737604316588,35.79309695400946,1.0,2.0,2.0,1.0,4.0,191677.73216619037,23.11944377842834,180480.15694170957,2148.553844718207,13.478704650154816
GBR,1988,5.862472203100906,0.3331047742179139,39.17556319017613,1.0,2.0,2.0,1.0,0.0,298104.86357738613,26.26716222616813,214306.10243060734,2564.169263483421,15.80790730942662
GBR,1989,5.487081551449604,0.5370357831854755,33.99393009376862,0.0,0.0,2.0,1.0,0.0,593704.8022124233,25.340433155383653,207375.549501195,2544.059853243211,15.080877402923626
GBR,1990,6.548624245688674,0.3711968584994414,37.79170318766881,2.0,1.0,1.0,3.0,3.0,109419.65252274404,31.012812980333585,221573.05185002572,2756.034911197774,14.65231209398444
GBR,1991,7.418585530984292,0.38172053213787827,36.829195968768346,6.0,1.0,2.0,1.0,4.0,203705.90450233297,30.039831909641975,265428.0423962435,2560.315047204839,17.371284589179265
GBR,1992,6.760553883730804,0.5096022804768766,38.73890785254443,2.0,1.0,1.0,2.0,4.0,510001.08631777676,27.665420595225143,273930.4063110339,2827.555298163584,18.17957766872556
GBR,1993,7.33707318354097,0.5440982837359801,37.86675421276485,1.0,0.0,4.0,0.0,5.0,996240.8292118998,27.259303308680128,307298.85243744333,3025.7840362890634,16.36178226896807
GBR,1994,7.781740886527088,0.6533190694132364,40.42207531917911,1.0,1.0,3.0,1.0,5.0,138879.60194158883,33.90887424091203,318861.90881106525,3133.0189991656976,20.353276120049614
GBR,1995,7.427580537486971,0.4953054774502563,42.466663321608806,3.0,4.0,3.0,0.0,2.0,402094.87969919347,34.902984574555695,289801.59870451083,3216.263246570471,21.55806448448113
GBR,1996,8.053900698637637,0.691560510167272,40.83666598909894,3.0,0.0,4.0,0.0,1.0,1268530.6406817476,35.75567750676996,274889.5639995352,3826.274961828386,20.95572245895906
GBR,1997,8.191400010383443,0.7163342003691829,43.21565285867584,2.0,0.0,3.0,0.0,4.0,447399.2829602573,38.860481096559035,310761.4449485426,3575.4417360528846,20.817582128583993
GBR,1998,8.490870289633122,0.6925874468489363,44.3526487588869,4.0,0.0,2.0,2.0,1.0,971336.4641353479,37.07860870206352,327568.2395150117,3713.8310466279427,24.135659176119322
GBR,1999,8.23143865447065,0.7646141896337414,47.61348342457651,5.0,1.0,3.0,1.0,9.0,1242946.3686332128,37.203825010394596,369537.30189238465,3699.4833151352323,22.66126325615426
GBR,2000,8.92126700444395,0.8520503243358764,43.88784850243105,6.0,2.0,2.0,2.0,5.0,1192460.7379869127,39.61768002284127,381078.0746610201,3861.2918219512585,22.745753105372255
GBR,2001,9.414340231809986,0.8702013993544644,47.38414975823676,2.0,2.0,3.0,2.0,4.0,650011.8465449974,41.539967024003595,374217.9150542376,3872.894715405336,25.387140444547896
GBR,2002,10.172442584720851,0.7381981086325299,53.206252847582626,5.0,0.0,2.0,3.0,6.0,373476.4718843064,41.13031798612268,402960.5270387469,4339.24353801811,25.762430174888575
GBR,2003,10.088683029988418,0.9229486278085327,52.20189953359277,3.0,1.0,2.0,3.0,5.0,48081.15151638134,40.433313192217334,457060.2755509489,3979.3056984060477,21.988534997536863
GBR,2004,10.963194631492835,0.8783191332911293,53.48214205015085,6.0,3.0,1.0,1.0,11.0,120929.66526813859,43.27689588272597,398334.04873400804,4265.6297711381485,23.755310306227763
GBR,2005,9.460881627566273,0.9139490897510713,50.93980341012727,4.0,2.0,1.0,4.0,11.0,144008.12941582434,42.00720049747182,403152.75089167984,4632.648823984029,25.712018147673213
GBR,2006,10.569795795154521,0.9370851754944148,52.40341316591128,7.0,4.0,3.0,3.0,11.0,16743.499059335514,41.34300161681796,395203.2377563188,4363.953131608951,27.014804318189793
GBR,2007,10.329071104838903,0.9408361367624837,54.78232716258058,6.0,2.0,5.0,4.0,3.0,54018.694247874104,43.32237004658218,430875.7406972542,4207.15572795757,24.043233892789296
GBR,2008,11.627849440244553,1.068374895927785,56.808085578802945,6.0,2.0,2.0,4.0,9.0,178098.3377093654,42.89874115133348,457594.3596483686,4160.80470021701,27.299178695602603
GBR,2009,10.038981030746312,0.9851290042312664,48.61556899964289,3.0,1.0,3.0,2.0,5.0,49227.30827921377,43.951960331260565,422634.68063383555,4272.033961891036,25.79056291474789
GBR,2010,10.146326337491699,0.9197116344939583,50.7512506312695,1.0,3.0,5.0,4.0,4.0,97528.98929363384,42.73215539704846,430759.20504384366,4531.798063471672,27.66677026089733
GBR,2011,10.400735785120139,0.9939626976094409,57.81876919372597,6.0,1.0,2.0,4.0,5.0,29795.633997867462,47.338428551203386,432547.4752541488,4906.544691407033,26.151530972547157
GBR,2012,9.631629333645481,1.054694794753342,54.32025215459373,5.0,1.0,3.0,7.0,9.0,290934.06313064875,45.992328893400696,421512.1468440613,4673.024495574479,23.940927059186873
GBR,2013,10.649776810862717,1.1525404451199943,53.764549976112,2.0,1.0,2.0,4.0,8.0,942904.2765589501,47.49815322092012,457878.0940253911,4480.882372628113,24.96893208569477
GBR,2014,10.607012709926517,1.115171260405631,52.70596270781488,4.0,4.0,3.0,2.0,3.0,928299.2169298904,47.342370341314705,462737.1262021004,4537.430907485662,26.09465173408499
GBR,2015,11.21410735697952,1.010584089666247,54.81954924507755,10.0,2.0,2.0,2.0,2.0,1323408.194636187,44.55652565201808,461115.17324649164,4608.346838609814,27.047794047217913
GBR,2016,11.40141785212338,1.2881937207849568,53.037155774273096,4.0,3.0,6.0,3.0,5.0,780241.9305987394,49.86592254484489,511383.9895925946,4360.001434707103,28.054067149883625
GBR,2017,12.354604637893674,1.1204246551870443,62.07906787898137,10.0,1.0,4.0,3.0,2.0,161872.4834083144,46.65953684998602,478560.41305859486,4596.460131755361,27.512119800319198
GBR,2018,11.887265684119988,1.2103125776017314,57.077701075105125,2.0,2.0,4.0,4.0,7.0,709003.0505131757,46.60785954850001,443541.02965711924,4612.711182833914,28.328601145453295
GBR,2019,11.068514422592315,1.1044171443883533,57.247445491672316,4.0,3.0,2.0,1.0,6.0,830507.2522797518,48.135680052099936,489751.70522378664,5407.734628539254,27.844762394364313
GBR,2020,10.938014022432679,1.1667873424923294,59.09889802904125,2.0,4.0,6.0,1.0,7.0,469984.34173211124,48.39239774378777,467864.95605909853,4994.913876617848,28.66550873476824
GBR,2021,11.787120091793751,1.1981858724557344,60.25050017611212,2.0,3.0,1.0,1.0,6.0,999410.3967391975,53.91168944089796,470283.82477294316,4545.220520987696,30.095933822055557
GBR,2022,10.790460093800341,1.2347904204655178,60.40643425154838,3.0,6.0,4.0,2.0,6.0,45468.63574678522,49.57964574508954,476127.8471159843,4447.15773811975,28.882397521706245
GBR,2023,12.644020113730937,1.2276755615940402,60.90549539613712,7.0,5.0,1.0,3.0,13.0,562320.8071598181,47.30678468654339,475131.8886605533,4525.902458971343,29.761198250274767
GBR,2024,12.306780225382559,1.2181030164883175,56.808112888100325,12.0,4.0,5.0,4.0,7.0,411844.5135594232,52.81733292077189,490619.3737099983,5180.413850010517,30.095835145345593
GBR,2025,11.393133346399198,1.1278934923023014,57.78972145004003,4.0,4.0,5.0,3.0,10.0,1042849.6202437375,45.013064111590836,538152.7072944676,4545.2081502785395,28.95828515048636
GHA,1960,2.0857486926385564,-0.42978887134607857,14.326149997508136,0.0,0.0,0.0,0.0,0.0,129750.0047337606,6.60346957132659,41008.2334244564,510.8511814436436,3.2576750132031957
GHA,1961,0.9743895855511889,-0.2548421554822303,12.444152569932402,0.0,0.0,0.0,0.0,2.0,206628.65649429488,9.610167164664066,23821.383931031356,718.5672083067487,2.98611919134789
GHA,1962,0.6718385138810168,-0.3081925229868266,12.832450683460996,0.0,0.0,0.0,1.0,1.0,37136.18924676547,6.726186628150892,60031.767134363734,1064.427297420767,2.864653303526613
GHA,1963,0.8492424837144497,-0.4227973381686652,10.381835333526196,0.0,0.0,1.0,0.0,0.0,72532.88688614874,7.085426748307585,42123.267311747826,107.28643168913908,2.948478989034313
GHA,1964,0.6685528374766149,-0.24994780970249553,12.707687277335118,0.0,0.0,0.0,0.0,0.0,150820.7791776889,7.453385073180798,22975.68124185655,813.2266526359792,2.3337249169209557
GHA,1965,0.9211309730708712,-0.21193865557902247,11.884245742789398,0.0,0.0,0.0,0.0,0.0,101098.59650083483,8.305839109378814,23723.243915340518,492.85737776222516,2.3103826319137504
GHA,1966,1.2434438529908407,-0.315013809823232,15.11727236183166,0.0,0.0,0.0,0.0,0.0,67653.46986553025,12.563679197793903,27772.71728734147,789.9739987137223,5.245881494240791
GHA,1967,0.7397130156431266,-0.1609299407558123,12.078420212413773,0.0,0.0,0.0,0.0,0.0,121684.22978425593,8.247460034160214,21120.584713446937,758.9946052281174,4.052646837703477
GHA,1968,1.656111166897401,-0.37374028995163966,18.312010368996948,1.0,0.0,0.0,0.0,2.0,72167.94025759496,10.751273070378362,78509.30134624119,886.3588213186554,5.0479057612984475
GHA,1969,2.2734228186768712,-0.34502557780299087,11.265889935720413,0.0,0.0,0.0,0.0,1.0,78159.7298945849,10.69618348964304,42515.68021685562,520.627351182794,3.836985088030773
GHA,1970,1.3488737996698725,-0.19834753311751174,13.943846519964474,0.0,0.0,1.0,0.0,2.0,212227.8018462127,10.503798213285316,94244.21575974594,1088.1147352654984,6.148366004560637
GHA,1971,2.8698357112684922,-0.1897956187814217,20.69842499306513,0.0,0.0,0.0,0.0,0.0,150729.43034440617,8.699130113535821,45248.407429691215,921.1114095975845,4.657925745254215
GHA,1972,2.4249926972589764,-0.230364175233148,16.0047063751193,0.0,0.0,0.0,0.0,2.0,271278.38075292076,12.561544796979112,56838.13397035151,1293.7572509495585,4.097400398864523
GHA,1973,2.868934385194482,-0.08808802098859361,14.436066593165705,0.0,0.0,1.0,0.0,2.0,449642.8694853747,7.618253625702812,66790.42705402296,1400.2117791254611,8.520395532734604
GHA,1974,2.05353370249489,-0.08875787107700324,18.946759649647948,0.0,0.0,0.0,0.0,0.0,730344.4612320333,10.262925155269564,62390.869625066014,1145.170340256871,6.994328568052586
GHA,1975,3.089245529336402,-0.039468036235108556,17.932795584781463,0.0,2.0,2.0,0.0,1.0,43078.87381617879,11.990546374818862,77398.96779815303,1390.023705120061,6.670803671204154
GHA,1976,2.147023288849005,-0.09334513652191219,17.801129933025145,0.0,0.0,1.0,2.0,0.0,265682.3099775639,13.396533761091368,113447.10590122714,1442.029189698048,7.2698202465196315
GHA,1977,3.474790007991569,-0.0091295514298265,17.968573820875275,1.0,0.0,1.0,1.0,0.0,242321.3629392743,14.826585810626742,137858.06748920892,1621.1718246100595,7.493696390937436
GHA,1978,3.2607726101425776,-0.06529167784082776,28.49469483911398,1.0,0.0,0.0,0.0,0.0,574843.4689761394,18.546648030707384,123967.82498595458,1685.5184956168118,9.171839784850645
GHA,1979,3.6901282371473973,0.1638893262547394,21.858114969783777,0.0,0.0,1.0,0.0,0.0,661724.6030202869,17.656174866152938,95912.68246798893,1200.2409864109773,6.826319150045258
GHA,1980,2.916859447520654,-0.034697387417766706,18.63315266766756,2.0,0.0,0.0,0.0,1.0,428763.8048139263,17.482320106340115,120244.17391550292,1629.4098151982162,7.003051697255586
GHA,1981,3.3094155605034064,0.23090459015665862,28.186799266263634,2.0,2.0,0.0,1.0,1.0,278290.3231849384,17.25144180872765,130799.62334377915,1332.2794257418304,10.250991860540207
GHA,1982,4.408699692528153,0.09883186596297279,27.0289532063958,2.0,1.0,0.0,0.0,2.0,70000.07974060725,18.219050332579773,198130.3530982464,1634.4714427167132,8.241172417308295
GHA,1983,3.7705405176371745,0.020858693365434777,24.674445314042224,1.0,0.0,0.0,0.0,4.0,104440.34787716564,17.378914889914057,191163.90634975972,1746.4031599139623,8.62150301512033
GHA,1984,4.841296096360348,0.27639625807781537,25.38438696699487,8.0,1.0,2.0,1.0,3.0,304666.72244087857,16.203627563152917,208112.06110920932,2102.9147320383536,13.18574649765089
GHA,1985,4.055613452464031,0.2141371811486294,30.560715430302846,6.0,0.0,1.0,0.0,2.0,50645.28913178637,19.119951134112988,171704.46136614846,2020.3530742089597,12.804637532123097
GHA,1986,5.602792080990136,0.3101896716904959,29.448321175653764,0.0,2.0,0.0,1.0,2.0,70137.47184746276,25.693454194847668,169482.20830688503,2148.655107146017,13.48913895516211
GHA,1987,4.685210150674029,0.3788004465847531,26.4629296133043,0.0,1.0,2.0,2.0,3.0,854455.6658420743,22.54873168689786,227658.948013815,2534.920547234967,12.349248040327167
GHA,1988,5.994481495072231,0.3473020486316375,36.97640004588778,2.0,2.0,1.0,2.0,5.0,1127045.5245240787,24.07689733633782,214150.53588950768,2622.4454286511077,16.550874717717615
GHA,1989,6.3224771308386405,0.31265403244867085,32.666064470513106,3.0,1.0,2.0,0.0,2.0,1928.8068441036546,28.673293355255144,245310.45111406804,2597.4488703199345,16.70891427453617
GHA,1990,5.849356204402994,0.47805707021354005,38.73892934120607,5.0,0.0,4.0,1.0,1.0,743999.9762686598,21.555681331024942,260791.08134411433,2826.054755350566,14.09722661739596
GHA,1991,6.871925932081528,0.4400271405626716,39.44504676886129,1.0,1.0,1.0,0.0,2.0,1063671.2449408525,27.30553664546654,253106.55916388668,2919.198341609915,16.547159548195868
GHA,1992,6.972845270510291,0.5346030211886383,34.98917600441686,1.0,2.0,3.0,1.0,1.0,290939.4033909523,27.272203556916352,300419.7305161427,3345.960090987505,16.821902148739877
GHA,1993,6.796254876023254,0.3468095809953375,41.30510050149082,6.0,1.0,1.0,2.0,3.0,236846.36873867075,31.510464391215503,251209.84688524448,2950.816404988479,18.021895126619196
GHA,1994,6.804989147949378,0.5936587935407114,38.30577663096339,4.0,1.0,1.0,0.0,5.0,1016887.7007033675,33.193969204897655,302474.5843596631,2937.1213695154693,20.285991842235283
GHA,1995,6.529772536109594,0.544848063911365,36.45621509308288,0.0,0.0,1.0,1.0,5.0,3119.19063648996,34.300280405807634,328535.53557989997,3273.474470095383,18.895619975342633
GHA,1996,8.126096298793971,0.7653148609355551,41.22131989623441,2.0,2.0,2.0,1.0,1.0,770961.4750902929,37.44802486826619,365654.0428118025,3111.2471087416507,21.455590348220582
GHA,1997,7.28439778640073,0.7189474233001935,44.403482362849005,6.0,1.0,0.0,2.0,5.0,150392.59053862022,36.31493945993971,337789.31763936265,3354.0144005493285,18.286470129024554
GHA,1998,8.489529447646296,0.7231477894721237,43.34188243638978,3.0,3.0,4.0,3.0,3.0,445824.89670740213,36.60896614884918,376670.114076956,3648.658793282286,20.458069887858674
GHA,1999,8.524436555940252,0.7764240036680239,44.77985427893744,2.0,1.0,4.0,2.0,5.0,172741.62669882018,42.46784838979113,385498.21683249366,3522.2340808899207,21.344143892321704
GHA,2000,9.29768075012202,0.6898184575778703,49.41184404382178,3.0,4.0,2.0,1.0,1.0,333055.32656645146,33.10975525653224,424101.4286230216,3682.372673988202,21.712850012796963
GHA,2001,8.954315052137181,0.9302767041944326,47.779240230481115,5.0,4.0,3.0,2.0,5.0,755750.2704645226,43.713299627301495,383456.97329218884,3762.0748550973753,23.041390536145038
GHA,2002,9.148602533089125,0.9889492870717805,46.3179933967385,7.0,1.0,1.0,2.0,9.0,92999.83572116811,43.5029682399667,435693.25094851793,3810.245379163006,23.73976259496385
GHA,2003,9.957927959955194,0.8887690537119513,51.046824961296245,3.0,7.0,1.0,0.0,6.0,515214.9180979344,40.028569874917004,413342.78143830795,3735.753494277642,24.32597583037203
GHA,2004,9.917773085147058,1.0107265071796219,50.6033833453147,2.0,2.0,0.0,2.0,3.0,1097323.3149806284,39.507429485276134,363013.0256926809,4308.139261589139,25.70191108715801
GHA,2005,10.083896151606998,0.8625873060160273,44.574711806027075,8.0,2.0,4.0,3.0,5.0,1127664.4635134686,40.30969089246629,409686.6087739439,4464.56851808667,25.91892499352809
GHA,2006,10.338040293180034,0.8674603309162807,52.67180154112484,3.0,1.0,2.0,0.0,4.0,1111501.586936594,41.79163550118844,393309.21276473725,4434.11557713056,23.193614044710653
GHA,2007,9.340695480695263,0.9561295557646583,53.25630851511352,5.0,4.0,4.0,1.0,5.0,367213.48830461234,45.7408652366264,461101.7372917351,4495.555763723722,25.884858252002164
GHA,2008,10.803866244636906,1.0078335792286517,52.95774957892777,4.0,2.0,7.0,3.0,11.0,744462.8273963751,38.066458867596964,433422.32686114655,4235.611132179582,25.17129215354434
GHA,2009,10.855922101383346,0.9603075065197537,55.72382773452404,5.0,2.0,5.0,1.0,10.0,306432.4855816101,48.667023190456064,402152.9795102812,4429.666630155517,27.504425633463377
GHA,2010,10.04457359781416,1.0522967799940905,52.35886993807786,6.0,2.0,1.0,2.0,8.0,323656.5958780249,44.63377083717429,462542.8860154772,4256.59353497781,28.476065965414186
GHA,2011,10.605040283887787,1.0499562446528923,55.38640841227161,10.0,2.0,4.0,4.0,4.0,177786.62778245483,47.73843088320336,478533.3513670535,4455.566149525885,28.12355772830252
GHA,2012,10.83026768473773,0.9605346753852195,51.09507711609736,7.0,4.0,3.0,1.0,5.0,181327.09955876856,42.74462578056421,440165.3229789405,4520.3821066324335,29.875429551529724
GHA,2013,10.874750297298158,1.095706703772368,56.461577907754275,2.0,2.0,4.0,0.0,13.0,21110.629550250917,47.52766052152444,443375.9922963544,4246.218476207397,28.502821237430773
GHA,2014,11.2354834710968,1.136005945011446,60.72401441415363,7.0,2.0,1.0,3.0,9.0,420778.0291990658,47.12738308489358,463528.44041220465,4640.142985055237,29.0696205058388
GHA,2015,11.95066682930863,1.092344457373242,53.719950117768974,6.0,0.0,3.0,2.0,5.0,207714.10255349893,47.85542195534815,416970.3142161047,4518.718840934694,26.764312391438033
GHA,2016,11.82692403446339,1.1815903757115807,54.643573652863225,9.0,1.0,4.0,2.0,6.0,118485.2428229114,45.33221918050784,483207.43153368274,4737.378259409377,28.029294326459997
GHA,2017,10.521280369121481,1.0018503268290497,55.0762935899213,5.0,6.0,4.0,2.0,11.0,74948.90469504087,46.30522205016863,510774.52130402275,4648.778326165447,29.202633894610983
GHA,2018,11.698462221588988,1.1457173523323583,57.45878676956055,6.0,4.0,1.0,1.0,5.0,249313.16937833373,44.64152252636819,455160.4323158126,4811.984503097906,28.798902826999573
GHA,2019,12.164370683331057,1.0229318425627896,54.734731163944815,5.0,2.0,3.0,0.0,6.0,1358448.0600943898,49.37229919330356,519959.69826826145,4918.859034011697,27.260719802408637
GHA,2020,11.677017357854275,1.0349920942572464,58.68182478784912,7.0,3.0,4.0,3.0,4.0,435900.2508052571,50.88657518832586,501155.3649759025,4482.55456556145,27.379158817659356
GHA,2021,12.131580312659441,1.080553925395239,59.96173711661861,5.0,4.0,2.0,0.0,9.0,494529.9013737254,48.69537949768779,476567.7593794331,4722.287278627721,26.258336788077976
GHA,2022,12.70664969411515,1.0619700288392377,59.37758189379625,3.0,1.0,3.0,4.0,5.0,34353.51029496991,42.208988710130555,496295.4568687888,4663.644826894269,29.42424223670997
GHA,2023,12.179564312376199,1.0992464316644912,53.80040197227301,4.0,1.0,0.0,2.0,5.0,456696.56754847954,51.45189868438257,522112.30683989363,5109.72037039013,27.56139792056325
GHA,2024,11.771954598461813,1.1311952316255842,60.87314592797399,6.0,3.0,4.0,2.0,7.0,693914.4691892029,48.814754596005784,487422.9258425847,5247.190533918438,30.036056575091315
GHA,2025,12.263835218958135,1.2200727897043409,60.87780699806638,10.0,5.0,3.0,2.0,10.0,104142.45825529259,42.70856242401555,495167.8517901674,4872.20151410639,30.19302961208258
IDN,1960,1.1652176561118608,-0.2834299330572178,10.255049151706071,0.0,0.0,0.0,0.0,0.0,408677.2850806156,11.757698525975211,54714.831190677825,610.5265906341555,1.0944338812254553
IDN,1961,-0.07423157394216329,-0.350979044670903,14.127547071435272,1.0,0.0,0.0,0.0,0.0,308021.1024088958,5.4028769419849745,46687.62413369182,695.1755677971018,4.651142214587902
IDN,1962,1.0171010278876473,-0.42700585175575684,10.977461587108564,0.0,0.0,0.0,1.0,1.0,97424.80227956633,9.85688097610355,76082.78396991118,235.27674249233314,2.2513357808648427
IDN,1963,0.8320526520567254,-0.3159200871520383,12.893701166365629,0.0,0.0,0.0,0.0,0.0,213467.65203772858,5.2460284534727,-11810.527091621469,517.2983388448947,4.01432679810861
IDN,1964,0.7191603282589117,-0.1928498750615319,17.07428138313479,0.0,0.0,0.0,0.0,1.0,29645.590881839373,7.235201384670735,23365.848185181192,370.37134814265863,2.286497816160009
IDN,1965,1.2107364018348767,-0.4008003404931822,12.140823411536813,0.0,0.0,0.0,0.0,0.0,261853.16442495733,8.436483024233013,16243.527009305642,797.1942919347049,4.516878316503161
IDN,1966,2.490155762618583,-0.35133083506385987,10.226161682013966,1.0,0.0,2.0,0.0,0.0,125941.32225689261,7.18911087514878,61888.20830876823,703.1641848950787,2.0060675624785436
IDN,1967,1.9163986968993765,-0.2441018434775047,11.92478007106753,0.0,0.0,0.0,0.0,3.0,259641.4874892337,8.157253953467482,85717.530174805,648.0130883222496,6.3653357090684555
IDN,1968,1.3187027057512708,-0.31917160019628477,17.473271522703314,0.0,0.0,0.0,0.0,0.0,216906.87335895273,6.420676515010477,41493.224011715734,993.5916233932824,5.931805713467995
IDN,1969,2.0838485430293403,-0.2888469618562363,16.09166890323117,2.0,0.0,1.0,0.0,0.0,57629.15344278015,11.426518922719321,70394.2592115085,749.471747871646,4.212912474919989
IDN,1970,2.675462979291303,-0.2431632113028661,15.637952654383993,1.0,0.0,0.0,0.0,1.0,404987.0147297691,8.343526504127396,96500.55195463798,1173.73557222972,2.7294656308154046
IDN,1971,2.5279118228493176,-0.3010758333544154,15.232689204870969,0.0,0.0,0.0,0.0,0.0,197402.9253792764,9.361224453571465,74063.70169511832,1221.8620841957143,5.356468865346603
IDN,1972,2.1655747090597095,-0.25096804385652904,18.305953013907363,2.0,0.0,0.0,1.0,1.0,368013.896645986,9.623924253965,89285.04633427828,817.321745347723,5.4701581028340795
IDN,1973,1.9043619012799442,-0.09658134252335979,15.600501126701177,1.0,0.0,0.0,0.0,1.0,24428.473215988735,10.311199290466288,28596.058810532704,1287.6568771304017,5.562893998165664
IDN,1974,2.833266976287683,-0.23581899879275633,19.163244664910266,0.0,0.0,0.0,0.0,1.0,243632.6944607239,12.884355555363076,123890.68076767094,1115.995188453905,8.174367848017237
IDN,1975,2.8241476203906037,-0.23594893266941688,17.293139768285425,1.0,1.0,0.0,1.0,1.0,90601.18842302058,13.350313334732501,84576.115209103,1064.798286093535,8.80685568500172
IDN,1976,3.289621383092256,-0.13389622005644233,17.646657108883275,1.0,0.0,0.0,1.0,1.0,532582.7969879424,19.568579641369016,166320.54885509773,1322.5173850029557,8.137433814629276
IDN,1977,3.3281214809777087,0.0012204673326938961,19.11453226080954,2.0,0.0,0.0,0.0,1.0,828587.2752019202,14.085993245135954,86639.94067078266,933.6182102348005,10.083447391120727
IDN,1978,3.765457801069915,-0.04539339823817935,20.635242208839216,0.0,1.0,0.0,0.0,3.0,16372.26393062619,15.190427491972244,128346.66679471443,1261.524528582989,4.556879349816089
IDN,1979,3.0642485390088203,-0.03758265520143774,22.36492013040986,3.0,0.0,0.0,0.0,1.0,376851.12838343036,19.24653306142701,146217.63747124662,1571.957639832026,8.566994359732037
IDN,1980,4.350327933494682,0.033854977993240734,24.03571055627754,0.0,0.0,1.0,1.0,3.0,32602.405864746546,17.608354548102376,72788.50742252773,1494.8584150588451,9.037895753218573
IDN,1981,3.937700492510584,-0.07717579882877859,15.231611640178688,1.0,0.0,2.0,0.0,1.0,599152.979677623,17.785145111125928,189582.35943671732,1911.8992812479337,11.272355382496743
IDN,1982,5.258568468791984,0.1356172824978227,23.482149549252465,2.0,2.0,0.0,1.0,4.0,41891.194791971924,18.650641509119197,174243.06979318618,1663.5740679971864,10.234911960393722
IDN,1983,3.9195576246645882,0.16157436704322575,25.611686448201596,1.0,1.0,0.0,2.0,1.0,69957.19630436183,20.36801398668109,129287.88396611619,1888.0637636149334,12.06834720200225
IDN,1984,5.573131665223371,0.13420523211106958,31.47983978523105,3.0,0.0,1.0,0.0,1.0,95648.72636771518,23.138709129283836,187042.67922722906,1937.143772690561,11.247356929800564
IDN,1985,4.955516391669695,0.284539031020746,26.17702691895194,2.0,0.0,0.0,1.0,3.0,439201.66911301704,25.016361365032477,198473.5243845118,1715.3747911548317,11.627495441267303
IDN,1986,4.740526556628494,0.1519000559038337,30.47260853962718,2.0,1.0,2.0,2.0,2.0,119392.8913686536,25.38001392451578,197902.5706907844,2278.377301588795,14.358245953816875
IDN,1987,5.115676702084687,0.37112469256163116,35.01544993375665,0.0,0.0,1.0,1.0,3.0,319559.0410813437,25.200566121359927,198481.65074173667,2374.652967709135,13.91304481575326
IDN,1988,5.492709328694771,0.33262509754765557,29.225878809507925,2.0,0.0,1.0,0.0,2.0,305459.32939047454,25.731682558814818,223935.6923840587,1961.5918749822113,15.034602918284532
IDN,1989,6.206634763173292,0.33310909284344214,34.735978690714006,1.0,0.0,1.0,0.0,2.0,189116.27608740845,30.961793646251714,259525.60681399534,1952.2027332947255,13.564169579201886
IDN,1990,6.550630405620412,0.3984101091705351,32.9943204151637,1.0,3.0,1.0,0.0,1.0,290782.41096613137,26.432453945782854,270980.9139281989,2543.42861657445,16.948966172853673
IDN,1991,6.207383153743127,0.43138551870142866,34.987375018223915,3.0,1.0,1.0,1.0,2.0,48111.12637422441,30.195091200230195,263176.3708520984,3056.5922576094113,15.191506419559
IDN,1992,6.809087078543431,0.5773570274133821,35.48392278074061,6.0,0.0,0.0,0.0,4.0,814663.1834457419,32.38450961076902,281072.01488373586,3523.0293601907943,19.79378243685238
IDN,1993,8.337894399535902,0.43297369670097335,36.89248256954323,1.0,1.0,1.0,0.0,5.0,92231.41115621015,33.19960331892608,284477.2149490218,2571.9762571629703,17.725300625018477
IDN,1994,8.378245414101107,0.4968987170481953,46.739163375388834,5.0,1.0,4.0,1.0,6.0,859472.3072879479,30.225559511917243,275469.3994357231,3495.8481855533055,18.183613403906644
IDN,1995,7.909168418883896,0.6788391612887658,43.2341062402719,4.0,0.0,0.0,2.0,2.0,301678.69622836844,39.34469952384626,310177.9116526732,3498.5190016428355,20.67792361114017
IDN,1996,7.946899521543362,0.5854072951465639,45.037159965755286,1.0,2.0,4.0,0.0,8.0,399735.8010395246,37.813249561031284,304854.7183382176,3197.4981201627834,20.005988347391398
IDN,1997,8.253177392796912,0.7411430816555932,44.63937232549955,5.0,0.0,1.0,0.0,1.0,127163.75797419024,37.45340902260675,309587.1150657074,3883.031190694587,21.71375166810701
IDN,1998,8.787479367287533,0.8399140484448767,40.48308208537573,0.0,2.0,1.0,2.0,8.0,109381.7587056621,33.78438369672663,284942.1918682453,3652.5169617577053,20.900821463224126
IDN,1999,8.087813555198462,0.7053756020446754,46.53487005705846,2.0,3.0,4.0,0.0,8.0,298565.31361583533,39.19721244310649,345563.35601520113,3588.0073663535686,22.905520156357323
IDN,2000,8.759182145226633,0.8242027119340322,49.235252967768616,1.0,1.0,3.0,1.0,9.0,139995.00077394934,32.696915689432544,385395.7688380114,3317.5700623854905,22.362623172572462
IDN,2001,8.168555371864239,0.7081207864449997,45.37950659465811,4.0,0.0,1.0,3.0,1.0,251695.4541027857,38.23922860925488,405896.58562508464,3850.2122937853883,24.22087529931627
IDN,2002,9.567588305736738,0.890018317443853,50.8395558428537,5.0,2.0,0.0,2.0,4.0,269798.2693393373,39.82361962718652,395626.05046413915,3921.797283261466,25.129738802660814
IDN,2003,9.9092399703185,0.8732898917470353,51.05258967676313,1.0,4.0,5.0,4.0,4.0,149294.94809617527,39.351864281298674,360808.6622265767,4519.543350005721,21.784996345764164
IDN,2004,9.44728250260155,0.921337284266548,54.73929453996326,3.0,2.0,5.0,2.0,5.0,165566.3420117135,44.66070636197359,397429.66855767707,3847.986958443487,24.96205637622418
IDN,2005,10.80714886511867,0.8564733961469984,49.83426627839814,4.0,2.0,5.0,5.0,8.0,1759177.3203091775,42.02430072551371,380155.2662985579,3934.3680489733506,27.453573067514977
IDN,2006,9.363396172813784,0.7983427429689054,48.8568918010069,3.0,2.0,0.0,2.0,2.0,438278.2436024301,40.27808417964692,463817.00955300976,4090.479507515135,26.161410105459694
IDN,2007,9.381633895418704,0.993115741046305,51.3726664723919,5.0,2.0,5.0,4.0,7.0,895980.2474279589,44.74360667436474,413259.7034163108,4898.2204713240035,29.088849523644587
IDN,2008,10.497772549316375,0.8079660439608634,56.49637423788467,1.0,1.0,6.0,3.0,10.0,23878.966171051023,44.5131396541877,416883.9033071006,4062.9327383609116,24.728707570357653
IDN,2009,11.105834068827512,0.9664384016398005,48.9235615797452,2.0,1.0,5.0,1.0,6.0,996.9495156323752,40.20037893277558,458100.7972415931,4695.895286262506,26.71798677167055
IDN,2010,11.59742481933392,1.0845698740782095,48.86891461031654,4.0,3.0,4.0,3.0,3.0,384352.9676654973,47.64626789268288,439542.3207359551,4073.665885262978,27.345035493447785
IDN,2011,10.48152810510081,1.0407969049568622,54.768647137548385,5.0,1.0,2.0,1.0,13.0,933652.9686424081,45.318542796662285,472298.13042405096,4588.68309880185,26.207671725923937
IDN,2012,11.473110854346615,1.196266628991689,53.90600231208035,6.0,1.0,4.0,1.0,7.0,509742.34852759837,47.7280537888601,422202.4730550684,4554.252976717834,25.477091130228096
IDN,2013,10.929943578366247,1.1362119945827722,55.4631716821964,10.0,0.0,3.0,3.0,7.0,528068.6699580019,46.82315021806892,456750.7050935654,4407.2851003657515,30.486286930582644
IDN,2014,10.944253292853922,1.014611814543678,58.20464460339355,6.0,1.0,4.0,3.0,5.0,83292.81339055896,45.499293415612996,471153.3888633861,4777.7823786141425,29.242250363949513
IDN,2015,11.635735393810537,1.0808119823541256,54.8256676336407,7.0,2.0,5.0,1.0,8.0,2161600.7747227405,47.540938238942196,396830.2968316124,4455.365096869241,28.656989018258415
IDN,2016,11.57999382113923,1.0855888712470905,51.86056440550611,7.0,4.0,2.0,3.0,9.0,429999.9173260823,46.66206818622124,448467.70682058425,4295.485098114613,28.131146041644023
IDN,2017,10.369380915078596,0.9726684892411157,61.96253609015004,7.0,2.0,1.0,2.0,11.0,62517.61885193454,47.820486988393014,453261.2764002384,4630.794026743077,28.433286988633196
IDN,2018,12.189782678255401,1.0330494052430619,54.64072048645962,2.0,2.0,8.0,5.0,10.0,312841.75254318793,48.773246735467694,472773.3453945496,4515.009027388194,29.274166093097154
IDN,2019,12.19378655323298,1.0716934265161429,54.74472904104887,7.0,1.0,5.0,4.0,3.0,44255.301159428665,47.98364246924251,466237.40634208,4815.799217614503,30.558986103526593
IDN,2020,11.094903905090005,0.9612209626874184,60.38800637542816,4.0,3.0,5.0,2.0,6.0,324915.5203739237,48.91233367527402,483721.0916862584,4709.863569823789,27.68242305290664
IDN,2021,11.73185359990402,1.1348278695543936,56.8834144503419,5.0,3.0,4.0,3.0,10.0,755289.205682683,47.22298819925661,472639.2543602711,5164.94165738918,28.940904704605874
IDN,2022,11.833661544949784,1.1174090959529341,57.88323923007476,4.0,0.0,3.0,7.0,5.0,240379.83126885165,46.95181608101789,509084.2117557923,4740.912830613371,28.385381874210967
IDN,2023,11.74081873871343,1.0092545850588561,59.42841584651899,5.0,1.0,4.0,4.0,9.0,233792.23239105608,50.14267816249606,534912.2252023951,4897.614452101298,27.52435373003153
IDN,2024,11.312176692506702,1.1806642857046659,61.09418452285246,7.0,4.0,0.0,2.0,11.0,455014.2951608113,51.80962191201789,446445.6034253788,4575.097574582236,28.236555167838617
IDN,2025,11.276725909795022,1.2103702503731069,57.700736729477754,3.0,3.0,2.0,1.0,12.0,439953.8270027616,47.51657563410627,485989.26702866517,4761.9753451136385,29.48205693187313
IND,1960,0.4345729061495076,-0.2823385520344709,12.73953865985105,1.0,0.0,0.0,0.0,0.0,88355.68461049064,1.8291905976335343,-983.978935799405,729.7935789846119,3.839364325049963
IND,1961,1.3720816230170332,-0.32438751878996397,10.906443034510767,0.0,0.0,0.0,0.0,1.0,309369.7568493709,6.7389643824677625,28539.19252989033,742.887047979815,3.692103816479672
IND,1962,0.6305590881525538,-0.12648654092605943,14.403570392521882,0.0,1.0,0.0,0.0,0.0,93662.29774961925,7.098746977617816,33297.98720402969,449.4985692792272,4.1022929133896655
IND,1963,2.115405877540545,-0.22811966052641428,14.422875495955646,0.0,0.0,0.0,0.0,0.0,91350.41616322617,7.930619426412238,54162.86482967652,437.95410713325333,2.982306553022066
IND,1964,0.844721190855152,-0.24347897377029207,15.486184946200504,0.0,0.0,1.0,0.0,0.0,108955.26749624035,0.7344713831692751,96500.0691938324,523.1890619659739,3.939928300884481
IND,1965,1.1871836984260373,-0.38073126528907725,14.622705120331895,1.0,0.0,0.0,1.0,0.0,368450.7511260055,4.531562357165697,-10455.941370140004,675.1589475411456,2.592581124499994
IND,1966,1.9242584096676674,-0.3699882950068073,21.49715034066729,1.0,1.0,0.0,0.0,0.0,172356.2383099695,5.405834520703845,22580.07298732531,482.27600195753917,5.7813391216408405
IND,1967,0.8401670697213215,-0.23078602380488186,11.98633863821596,0.0,0.0,0.0,0.0,0.0,224113.31680297357,9.287505519922686,52032.76033534492,826.9148138201177,5.961163123915819
IND,1968,1.7779200872737535,-0.22875752158704452,10.71101606989297,1.0,0.0,0.0,0.0,2.0,267631.18286716624,10.805622464312187,75994.18154416305,363.0284947324663,7.090388279973601
IND,1969,2.506220527461945,-0.2745748912876846,14.472115558026994,0.0,1.0,0.0,1.0,0.0,603092.0718896922,7.2935621911433035,64080.39576592029,617.3082950311673,3.971491374392863
IND,1970,0.9465307433816458,-0.19799670879564713,12.040175437205209,0.0,0.0,0.0,0.0,1.0,408870.90206207166,9.743439010210167,88500.92481038967,903.4981716188021,5.715240627142393
IND,1971,2.1024119238305503,-0.06473628677571575,12.77426804313491,0.0,1.0,1.0,0.0,1.0,609428.4034711287,9.552361983640633,29002.629009809687,695.459432031984,8.50384759352508
IND,1972,2.2807198530484527,-0.11740609819519568,14.58926660952947,2.0,0.0,0.0,0.0,1.0,100928.5220531747,15.955308838334322,63857.933877747295,868.3829002244528,5.026377944225836
IND,1973,2.725898699732603,-0.24413625664656358,15.417790990597666,1.0,0.0,0.0,0.0,2.0,59862.283958674016,11.085124215249692,114545.17256988784,996.0712701259507,4.911865933590331
IND,1974,1.7205419122049714,-0.1401501223857147,16.012535488428625,1.0,0.0,0.0,0.0,2.0,57984.30778117417,11.598348197891992,63359.59686437071,1587.957727938857,7.123905773012078
IND,1975,1.8386309712496387,-0.17251648037803474,20.416823566431347,2.0,0.0,0.0,1.0,0.0,512013.71603204845,11.37315557979255,19699.400822812022,850.4657424194247,8.73907867613539
IND,1976,3.075001681806026,-0.11451021500641567,18.625332919357568,2.0,0.0,0.0,0.0,2.0,479368.99773404683,9.62452480483541,79331.79439804149,1285.1209838302175,6.6048981578126345
IND,1977,3.133663882119658,-0.09042522611846521,20.259464410690867,0.0,1.0,1.0,0.0,3.0,291652.1806334733,16.092011794302156,118779.52282835811,1065.7395105824032,10.702613574057477
IND,1978,3.3059983787101763,-0.06785130020674861,23.80934276130146,1.0,1.0,0.0,0.0,1.0,18527.994998310296,14.816908759336066,114739.53861905097,1138.284223802552,7.1992519984630015
IND,1979,3.571216506116908,-0.10082699871005987,20.571188408290553,0.0,1.0,0.0,2.0,0.0,111967.89892178273,15.364459323260384,93562.60401481728,1268.1434202945934,9.91416046863297
IND,1980,3.2018121308473115,0.020093899670536954,22.785706321737948,0.0,0.0,0.0,0.0,4.0,397504.7932777266,17.512687202762926,117199.65646986905,1527.2400889308299,8.583034146385792
IND,1981,3.957626595680031,0.0176321848522088,25.366924833982086,2.0,0.0,1.0,0.0,2.0,87875.99369756562,14.457176618924947,112038.19788923519,1995.4806913119214,9.441121443079856
IND,1982,4.233810139179199,-0.1383150650043614,20.647356442068823,1.0,0.0,0.0,0.0,4.0,308171.6983968857,22.934932608849522,125438.07443563596,2033.2064131615803,11.832395156064496
IND,1983,3.905088554700928,0.2951373264910673,20.628347619215237,1.0,0.0,0.0,2.0,1.0,252358.11864415414,15.835181992767897,144643.3827730898,1751.8452744696642,10.99783671500189
IND,1984,5.6477728223115875,0.25405148237606107,28.582478010704534,0.0,0.0,2.0,1.0,0.0,100558.5720565934,24.942252554743135,180449.29333399844,1902.793171862445,9.794830474769618
IND,1985,5.11417162070295,0.173961012083033,30.107069141324516,2.0,1.0,1.0,1.0,3.0,919091.9397436215,21.955744272243155,129811.57256661571,2213.404793174218,11.453020836499567
IND,1986,4.430092397815279,0.2436052677993247,35.22616733150843,0.0,0.0,3.0,0.0,4.0,102364.28885001593,22.18988028312921,235330.05490958618,2199.717427389928,14.247116714511831
IND,1987,5.771429381630374,0.18715962531594066,31.673111349084078,1.0,1.0,2.0,0.0,2.0,793762.2867373306,25.660163283451237,210770.5593061175,2150.5078312577225,14.472081175789707
IND,1988,5.116467070525795,0.4559234345249047,34.55764942752134,1.0,2.0,2.0,1.0,5.0,280280.43203279277,24.47810920024408,198021.69690225946,2571.2130471528008,15.620441748580255
IND,1989,6.4153129911441,0.511816395615545,33.262359017088066,2.0,1.0,1.0,1.0,2.0,35398.15321444395,28.472489889026882,213745.66631122475,2913.525788850468,14.456837839713213
IND,1990,6.916192457929258,0.41253549825972197,35.743068053962716,4.0,0.0,2.0,1.0,6.0,672566.0743961934,28.192793420808822,234663.33247961232,2898.730335607561,14.516058682181308
IND,1991,6.065368322955576,0.5218491515011316,40.41710147832084,2.0,2.0,2.0,0.0,2.0,599565.0641662182,30.227766853214035,263120.4636220223,3086.1985709306277,15.553090819505638
IND,1992,7.377032243408982,0.4937573380146787,32.181717820309814,3.0,1.0,2.0,1.0,4.0,693305.2877078502,32.08276788289918,279143.1395334423,2851.466096843803,16.344861642219364
IND,1993,7.343437976322566,0.41216999178857994,39.75616648451215,4.0,1.0,0.0,2.0,1.0,404067.29563046596,30.457727966561126,282810.6144002355,2745.4606311169678,18.018822414651144
IND,1994,7.85759268329003,0.5249543866628307,45.27334983081602,1.0,1.0,3.0,2.0,2.0,503601.7284323554,34.11126336897914,280897.5624143804,2643.767578611297,17.105692765712906
IND,1995,8.748938273847347,0.6064891672647239,41.82805210811609,1.0,3.0,3.0,2.0,2.0,980009.0119375977,34.175987504619336,311333.6858584583,2738.6456772587144,20.920444571938294
IND,1996,7.783949354894997,0.5966862724617971,46.40924771937188,3.0,0.0,3.0,1.0,8.0,57380.39273125893,37.055956193828564,271436.48723639495,3286.797640051003,20.80041910197583
IND,1997,7.750761085428355,0.6516081732742629,41.8363582345847,3.0,0.0,2.0,1.0,5.0,37059.580554781875,34.24211904318558,304102.5385987982,3559.5866918844636,19.498771817403693
IND,1998,7.9232357359328685,0.6966472052034508,44.41860532097134,3.0,1.0,2.0,1.0,5.0,58123.76079850952,39.12167642517265,328425.8061065675,3741.0043503361367,21.04126303420649
IND,1999,8.206828366332418,0.7310489243707693,45.63128688722166,3.0,4.0,2.0,0.0,2.0,903041.6445218752,35.25326961639225,322275.2121987392,3698.589828821853,20.66518486336173
IND,2000,8.862840171331946,0.7738744050478065,41.00895123310332,2.0,3.0,3.0,2.0,4.0,372452.18111396,33.3818048151204,360341.286242039,3566.3966569206186,22.26060371312058
IND,2001,9.324153599863424,0.7155677636404603,44.592560710130385,6.0,0.0,3.0,3.0,6.0,88601.26950153362,35.69085428471833,341995.1685472022,3980.029912413378,21.838529329590592
IND,2002,9.497132219853462,0.7722783616681933,45.684051476490914,0.0,5.0,2.0,0.0,8.0,71059.27776367251,38.83688944314489,427234.0350136623,3630.5004635653813,26.517963837691926
IND,2003,10.01273267318514,0.7545692316120963,51.34691434720924,2.0,1.0,3.0,1.0,3.0,278562.6676721078,40.9533081259872,356764.1109956273,3734.043994938435,21.776292446474216
IND,2004,9.732590806253487,0.9617194656686269,52.28957719213922,3.0,0.0,6.0,1.0,8.0,811860.1039544075,41.13415866713937,438995.1759223354,4214.304639835548,22.683769822875597
IND,2005,10.737888570592359,0.739667406562604,51.68881491644852,4.0,4.0,2.0,2.0,3.0,797385.4129200437,43.56094591107971,358939.16905518493,3852.8027902221447,24.559175108320247
IND,2006,9.916033749928307,1.0235166436796332,53.66117649883549,2.0,3.0,3.0,6.0,6.0,943226.888831148,39.739470196309405,466204.64402078994,4030.6475108838195,25.427742002941564
IND,2007,11.78774672232838,1.063763527647372,51.86636321401883,6.0,0.0,3.0,3.0,6.0,736211.9197559496,46.929064550977586,437492.5767944473,4044.256969225044,25.815162271979748
IND,2008,10.72847147860927,0.9488638492006101,55.91227592882447,5.0,4.0,3.0,2.0,7.0,32436.046873610347,46.64365818380241,448966.48734195903,4373.046918957156,27.31305391296576
IND,2009,10.010886949886162,0.7835754739930194,53.51654738843029,1.0,0.0,3.0,3.0,6.0,659068.3039990643,46.24925546619369,401011.3067583789,4526.718465907574,26.976475347028767
IND,2010,10.013403210360506,0.9803704798072286,54.184514017461005,8.0,3.0,5.0,4.0,10.0,384198.95575181284,47.48248030266308,432467.0826051438,4584.025882513333,25.371932932651305
IND,2011,11.022808195015283,1.0203103531839137,53.88117735706332,6.0,1.0,2.0,1.0,11.0,690190.6804758384,41.59701920804649,439137.47706749244,4350.871246634158,28.432261447813765
IND,2012,10.724378273561255,0.9595513598141908,56.723601738106815,1.0,3.0,1.0,2.0,10.0,357586.16870046017,47.08382121722821,447710.3847173609,4491.729330457224,28.0865527447145
IND,2013,11.362636232432108,1.012985790871571,54.390854907724915,9.0,0.0,3.0,2.0,4.0,361763.6912403604,47.56535871666013,486281.08173588297,4744.46342083445,29.39014141901062
IND,2014,11.31562562444968,1.1893393015187923,58.282443618299055,3.0,5.0,5.0,1.0,9.0,74830.08920417874,48.4338717383,475745.21009235195,4484.450148800763,27.743071756456374
IND,2015,11.085754304977998,1.1318210849501498,53.37671814714781,9.0,3.0,4.0,2.0,11.0,1325391.8440501068,48.49188569334391,458012.01959985547,4428.931791088751,29.402118409164775
IND,2016,10.718001778162181,1.0154133983003972,53.79578834601217,4.0,2.0,5.0,2.0,5.0,267557.21486486593,47.88897866723715,490427.48620519583,4524.279646077617,24.25238821750494
IND,2017,10.404769251150167,0.9714346967411713,58.56989908496644,3.0,4.0,3.0,3.0,7.0,504255.2158569674,48.07628489846601,498095.7200213269,4561.177251073086,27.55682209534594
IND,2018,11.084025879724473,1.0821199331530285,56.91243066859903,7.0,1.0,2.0,2.0,9.0,135795.5434276489,50.103165558076256,457224.96099423734,4737.790258312577,27.117229715347253
IND,2019,11.892663331334193,1.0994777567264966,56.25759330569629,5.0,2.0,3.0,3.0,4.0,272711.96585055295,46.25054310288639,459074.09553856985,4748.562854075497,29.52233025685917
IND,2020,11.57770636133285,1.1638145379049587,59.85385067231032,6.0,1.0,2.0,4.0,8.0,1226803.463437181,48.691331476538934,530268.7858282422,4737.755738636076,27.636669104351764
IND,2021,10.787966770418116,1.0882030550888493,56.32648371773048,3.0,3.0,0.0,3.0,4.0,142893.3126302819,46.81593093472377,472505.2780046301,4609.373082481044,30.158873398224816
IND,2022,11.64917322020164,1.1782548095541263,57.54121072441086,7.0,2.0,5.0,1.0,7.0,141944.9771333215,47.895325913760566,464414.18148559314,4596.839971136504,30.00570560912641
IND,2023,11.812488816708765,1.2978984203686006,61.71951041154609,6.0,1.0,3.0,1.0,8.0,187857.92156445223,42.38654438623792,478395.010299115,4985.376127461419,28.153650799567668
IND,2024,11.120384130152168,1.2135673382780203,62.2330826296041,7.0,3.0,4.0,5.0,7.0,538567.4622562828,46.587942985930624,510692.3937186043,4928.851502291223,29.429986484075688
IND,2025,11.751301282278082,1.1492533502113682,62.465383988108,7.0,1.0,5.0,5.0,9.0,468820.048566512,47.69921770428049,503296.79888388247,4760.050677050945,28.879016754678084
IRN,1960,-0.054149069324353816,-0.35310640751958133,11.431334710498675,2.0,0.0,0.0,0.0,0.0,10378.842447173056,7.534297503124823,8634.856040292634,520.3026105462542,3.0917414979961366
IRN,1961,1.0603013989026595,-0.2572085155233215,11.204955326468394,0.0,0.0,0.0,0.0,0.0,82025.22138105263,8.075430618014142,2396.5703971584408,163.55419329551393,2.2177965894402183
IRN,1962,0.3724468755081246,-0.31563879585805377,11.642673208707386,0.0,0.0,0.0,0.0,1.0,59672.19926754465,8.013176249292547,37217.15232113874,610.1833234620817,2.5497799031887887
IRN,1963,2.3668772942131744,-0.38579577980585633,6.285418918668862,0.0,0.0,0.0,0.0,1.0,52101.51332224669,8.972194844470032,8195.531057996923,312.8392484568389,3.3143312002057654
IRN,1964,1.8191253991989533,-0.32164155080352025,14.469509481806623,0.0,1.0,1.0,0.0,0.0,42748.40838053168,8.085129244169286,66763.11639184653,647.1418671888806,4.4743516498034515
IRN,1965,1.433177500225402,-0.27186475326326437,11.679028560175643,0.0,0.0,0.0,0.0,0.0,71465.74502613617,8.805222233349665,44985.27877920238,731.9586192946925,4.257160291222253
IRN,1966,2.1831173493315417,-0.19410642291654462,10.132977027716619,1.0,0.0,1.0,0.0,1.0,655816.7921997359,6.463064443220353,45726.04586350289,1023.9229303482396,4.60780726277749
IRN,1967,1.0612823646280476,-0.2688855161488024,16.43912292507418,0.0,0.0,0.0,0.0,0.0,394796.75598009874,5.459890738349071,22644.04073444289,802.7189660398487,4.227732018803383
IRN,1968,1.9596312676116825,-0.3371351143076723,12.282479993379416,1.0,0.0,1.0,0.0,0.0,193134.73695455532,6.973591179171166,66228.7965986504,706.2343550018898,3.61643900188684
IRN,1969,1.8695044431378092,-0.22090575142327373,14.608168425071254,0.0,0.0,0.0,0.0,2.0,350569.44382075715,6.113589783818497,83594.02146637827,664.9713838368725,4.62511539808623
IRN,1970,2.022645150021212,-0.20019884156008774,19.62625207907733,1.0,0.0,1.0,0.0,1.0,3340.166457602952,10.869116450794342,57082.29635399306,1028.589383281899,4.171738429337042
IRN,1971,2.727850717735867,-0.1769594307069832,12.982384223088609,0.0,0.0,1.0,1.0,0.0,27474.605029267837,12.967838889319715,89083.37472917109,888.2162896650779,1.403939218611515
IRN,1972,2.5524702054539956,-0.09944857488286517,13.261057658529982,0.0,0.0,0.0,0.0,0.0,83031.1917812583,9.250602254808022,61683.0294748833,789.8848791531062,5.952865375331985
IRN,1973,2.4423666545850375,-0.0713417166591526,18.396528728082583,0.0,0.0,0.0,1.0,0.0,255553.86779395601,14.220075542624315,76524.28127498986,1062.03239404105,5.960645414922154
IRN,1974,1.4802282951285983,-0.17876628600481254,21.2727991533297,2.0,0.0,0.0,0.0,1.0,548027.1235142841,13.575705984374089,136869.35211183445,653.1319609708422,8.434635177737622
IRN,1975,2.045866903987406,-0.15741063855374532,15.185421895987911,2.0,0.0,0.0,0.0,0.0,68997.22903482309,11.963213827933446,82761.90574584629,1176.1994015064547,8.072567743770097
IRN,1976,2.7043276447587687,-0.16671011857016865,20.910029914163854,0.0,1.0,0.0,0.0,0.0,40471.904722746745,13.11559903722845,113175.37996059889,1046.3345236782982,8.205487641815049
IRN,1977,3.0165868102196507,-0.0014307192456556594,22.1607496977763,2.0,1.0,0.0,0.0,0.0,522628.0513878016,17.147256732355686,98160.41684308683,1229.883859992748,6.597309665657944
IRN,1978,2.512097848073791,0.08626595506858907,16.425859615818318,0.0,2.0,0.0,1.0,3.0,149958.10924482511,10.187986591355099,123503.10781525311,1856.5690721271021,9.908831687036917
IRN,1979,4.758722874113739,-0.025622723184902146,24.48324806501217,1.0,1.0,0.0,2.0,0.0,351683.1666545798,18.73898917860037,142988.59807550116,1359.7346072621042,9.190434262947216
IRN,1980,4.4647529275257485,0.010991829013992715,25.6385857681052,1.0,3.0,0.0,0.0,2.0,238240.99103289194,19.118410215019605,112726.08414618777,1749.6361753342037,9.030392024429496
IRN,1981,4.170298754038132,0.17982340035191172,23.673060935609737,0.0,0.0,2.0,0.0,2.0,59494.24946684605,16.681511951722374,127641.79206329104,1905.1026115311115,8.997407930700156
IRN,1982,4.10671466227061,0.13648545845302074,28.632141849364395,2.0,0.0,0.0,0.0,0.0,379856.09681845683,18.74222533703914,169866.02101911255,1957.753762716331,9.7637922612487
IRN,1983,4.193820462372927,0.16579842091501862,29.431750327403805,2.0,0.0,1.0,0.0,4.0,176107.50294569723,23.591809500826802,170606.92293559283,1946.740998328418,10.931559342418442
IRN,1984,4.027599363890567,0.07167658956082912,27.974979503003237,1.0,1.0,0.0,1.0,2.0,111977.00355459281,17.99822654408043,207070.75154515752,1705.1230599187425,10.484223543531986
IRN,1985,4.886268989327019,0.2583633156193862,27.748419964094936,0.0,1.0,0.0,1.0,3.0,786354.2993731603,21.57973905539131,196127.2774116487,1921.562392405348,12.624794289417192
IRN,1986,5.263299619288883,0.16776883657929614,27.633547262920008,2.0,1.0,1.0,2.0,2.0,2071.3141491626634,24.515330359235858,247666.08341794962,1912.2129975696564,13.005450097576814
IRN,1987,4.679898725763988,0.19017035822654893,31.183965386001574,1.0,0.0,0.0,1.0,2.0,182938.6732445967,24.62192595382669,230738.80375943147,2217.4105308479334,14.876846999576879
IRN,1988,5.869060470822321,0.2925238781586985,33.932697433636555,1.0,2.0,0.0,0.0,1.0,128666.3875265423,25.374595061501047,272505.17784812464,2335.805056837985,14.395741495625026
IRN,1989,5.87346539091796,0.31316988215780084,32.940598473451395,2.0,4.0,1.0,1.0,6.0,20587.239687662757,30.46366501841926,280188.9427424295,2317.864485683094,12.751251306430474
IRN,1990,5.1530106542205,0.3822720244491969,29.506247486844927,0.0,5.0,2.0,0.0,4.0,31440.6714502591,25.00659013244166,234482.03134613123,2778.628027749411,15.566653109163214
IRN,1991,6.042539274809596,0.3246881692043105,39.420744110388426,1.0,0.0,2.0,0.0,6.0,72326.41813863012,26.231510708247328,299900.4525808819,2651.4469835644168,15.118696937033345
IRN,1992,6.5852677873760515,0.5564397002173787,37.967257920236136,4.0,2.0,0.0,0.0,4.0,274246.816049522,24.088195861551114,298826.89420950966,2798.9709542290116,16.560068439363363
IRN,1993,8.191509346304688,0.6093229304599688,37.77306459889086,2.0,1.0,3.0,3.0,5.0,132042.51425271094,28.422916599082278,309361.0428414981,2631.198620868011,16.762956171387728
IRN,1994,7.7049261379001095,0.40211285824865806,42.07727897668082,3.0,1.0,3.0,2.0,1.0,736812.0554956398,30.44451495724274,329311.1447325684,3130.1122295345467,21.689432208121406
IRN,1995,6.89038040658889,0.6742115543762914,44.93456305129963,1.0,0.0,1.0,1.0,5.0,113192.1187931018,33.7303584415655,303893.166491451,3203.41659999145,18.953075419704646
IRN,1996,8.204518388011788,0.5682077995755426,35.27803638757004,2.0,2.0,1.0,4.0,3.0,534977.5126535133,36.2139739501954,331377.62105153763,3193.7076860166017,21.082993669856002
IRN,1997,7.294459586294351,0.7376584784276887,44.49504773321348,2.0,2.0,1.0,2.0,5.0,100975.1806614478,32.89962625528319,323933.050444794,3530.046003901837,20.280338968934355
IRN,1998,9.057253888952612,0.6984834503908667,40.932101029354754,2.0,0.0,3.0,1.0,9.0,18915.738047645198,35.72783519260168,402927.8988363077,3570.813774877921,21.00168707597848
IRN,1999,8.405022605392265,0.7398212493264861,46.79525139824755,3.0,2.0,4.0,1.0,2.0,136011.33680655068,40.133561550753726,336980.20994478965,3779.542642821809,21.241274746751085
IRN,2000,8.853332845720033,0.7548859138543103,46.872746937436695,4.0,3.0,4.0,0.0,9.0,817874.5780902,37.475768718009995,333901.1831518644,3884.649739487498,21.49515656668175
IRN,2001,9.890324286680611,0.8973865052908673,49.10232159585726,6.0,0.0,2.0,2.0,4.0,39267.91232148406,39.92878198898204,354982.2831340101,3994.2610092097357,22.06253583417013
IRN,2002,8.597915958302758,0.7304726125964259,47.17812013871424,3.0,1.0,3.0,2.0,6.0,196392.91704165193,42.105582794468106,383121.6244918302,4304.209952824388,24.042954456587097
IRN,2003,8.733759348549455,0.9059631999668947,44.60864887258005,5.0,1.0,3.0,2.0,5.0,3803.210301838193,38.27033131217587,391589.6526309578,4023.644984713786,23.919557675073047
IRN,2004,9.389545105774737,0.9716006348848949,48.98327394978741,6.0,1.0,3.0,4.0,5.0,477558.47634835105,38.54825369723462,423499.0888904141,3847.938511373212,26.321947765002378
IRN,2005,10.499174315563009,0.9654263683530628,51.895842897531644,6.0,6.0,3.0,1.0,8.0,1394493.0496617716,45.43817734236685,409742.97945855604,4041.5616699671937,24.58378178086995
IRN,2006,9.194587435640948,1.1172053293601527,54.139400078384284,4.0,2.0,3.0,2.0,5.0,240125.9524723972,43.744057573078145,403832.05835957185,4115.723458633341,24.90975001990755
IRN,2007,8.595159982625773,0.9105398348483686,49.34715849464195,6.0,2.0,2.0,2.0,10.0,432245.0259666232,40.063370935902526,434971.11411498045,4057.8569605627663,25.731920522025995
IRN,2008,10.109296410059217,1.0496226819667023,55.47509782215816,8.0,5.0,4.0,0.0,13.0,307019.6427423728,41.239215437270545,458278.92642885324,3742.66356494705,26.876366521933313
IRN,2009,10.821003504774303,0.9833391901918898,51.87489555773381,3.0,1.0,3.0,2.0,2.0,1875546.106227226,43.69428439530181,440243.78471193544,4442.827771456281,26.51939339495656
IRN,2010,11.319316902845472,1.1079478108728253,54.94597860288043,3.0,5.0,3.0,1.0,7.0,699195.5808410239,47.77157385012584,462190.66620606557,4447.657929197722,28.546333931426503
IRN,2011,10.479068773051347,1.0248299664293097,53.27042405805527,5.0,2.0,4.0,4.0,11.0,24085.32565283372,47.29954328023865,447641.0524135786,4937.0129017197005,30.55446213184377
IRN,2012,10.616299076031918,1.0093691548595063,55.467902113296,5.0,2.0,4.0,1.0,4.0,62155.01652251934,47.91212308487828,443741.88251934136,4966.019270483092,28.353911127194415
IRN,2013,11.615578870526209,1.1586890386859607,57.67354603568288,7.0,1.0,2.0,2.0,4.0,348092.78820125584,44.917510515389296,471953.4352721583,4731.480855571142,27.97495850291513
IRN,2014,9.968412512995025,1.0275987304882097,52.773829982082546,10.0,7.0,5.0,2.0,3.0,554435.1040509853,46.23999489429356,464201.17489266646,4741.318309777542,24.869970686838542
IRN,2015,10.90423148402547,0.965608851253966,54.50732625707075,3.0,3.0,1.0,3.0,5.0,192964.53058676014,44.7900928903118,487207.0417021214,4448.502335780846,29.81470376557285
IRN,2016,11.314401902758421,1.048030776796739,57.00548545118788,8.0,4.0,4.0,5.0,7.0,640017.3708272527,45.95354403530917,503978.26558368694,4719.37813348362,29.782325833849857
IRN,2017,11.534107170083434,1.1487652660358885,62.85529134972606,5.0,3.0,1.0,3.0,9.0,496223.6514135947,44.63987696958142,465748.81192351604,4676.63964867425,30.38519381360803
IRN,2018,11.047633128578253,1.2196444186887774,54.97581692463949,6.0,6.0,2.0,3.0,3.0,334089.64835680777,45.458623730364934,487535.4464531074,4764.833420454383,29.509738995262786
IRN,2019,11.420037606329055,1.1254446490982526,62.49265656107141,8.0,2.0,3.0,2.0,11.0,517243.42712662916,46.019249143149395,500622.3474467939,4574.179164838978,27.210756475810694
IRN,2020,10.023814230245515,1.2295743682946154,62.6397646003096,10.0,4.0,5.0,2.0,7.0,1489483.1823885895,47.5393602385456,486571.4919902408,4875.590461473439,27.320785606232786
IRN,2021,11.125773731085546,1.0223743983760545,57.601359376191716,2.0,1.0,3.0,5.0,7.0,169287.00097243366,49.00674533860348,491217.34878415253,4475.600506868481,27.2663500046612
IRN,2022,11.81036169755603,1.101873766339745,57.296332544662036,5.0,4.0,1.0,2.0,3.0,963357.8804928695,51.986690216200586,484033.94592125685,5529.262054479418,29.01587703127534
IRN,2023,11.026112253668243,1.120000087791454,56.49127753970646,7.0,3.0,3.0,2.0,4.0,7488.188257873943,47.57691891062591,488622.7878822745,5172.876190410269,28.02252238140321
IRN,2024,11.662518083381837,1.1391625022846779,58.214720439245795,11.0,3.0,3.0,2.0,10.0,55824.82227336312,49.869553919641014,496905.1626217576,5160.1093060662915,30.29833066218443
IRN,2025,11.919861034320954,1.1598279818578459,55.01758988103329,7.0,0.0,2.0,3.0,7.0,1905782.3603103647,48.277704769606544,470208.9381146613,4562.519311979248,28.378732916692854
IRQ,1960,0.8484317510488031,-0.26884572632451775,12.180696115576845,1.0,0.0,0.0,0.0,0.0,179464.53062925432,9.300633068328416,-17709.285689621087,142.0349101397975,2.871799573736848
IRQ,1961,1.1977826437248322,-0.35213884612817087,16.349878838548026,0.0,0.0,0.0,1.0,2.0,158013.15605580862,4.522473392310611,24836.18241006788,609.6929542320258,3.8303813970369567
IRQ,1962,0.6056567977983386,-0.29715902360555996,11.338496138751644,0.0,0.0,0.0,0.0,0.0,67080.51842743129,6.37454864591148,25384.349895947664,497.87776068072765,2.935726261113145
IRQ,1963,1.1053921088302328,-0.3028524615347298,12.546857042877196,0.0,0.0,1.0,0.0,0.0,35147.60296645856,9.325206082255287,72845.3780745621,1030.1903727068445,2.491904154507382
IRQ,1964,1.6459661314622913,-0.36344971976193713,9.204069831499236,0.0,0.0,0.0,0.0,1.0,86022.07977646215,9.41976439454558,42889.65522914963,772.4764030870427,1.3977342040974765
IRQ,1965,1.4626285228011504,-0.2877202470925252,14.728064221389786,0.0,0.0,1.0,1.0,0.0,171051.42953589666,9.76349841382426,52875.72601597206,646.8415511572225,5.427131456814218
IRQ,1966,1.1192305296808445,-0.2784164480014937,14.819839037074553,0.0,0.0,0.0,0.0,2.0,196202.33099089068,11.913566077324843,32234.760756677424,1038.684241390832,3.039191338459099
IRQ,1967,1.676838484138052,-0.2674097075764738,14.715403950157235,0.0,0.0,0.0,0.0,0.0,37622.14230092761,5.199669286643736,31603.33584111977,771.0776835000701,4.014917635478869
IRQ,1968,2.0580312544924344,-0.23785846088198773,14.445456830428899,1.0,0.0,0.0,0.0,1.0,123835.3063971241,6.66627060886684,29951.218590868113,822.6414491614686,4.273618445993876
IRQ,1969,0.5758972085674989,-0.2193912028379484,14.722946262849511,0.0,1.0,0.0,0.0,1.0,181930.02809550197,11.172181529341604,23997.047223465535,1057.6536910547125,2.1692947043617177
IRQ,1970,2.5373011906039933,-0.24385893909319836,17.21489668535756,0.0,0.0,0.0,0.0,0.0,724026.7215836506,12.194308884750084,78606.67300036704,701.0417669006399,5.7393003123435875
IRQ,1971,1.8029009804328588,-0.09000926230150223,16.433382214178334,0.0,0.0,2.0,0.0,2.0,185355.167633283,12.328840295543618,73574.56622891373,1150.902962998693,7.610030808065366
IRQ,1972,2.3759439579687416,-0.26659674649546095,17.879982923912717,0.0,0.0,1.0,0.0,2.0,208542.90096010227,17.47785757392199,108641.34598420835,1099.7165716531638,7.315236898839751
IRQ,1973,2.9647675295566556,-0.2105331845439362,18.260720297813105,1.0,0.0,0.0,0.0,1.0,358620.81777124014,9.890220454545133,91793.61276121064,809.6149341178369,5.7984602256121205
IRQ,1974,1.643076195052351,0.09116767372360532,21.207648961043184,0.0,0.0,1.0,1.0,1.0,138427.50919807682,13.389888820426831,90882.57767870328,1549.6563023003805,8.179880940006553
IRQ,1975,2.189964947377258,-0.19115847030896826,20.813761433755452,0.0,1.0,0.0,0.0,1.0,127127.12113512329,13.049646142243434,42595.091939348924,1049.8946425081901,4.6805006055061025
IRQ,1976,2.60896978144778,-0.1917945956705115,20.372960179946386,0.0,1.0,0.0,0.0,2.0,241330.90409169637,15.29983348783416,147322.5695533229,845.6325240882869,8.70389288404943
IRQ,1977,2.51223942036403,0.0014221667320036616,24.504305924502518,0.0,0.0,0.0,0.0,1.0,424374.4824949407,15.483028944649748,108845.48961129972,1123.8425865139116,6.9731382380273494
IRQ,1978,4.159553520867462,-0.19580924190033813,22.624432147690523,1.0,0.0,0.0,0.0,1.0,289262.53253600944,14.251778650481652,64515.00830452558,1144.5370708056032,9.836642090625084
IRQ,1979,2.879364831705741,-0.019238081749983385,25.74940144222017,1.0,1.0,2.0,0.0,2.0,60242.14267846513,17.11084887333929,131253.5476849294,1519.7654769710864,9.042562263480606
IRQ,1980,3.2733869475499957,0.2019722681981113,24.964427589466347,0.0,0.0,0.0,0.0,2.0,152100.02549468298,17.29016916128613,114969.80093897393,1945.31635685406,7.844531883549658
IRQ,1981,3.941604412984166,-0.061114077972278455,19.847727171420942,2.0,1.0,0.0,1.0,1.0,220989.04744758544,18.295712563461628,124113.5607275587,1716.9816391468933,10.439423338147904
IRQ,1982,3.3740574895387057,-0.062516328663277,28.763362851917698,2.0,1.0,0.0,0.0,2.0,233667.17700449924,21.502156518172292,162351.98813749765,2129.7976735049947,10.6820450506915
IRQ,1983,4.088324210806238,0.010965068374318335,26.928551994948364,5.0,1.0,4.0,1.0,5.0,133805.9614979625,25.513084062669996,151916.85819613934,2110.1710452119974,11.62436306890212
IRQ,1984,4.757488103622203,0.23881867550648614,27.58729776145828,1.0,1.0,0.0,0.0,2.0,243874.0838514056,16.639438334510665,203433.38783810148,1338.7902972375334,10.798804620948136
IRQ,1985,4.6503229586587285,0.2940472076758977,29.580404308631213,0.0,0.0,0.0,2.0,3.0,377230.4517250961,24.889223244893454,186511.99058190268,2285.8163752132173,10.931525544465362
IRQ,1986,5.061394464839331,0.2010926400617961,29.203159089484732,2.0,2.0,1.0,2.0,3.0,217715.87247651324,24.504621772731344,211232.4051329812,2049.636858114426,14.095810665054394
IRQ,1987,5.089545092008109,0.33554896542143114,31.845446310389416,2.0,0.0,1.0,1.0,1.0,211602.13983056636,22.48131992786523,227489.57231609648,2420.605670848993,13.821630069665867
IRQ,1988,4.806088603127564,0.43148603050099466,31.028609968518374,1.0,0.0,0.0,1.0,1.0,582258.0666856435,24.44166585656052,231916.11285520683,2402.1793260895315,15.406379838591349
IRQ,1989,6.147655440512253,0.5030210131880821,36.936721272888924,2.0,1.0,2.0,1.0,1.0,519655.10886295495,28.360577944760344,243382.74714970854,3187.3401242135983,16.076956321232114
IRQ,1990,7.259086516197164,0.38029317750561215,34.71602971594737,0.0,0.0,1.0,2.0,2.0,205830.8500813519,27.61370527898742,254033.74404455157,2752.476084992974,16.991130576984624
IRQ,1991,6.547841593708287,0.255848962552705,35.29249976714092,3.0,2.0,2.0,1.0,2.0,2113236.766667054,28.513821658985616,300227.52157681517,2904.595913920019,18.965325274052983
IRQ,1992,6.9526178365108375,0.41406408190718985,35.179385326325715,4.0,0.0,1.0,0.0,5.0,26825.462457243062,28.19755693255915,296422.3337237434,3137.609487409573,17.67430619184266
IRQ,1993,7.504404527526273,0.4849636913038338,39.394065313454554,2.0,1.0,3.0,1.0,5.0,156821.24010287834,29.141951319300546,270410.88755547645,2649.938181198203,16.68833215392302
IRQ,1994,6.655043055778846,0.537185152453652,40.40215075593533,4.0,2.0,2.0,0.0,3.0,15197.979299748058,29.76812962732707,272013.14726207394,3368.4445470533715,17.68009275222679
IRQ,1995,8.63722823724585,0.5809061778422698,42.0940280942865,3.0,2.0,0.0,1.0,7.0,754574.1186519606,31.863364657372287,291796.5878355028,3174.8917812695545,19.022643988826182
IRQ,1996,8.041386579539758,0.7225616577957262,39.71468559252695,5.0,1.0,5.0,1.0,2.0,591810.5486453926,33.76537100672614,333856.4700816319,3172.0937910389957,20.37415125067607
IRQ,1997,9.12247709691015,0.7710547096040724,39.40643561137937,4.0,2.0,6.0,1.0,8.0,492048.30078259896,35.86597868044366,306871.2392587879,3633.1898052026177,22.639811163520886
IRQ,1998,8.01321256054125,0.6902252774901972,46.062702312647026,2.0,4.0,2.0,2.0,4.0,105008.76510759482,34.19701170050707,329009.98637553985,3193.124103674444,21.122614347483918
IRQ,1999,9.721304885658293,0.8253979942841516,49.259079785941466,4.0,1.0,4.0,1.0,3.0,544292.2981112408,38.69264112856495,322255.47104837483,3862.11330637241,24.25777351260379
IRQ,2000,9.352888063315056,0.7983066351384949,43.987044875525505,6.0,2.0,7.0,3.0,6.0,197544.79077378294,35.8548208305517,389041.21194641717,3698.9662857176663,24.944511293725387
IRQ,2001,9.44598926370896,0.8055766467811941,51.48660848866013,2.0,3.0,3.0,7.0,6.0,928394.2723261007,40.491718880495405,391917.44926286535,3802.689442403611,23.61004953010186
IRQ,2002,9.472599071491763,0.9021631861672252,49.136016821791834,3.0,2.0,0.0,3.0,6.0,103472.17264196143,37.635091421343176,406416.5030210766,3384.678532674126,24.400646993535748
IRQ,2003,9.394198349596616,0.8631161367271272,49.27409189075085,5.0,4.0,3.0,1.0,6.0,116091.79947248241,44.90101511533826,381285.54867236037,4205.023226422097,23.360296535519357
IRQ,2004,10.415420422046166,1.048119115861552,49.11532268656464,7.0,0.0,2.0,2.0,6.0,1552147.9499590436,42.55699546375479,357408.40694263694,4128.456500730738,26.813901325453436
IRQ,2005,9.982813401389528,0.7930462685662653,47.417428761119695,7.0,3.0,3.0,3.0,5.0,354792.9157440157,43.683161724958055,388140.0503313587,4032.813270976534,24.00000633999067
IRQ,2006,8.93714634947752,0.8900157442869178,54.07024054650772,0.0,1.0,4.0,4.0,7.0,292687.1224362344,42.05382290165246,382563.1486642587,3992.5384426360906,26.979272253544288
IRQ,2007,9.581267236057823,0.9427340641100285,50.33772084222926,2.0,2.0,1.0,2.0,2.0,217822.11971126462,44.41507068000713,389045.1808161739,4457.684821017361,24.229534123623292
IRQ,2008,10.261851446133562,1.008194511395859,50.957930065631615,5.0,1.0,3.0,4.0,12.0,907348.5862300592,40.799346060555024,457583.0057409195,4415.122947596402,26.924380489234302
IRQ,2009,10.682001960145717,1.0932632799874504,55.974392056567496,9.0,3.0,3.0,4.0,6.0,225090.2856123767,41.94899929019339,428916.33256982215,4389.7082760081585,27.917092043281528
IRQ,2010,10.596628015628205,1.0073234393857193,49.3323952822148,9.0,1.0,5.0,3.0,8.0,231157.67105128334,43.94433089481155,447736.90973131836,4207.506738378571,27.934106855605172
IRQ,2011,11.446294760381809,0.9116667141265227,50.736164413548934,4.0,3.0,6.0,3.0,5.0,70092.64211475951,48.5059060472224,473084.8893201971,4558.399788839576,26.29148618724071
IRQ,2012,9.73098580330141,1.1078003291249043,54.96713993524554,5.0,6.0,3.0,0.0,7.0,397161.15592264367,47.77601211069177,424787.15967996133,4588.334124689647,26.829566036341507
IRQ,2013,11.03464901181962,1.1145999636675874,56.17706302176932,3.0,1.0,6.0,5.0,4.0,1409121.4157596123,40.86725400775518,469855.0476743666,4880.956256643769,29.60200474362962
IRQ,2014,9.998175935722278,0.9115749928593717,57.053201795226194,2.0,0.0,4.0,3.0,4.0,1753341.9435439336,44.03858108450389,422255.94837736554,4327.687945932521,26.96303197480902
IRQ,2015,11.564465499659097,1.0783225812723467,55.452594765447195,4.0,1.0,2.0,2.0,10.0,3041514.9164453596,46.39110365813855,468446.4116644301,4475.246003919381,27.215709450434005
IRQ,2016,11.150594405247363,0.9621671809962214,62.86900315443688,4.0,3.0,4.0,2.0,10.0,365192.4956247896,49.71551236667803,492137.3472558161,5131.798519124533,30.170409076292373
IRQ,2017,11.517082139258408,1.046070542508641,56.281600800235594,3.0,0.0,4.0,1.0,6.0,861297.4540614132,47.715624288913716,440150.28761594684,4749.0378270546125,28.149018168183986
IRQ,2018,10.844039274823894,1.036056604404786,56.55682582479975,1.0,2.0,3.0,0.0,13.0,470431.46962007,41.71130439748112,492067.65908147796,4789.967772422478,28.317674546274564
IRQ,2019,12.135926360301404,1.1812954749338904,55.39985517404442,8.0,3.0,2.0,4.0,10.0,470432.9259060201,45.014616816162594,479585.4165333169,4981.878565771223,31.113948564573555
IRQ,2020,12.053594140291823,1.133465016849668,57.93847338242435,10.0,3.0,2.0,4.0,5.0,984683.8196445663,49.48599078326566,464998.90435145114,5203.006968046209,27.76866163485245
IRQ,2021,11.839804542409345,1.0281811120337798,59.38204033306263,7.0,3.0,3.0,4.0,8.0,1095918.9008932768,48.51939252049379,448537.6398481775,4524.360317355712,27.769010065181146
IRQ,2022,11.47512177089073,1.2077401205617648,61.050658996495436,4.0,2.0,7.0,2.0,7.0,12294.93528205283,48.541112135559075,486489.3555473317,5328.65211993997,29.154277573282407
IRQ,2023,11.924349262409384,1.028381631249509,54.49822987526765,2.0,4.0,5.0,5.0,8.0,1780987.4542420951,50.901242506139475,494571.2884214729,4822.558445133053,29.049381406283004
IRQ,2024,11.222138929375093,1.1747363597201548,57.77023841918822,10.0,3.0,6.0,2.0,8.0,1090852.880647341,47.76782050262713,475964.60795415123,4910.215947483913,28.005991749387686
IRQ,2025,12.154853850296313,1.0879795772545056,59.65114748945504,6.0,3.0,3.0,3.0,10.0,814045.0484603657,50.25325271136649,460897.22282053105,4876.347744638563,30.307700473819448
ISR,1960,1.9938490557782726,-0.3533727695183348,13.838937495364679,0.0,0.0,0.0,0.0,0.0,286614.264562031,10.82831454901379,43688.98390172006,874.8878971501086,3.3493166435574215
ISR,1961,1.7153670473898361,-0.2762126392314609,12.624049798432235,0.0,0.0,1.0,0.0,0.0,121369.0240872315,7.85189910824219,56579.078187068575,770.3594023757379,3.55118062285079
ISR,1962,0.7397066026977301,-0.26656536663704766,14.222268718773693,0.0,1.0,0.0,1.0,0.0,244854.52575172135,5.567238229300597,53398.30080538282,535.3582897122558,3.599375092045688
ISR,1963,1.432008552087494,-0.19228510442432883,11.126258070535322,0.0,0.0,0.0,0.0,2.0,157478.51601520556,6.8741583365461665,72070.90854752576,331.1489578955317,2.298777667712284
ISR,1964,0.5515354462872657,-0.29595882342436136,17.35168459796323,2.0,0.0,0.0,0.0,0.0,140925.65596558363,6.078950287690846,19243.821214815132,567.8698459280686,2.791916267040823
ISR,1965,1.7014934991703143,-0.2541108429289431,16.274479258510752,1.0,0.0,0.0,0.0,1.0,44579.90600224127,3.37133632093271,3544.002907712158,342.24277279408403,1.9090982230162314
ISR,1966,1.7155829720760671,-0.3019426714020702,10.796315357033187,2.0,0.0,0.0,0.0,0.0,366606.5627994619,6.964036463381869,52747.83185136658,900.3235795188469,5.923340325165278
ISR,1967,0.47276965643985136,-0.23964407176640634,11.86839043045092,0.0,1.0,0.0,0.0,0.0,435993.39042667655,10.530416221278747,36416.5370959108,568.8438951525791,4.5538336831607085
ISR,1968,0.9791049146267699,-0.20524033356782284,12.370220080716992,0.0,0.0,1.0,0.0,1.0,744896.0041509715,9.509915418851536,75417.30687186538,744.7513785785596,6.185695879003636
ISR,1969,1.5918085781218827,-0.23330987388336938,17.14976598702197,0.0,0.0,0.0,1.0,0.0,27912.20560913031,12.96681924148426,29566.707220335054,1088.4487260156056,4.4243847657147715
ISR,1970,1.6978392486483767,-0.3535753634920117,12.74832668506221,0.0,1.0,0.0,0.0,0.0,77559.7378095833,10.68795971362687,36434.403255384575,1049.91413163552,6.945050902299043
ISR,1971,1.300798217308662,-0.1653087693127318,15.677862882629691,1.0,1.0,1.0,0.0,0.0,268879.5869687592,12.843013817837289,67622.33094925828,1001.5605943628979,3.3795109205454184
ISR,1972,2.354950015733115,-0.14387337797078303,18.229314236066323,1.0,2.0,0.0,0.0,0.0,463825.08231179154,7.424042739952329,76149.76959285374,779.725038996528,7.332703880999999
ISR,1973,2.4209478736014436,-0.20726945397418056,17.55784841781065,1.0,1.0,0.0,0.0,0.0,344402.3674490202,10.96402322275006,94914.6133985876,1140.0083198934808,6.215811421520351
ISR,1974,2.3200838200722202,-0.23398037910008035,19.046299532585543,0.0,0.0,1.0,0.0,2.0,155054.40651909163,11.954030270468607,82368.66759413944,902.6143828882309,4.7637630194706
ISR,1975,2.163313411182039,0.009951170130487422,16.456769411945924,0.0,0.0,1.0,0.0,1.0,339817.9811528932,11.351895605393704,44197.47496347451,1273.5731514385964,3.156386795325805
ISR,1976,3.3778918792658343,-0.044178580822178605,21.37794150556402,1.0,0.0,0.0,0.0,1.0,20211.701248921272,17.334656747986486,185834.10856282536,922.5787163584876,8.241238532960784
ISR,1977,3.914756785036346,-0.07566245534183055,19.175221116682078,1.0,0.0,0.0,0.0,1.0,301449.2749282228,10.295080383592214,108704.7591255625,1590.2605296895779,9.382177011063519
ISR,1978,2.883917136549538,-0.12060228425022719,20.762211639054268,1.0,0.0,1.0,0.0,2.0,2292.863991054762,15.160154408599935,188574.91010426264,1434.8277523922932,8.568060633292093
ISR,1979,3.020012808292125,-0.06616135522589595,23.081324040009086,1.0,0.0,1.0,0.0,1.0,14249.540028310434,18.786444265767468,122477.87320678652,1470.7762016998727,9.837089436016804
ISR,1980,3.875270753366842,0.1345135059348907,23.704766622326872,1.0,0.0,1.0,0.0,4.0,424773.2593680139,18.81991890951776,108933.27741815484,1655.9533188845578,10.155317630691744
ISR,1981,3.618213826457937,0.0734937510694373,24.51247491628878,2.0,1.0,1.0,1.0,3.0,199682.3432573287,17.152699913533812,137318.82012535425,1631.402877470069,10.171121583175998
ISR,1982,3.985140076651097,0.05199386483576357,23.624708888677485,0.0,1.0,2.0,1.0,1.0,19340.31999882685,16.92610398565494,183160.40695174897,1773.10151241194,12.023647058228162
ISR,1983,4.741141182307776,0.1716747030289067,25.841737863593714,2.0,1.0,1.0,1.0,2.0,212047.65479236183,22.386302656242194,182024.82416339434,2162.972630822857,9.222268532119095
ISR,1984,3.4770727280866587,0.10179805504302136,27.722643665802817,1.0,0.0,2.0,0.0,2.0,21387.248446563066,19.772985246353265,185492.40068160943,2213.841319756174,12.05945755658554
ISR,1985,5.599741527968957,0.32413251249946295,25.439320356989555,0.0,1.0,0.0,0.0,1.0,143335.31522194616,20.120664819528724,187862.83489886962,2241.99288875338,13.527008516592996
ISR,1986,5.156883210196173,0.35032378661181485,28.909284578593955,2.0,1.0,1.0,0.0,4.0,59074.49425645094,25.30923766540209,204481.93867936026,2245.3848284973087,12.612285385812035
ISR,1987,5.157302498542668,0.24356604740512347,32.247073856999165,3.0,0.0,2.0,0.0,3.0,87299.14580211404,24.841688281281126,209636.5535667208,2225.752482206902,14.273708500368633
ISR,1988,5.625599392229172,0.26997198453756666,29.31470862476275,2.0,0.0,1.0,0.0,2.0,78359.61168676535,24.465423113194817,255493.80906997988,2667.9104711785344,12.956778015380968
ISR,1989,5.941136223128988,0.15058264413831363,36.6424947550386,3.0,1.0,2.0,0.0,6.0,170830.77068993583,27.10767504753911,260888.44996258203,2318.6217754629715,15.406376880278021
ISR,1990,5.254559250519168,0.28147353827589056,38.174033156499604,2.0,1.0,1.0,0.0,0.0,42819.88790722984,28.501547969569323,226987.56588925468,3069.236356369148,14.990633498345296
ISR,1991,7.396850136793421,0.3328091179696835,33.13608293404679,4.0,1.0,2.0,1.0,1.0,286958.4157741419,28.503132714396454,226103.1437343342,2934.6262921591706,15.975373997497991
ISR,1992,6.846853207649103,0.49054962297895566,40.88574894824925,0.0,0.0,0.0,1.0,2.0,203865.18285618373,30.088413474154333,244776.3037661659,3161.9507196665286,18.195806048398804
ISR,1993,7.36081516834132,0.49300933054334567,38.36317186880261,1.0,3.0,1.0,3.0,2.0,728115.9904091388,25.983888762152304,278757.74887618324,3109.818291009669,15.618244758064915
ISR,1994,7.932049209373273,0.4502734171867039,40.980669403515236,4.0,0.0,3.0,1.0,2.0,708049.1751271838,31.70334354492311,305262.8057086302,3085.0828790723253,17.236138459163943
ISR,1995,7.071113895724155,0.5734418065258028,39.88133892977212,0.0,1.0,1.0,5.0,1.0,717275.9710752815,31.571566332238888,310238.0545987647,3448.421730737432,20.44363586193508
ISR,1996,8.197293863541903,0.6734770617730605,44.59042737935667,6.0,1.0,1.0,1.0,7.0,266363.1150096389,32.25602363380928,338905.25738676917,3003.8567277398893,19.8588067212533
ISR,1997,8.030265752667106,0.7113275834623128,44.42462365552998,4.0,4.0,2.0,1.0,0.0,146889.70231233336,33.527923581620115,334063.131880601,3302.155388975779,19.680734215027638
ISR,1998,8.921599728717029,0.5519855473354695,42.463340914886615,6.0,1.0,3.0,1.0,3.0,233520.8784993925,34.931412819180224,385110.180630374,3497.9772191620996,21.949969204070264
ISR,1999,7.452763513485435,0.7272581257612997,42.634470131336975,5.0,2.0,0.0,2.0,2.0,514512.652577673,36.32415564736455,368458.2527922226,3316.944220270518,20.35630919138005
ISR,2000,8.850194431606328,0.659026463650279,42.90217284347719,4.0,2.0,1.0,4.0,9.0,339555.65709767706,38.27129053951091,366246.2962088828,3885.678671040524,20.874187340026847
ISR,2001,8.781369337268075,0.8725544647234103,47.98285972083778,2.0,4.0,3.0,2.0,9.0,447881.1782082507,37.11126246944074,337685.1993007713,4123.705228854893,22.716090521630555
ISR,2002,9.586586206853342,0.892371366906708,49.85741770440022,4.0,1.0,2.0,0.0,8.0,550210.4034102744,40.74930925919081,393233.62853967096,3510.4893711030727,23.32486775560548
ISR,2003,9.807377712726142,0.7854937947621372,50.919163349076534,3.0,2.0,7.0,2.0,9.0,1183837.55234961,42.01827019322861,405585.2544374875,3895.782800322937,22.96356958571109
ISR,2004,9.318229828901025,0.8222106055016988,49.814241691410636,3.0,2.0,2.0,3.0,5.0,1383346.6208988256,42.730891042802355,383484.3507147743,4030.41245072437,24.091796572507004
ISR,2005,9.492606504325677,0.8712177978699654,47.986232670521275,4.0,5.0,3.0,1.0,2.0,894817.5977102891,43.89490329769469,380121.69715524645,4218.489656973498,26.758579063685122
ISR,2006,10.004578842119667,0.7510059446357721,49.895732261636766,2.0,0.0,2.0,4.0,4.0,33300.88914537867,41.162024902749465,443490.6882469201,4411.4013199274505,25.245862283833667
ISR,2007,9.708080170833105,0.9797330297415906,55.15760834322808,5.0,2.0,5.0,5.0,4.0,1949355.3130443883,42.439991256808774,398756.20103641716,4208.481771958942,24.064820518304316
ISR,2008,10.852853378529364,0.9512107324520093,51.695875343475414,3.0,4.0,3.0,2.0,6.0,620236.0182926733,44.17155188943873,433347.24227470957,4554.401795083857,26.062261366659605
ISR,2009,10.291458404568242,1.0694404476246322,53.853120358553795,5.0,3.0,3.0,2.0,3.0,611781.1031808922,43.18898516327175,435822.4813766286,4409.259958357234,23.389860886387194
ISR,2010,8.957648170635702,0.9214025873276076,51.3507276899569,2.0,2.0,0.0,3.0,4.0,12272.982754222254,42.02925482763094,451659.7681330134,4298.077460159498,28.919122466611515
ISR,2011,10.529863873692912,0.9759152502270247,55.386616553866936,9.0,1.0,4.0,1.0,11.0,347601.6945157994,43.9603334738444,421577.76381689194,4541.436589282743,25.284031069936916
ISR,2012,10.255706678138335,0.9198771967653747,53.868264139818045,6.0,2.0,10.0,3.0,6.0,531811.6792881711,49.18928255204543,447217.20498872123,4234.3053856463675,27.495955068153716
ISR,2013,10.01410235443911,0.97386001729669,58.060633733696605,7.0,1.0,6.0,1.0,7.0,178723.67419505745,44.22735184614154,430392.1657203274,4511.898180366591,27.675591098959515
ISR,2014,10.331993673341913,0.9723651259242666,57.77525944082092,7.0,3.0,1.0,0.0,6.0,48234.82786485757,44.47130149733029,460346.2073335841,4567.847235431643,26.578139941680757
ISR,2015,11.190540801059658,1.1583048062737262,54.96782613250058,5.0,3.0,3.0,5.0,6.0,427633.8711134859,45.3558099787147,474723.3429448116,4501.334474271939,29.695128693532062
ISR,2016,11.968876642294246,1.033517579550534,56.2264189144635,11.0,1.0,4.0,2.0,8.0,336939.783513929,48.141838130861196,487840.5290574829,5270.21058827766,30.94479055301885
ISR,2017,11.455887477816903,1.1091766850883749,55.47354159704861,3.0,1.0,3.0,2.0,3.0,26034.503028860738,47.94922915190791,505871.7248101533,5009.889520320042,27.189416012495474
ISR,2018,10.99203252893896,1.0778202462528657,53.58520821369404,3.0,6.0,4.0,2.0,5.0,428663.202173702,49.00944833816526,464818.96649808314,4777.531178999064,29.39064153328979
ISR,2019,11.662378936821352,1.0149970777935067,55.24871577221107,5.0,3.0,1.0,4.0,12.0,67528.2614196816,53.35128614460863,466958.2058828829,4855.378064007276,27.15702764773873
ISR,2020,11.190625530082064,1.1106545690621619,58.12424966042372,5.0,3.0,2.0,5.0,5.0,331562.5699542772,49.713203666692536,508086.7540349138,4898.57811484711,30.522001760722826
ISR,2021,11.104871355908701,1.1789566586433498,58.65778599851965,4.0,3.0,2.0,2.0,8.0,191530.49521480294,50.08405387544026,492838.2831666392,4944.1688741399885,30.563749673909008
ISR,2022,10.885835653603243,1.040714092121709,58.413083619143386,5.0,5.0,3.0,2.0,8.0,2166261.276896059,54.671761490175946,511322.2446198029,5183.010297593992,30.316524007920908
ISR,2023,10.583629759482445,1.2078151204222924,57.4671079014716,8.0,5.0,2.0,3.0,6.0,22005.858916895388,49.50080762356426,530965.3029956622,5050.766261662915,26.684978486523057
ISR,2024,11.404396024696139,1.0803495827642637,60.717893279379936,5.0,2.0,6.0,4.0,6.0,517251.0185400286,47.664953912923,462836.4160707075,4381.572220585778,28.336127934131582
ISR,2025,11.753790103063478,1.1144617167120028,58.69324322383453,4.0,6.0,3.0,3.0,7.0,105047.68848745993,47.99949881716844,505565.1617195361,5058.123679830057,28.439329892493532
ITA,1960,1.055997053054619,-0.3866111131663823,15.316925777748345,0.0,0.0,0.0,0.0,1.0,217290.8530902321,2.655200667403758,36828.20189926055,378.0838054761988,2.1223566795052937
ITA,1961,1.2996254559847649,-0.33733831033593265,13.628017935866778,0.0,0.0,0.0,0.0,0.0,695.7392390094569,9.027154512189227,79785.85935239267,253.79506636196516,4.862604556077989
ITA,1962,0.8488662066591077,-0.18039826959410268,9.427123572977532,0.0,0.0,0.0,0.0,0.0,17302.63992466224,7.581032854095521,53308.92725977296,759.0672611201887,2.9585591101785247
ITA,1963,0.7766683775491299,-0.2350723536193561,11.964554158721846,0.0,0.0,0.0,0.0,0.0,96777.01037785679,4.767509653066116,48992.228072583195,461.90957948109553,3.7684882359089698
ITA,1964,1.4077028556296551,-0.22040064649968694,20.814541855338895,0.0,0.0,0.0,1.0,0.0,343653.2722888948,7.441988166305549,47486.1141714125,838.3476227024537,3.6962730786393756
ITA,1965,0.8098047231156573,-0.39192507642942204,15.604136652016496,0.0,0.0,1.0,0.0,0.0,50711.891015064124,8.183488282795063,13956.933496948928,403.5487127311357,4.390491854371529
ITA,1966,1.6912313442159286,-0.3590159845339538,20.08185307672486,0.0,0.0,0.0,0.0,0.0,411755.92240115197,10.87114598255478,17641.54259118611,1159.6831443108968,3.6442105237665006
ITA,1967,0.5689284792340875,-0.48132955513506437,18.04473325624077,0.0,0.0,1.0,0.0,2.0,23601.205517451213,11.164146922802743,50540.018632440355,1347.2044260981274,6.006992989152495
ITA,1968,2.2388951163386244,-0.30514968309512414,15.59202963487363,4.0,1.0,0.0,0.0,0.0,15829.37760214446,11.914459964701743,40091.95700035161,896.2650332175434,4.558333760830661
ITA,1969,2.0263569961370487,-0.1489088311761666,16.208358734233443,0.0,1.0,0.0,0.0,0.0,532153.5392330606,10.755103868834608,19345.344345676545,1117.4157155881012,5.564294340758474
ITA,1970,2.0180507004848303,-0.16791960350474228,15.868696001413763,1.0,0.0,1.0,0.0,0.0,39759.66996051848,8.893825948824443,51734.94892990393,753.7049329002717,5.491058872722417
ITA,1971,2.561294770943146,-0.20954750205537334,12.160912178533643,3.0,0.0,0.0,0.0,1.0,144894.5846335931,8.81364192438302,77168.64245632959,781.7199805374662,4.224007244989015
ITA,1972,3.088935051921591,-0.17482231885666383,17.137671376194948,2.0,1.0,0.0,0.0,1.0,94670.74498196218,9.806703050056099,86262.22174822558,1247.3048118887793,7.860765424267244
ITA,1973,2.859613335846074,-0.20796641927237694,20.74994963553223,0.0,1.0,1.0,1.0,2.0,39536.17551549731,11.802734557571858,57300.76867688486,1061.566443665298,5.4127339283751255
ITA,1974,1.3732858879441725,-0.11484870562213645,16.89998075625077,2.0,0.0,1.0,1.0,1.0,254993.38464009514,12.50260472700575,83677.23121105366,767.0867338317455,7.835732346116021
ITA,1975,1.8621367679000693,-0.04684889955138064,20.15115868797234,1.0,0.0,0.0,0.0,0.0,870236.3626059821,15.524321728416624,102378.78850128452,1175.5624977266355,8.12847793604465
ITA,1976,2.4156145994012945,-0.21276516468656861,22.019783186803902,2.0,0.0,0.0,1.0,2.0,289781.44555818505,13.329443239396134,68067.0919312446,942.595680648487,5.440350673165842
ITA,1977,2.9779000488818057,-0.03336415784110592,18.43404974959088,0.0,0.0,0.0,0.0,1.0,121125.8219913477,10.08398981204306,88596.09703401243,1263.063822612353,7.745007090347837
ITA,1978,3.459618926531043,0.04495513607794521,20.44550366418996,1.0,1.0,0.0,1.0,2.0,354565.65932044166,12.732924108355261,116177.03756548416,1634.4075342011251,9.293055421745207
ITA,1979,2.9547060930929043,-0.03362419206925784,19.94221599405122,3.0,2.0,0.0,0.0,2.0,45222.537347616104,14.042801896476343,102935.37219758482,1816.7398026924316,8.587380457896957
ITA,1980,3.700217235329264,0.08636232316163886,21.391657051776235,2.0,1.0,1.0,1.0,1.0,260261.82103293928,14.904774831596715,127019.73037499253,1628.9493717843757,9.351203106833545
ITA,1981,3.3897355337092936,0.2876531513577979,21.233511659617143,0.0,1.0,1.0,0.0,1.0,194910.4461801961,11.694365797212047,207505.9942975422,1972.9749025583437,10.397279692430866
ITA,1982,3.7136707303120864,0.08769340675686875,23.25015479017431,0.0,0.0,2.0,0.0,1.0,140572.3514918039,22.48243487874932,118097.47676253806,1649.0337545752693,10.1543790666655
ITA,1983,3.507010489378362,0.16236412853136012,30.13925059358629,1.0,0.0,1.0,0.0,1.0,433894.9861680091,15.02080888869473,202119.51088483515,2259.180281099845,11.790820022064057
ITA,1984,4.0440933618895825,0.10790534334581595,25.428492115984497,1.0,2.0,0.0,0.0,1.0,41618.17922881491,19.654542525268308,186342.05439130458,1795.5226159763233,11.981238777039906
ITA,1985,4.064499042949281,0.21856516308519672,29.193181487558995,3.0,3.0,1.0,3.0,2.0,256829.89318730775,23.47072163328327,158853.53281756793,1884.2792994628956,12.295350171366628
ITA,1986,4.553964788244835,0.2789214738186611,28.80844511020001,2.0,0.0,2.0,0.0,2.0,664771.4547223623,24.385820973485643,218185.6747946439,2077.8580191954325,11.878008134497982
ITA,1987,5.99975508971543,0.2964793603229567,34.2250390020094,1.0,1.0,1.0,0.0,2.0,79412.44575777442,20.843298569223354,214423.53817080337,2124.471143738344,14.483415187366436
ITA,1988,5.131004669828138,0.23868997872332692,35.786205875885145,2.0,1.0,0.0,1.0,2.0,110613.89298109918,27.972635040171525,255706.00018740472,2537.3739138526785,11.23199203320091
ITA,1989,7.47635903127369,0.3765422417397321,35.91121558140036,5.0,0.0,2.0,1.0,1.0,397189.39781735366,28.763406952753996,254514.70199490138,2826.878797364321,15.66779387681597
ITA,1990,6.533657793006511,0.516975675097411,35.765336382756885,2.0,0.0,3.0,1.0,3.0,555370.2556375908,27.091812746205495,255398.27966646684,2653.6444641422963,16.0207975259256
ITA,1991,6.643541427132362,0.4758575611274662,35.67131053184475,2.0,1.0,3.0,1.0,8.0,127428.96130400433,28.685379198751104,255318.85753520555,2840.557671502141,15.56115066028803
ITA,1992,6.329535245489299,0.5566933708257121,34.512013105145776,0.0,0.0,3.0,2.0,6.0,173989.82392889686,27.68666826252567,304531.6580059789,2559.347486215092,15.450078694930395
ITA,1993,7.508767123994249,0.5001470692976442,43.58094804338844,4.0,3.0,2.0,1.0,2.0,535327.9973827219,31.41785268279566,277865.42235409,3022.501590437262,18.669954661545326
ITA,1994,7.053916341206478,0.6178922753338201,38.03520046124122,1.0,0.0,2.0,1.0,5.0,136049.8345029814,32.44981799100293,264810.56415200204,3529.9556413493074,18.41730754291037
ITA,1995,7.728437952242411,0.6182763569802895,42.78208242767484,6.0,3.0,2.0,3.0,3.0,452659.1820138098,31.915554399855374,264305.1843130726,3557.541554200494,19.622944833276772
ITA,1996,9.397096131101204,0.5569772315862941,44.93172924284826,3.0,0.0,0.0,2.0,2.0,72646.20173920086,35.507009310742156,292344.3076163834,3077.3122874207897,17.505954473818967
ITA,1997,8.128924937592238,0.6945821158529758,42.021187366144986,1.0,1.0,2.0,1.0,4.0,226513.58116052338,35.81435110666079,354459.6761446234,3337.5185944236023,21.37647331568449
ITA,1998,9.095538695581808,0.624623436728955,47.09375537467053,1.0,1.0,3.0,0.0,6.0,507612.37247795344,43.27879329541805,336234.85298909474,4343.415571141821,22.634811355786606
ITA,1999,8.27159283574016,0.6868887822092228,47.45800813959733,2.0,1.0,2.0,0.0,6.0,272584.16263403295,34.96399166015105,336502.2205664463,3739.7162636410408,21.692854989335146
ITA,2000,8.887055272209304,0.7848399903913977,50.87283851995466,4.0,2.0,2.0,1.0,4.0,8741.157304439812,40.89667126013209,354980.66595349077,4092.0724539903003,21.213968464404697
ITA,2001,10.14620157983427,0.8241957108225983,46.33963911368911,3.0,3.0,0.0,2.0,6.0,238593.79716945475,36.84399395423153,396074.40841580974,4200.759313962451,23.6150691662003
ITA,2002,8.977528952010736,0.7345010563922578,45.21157913175159,4.0,2.0,1.0,3.0,5.0,158169.00258501785,40.77037138996373,400295.19986147597,3649.868362510396,23.12081028757133
ITA,2003,10.57926022583766,0.941654834562724,48.02802476351665,5.0,4.0,3.0,2.0,5.0,50456.469587536434,34.51386051480209,397173.66308254836,4163.535896010383,25.212069215354663
ITA,2004,10.132072081310588,0.9292547239577686,50.63132828426491,6.0,2.0,3.0,1.0,6.0,4406.4093045029185,39.945479365571344,386324.8633560886,4114.276854736097,24.490182119027207
ITA,2005,9.578688080087698,0.8517408870609593,51.02425562739483,5.0,1.0,2.0,5.0,5.0,22709.588698467185,42.853002519188856,399225.3733417346,4551.892173935026,21.89289371952606
ITA,2006,10.431845878997056,0.8082226324983451,50.617324516009845,5.0,4.0,5.0,0.0,5.0,1475494.7670412965,42.98062732911137,412875.5394498807,4671.59259724838,22.00778363083558
ITA,2007,10.78286826007472,0.94126320953983,47.503743098380156,6.0,1.0,2.0,2.0,9.0,696249.6552298911,38.53751128743491,400600.5237916272,4078.5466942791577,24.680368733850724
ITA,2008,10.72625348191928,0.9373627990503269,54.08365424529838,4.0,2.0,1.0,1.0,3.0,1432648.737240451,42.689952169660494,426458.9075543748,5142.057099989884,26.662229402277674
ITA,2009,9.600873330888511,1.0008776775834451,58.42543747955561,7.0,6.0,2.0,1.0,6.0,63095.40047173055,47.4677335137778,411453.7322166703,4428.212420588723,25.667703670436605
ITA,2010,10.211062520646346,0.9802259918721664,55.200481994201624,7.0,2.0,5.0,2.0,13.0,443706.98445145134,46.95099373218699,449644.6135877626,4588.335859096251,27.351304125720933
ITA,2011,10.603063340808337,0.8648485372274184,56.06799773785313,3.0,2.0,1.0,1.0,9.0,46307.55257818438,47.2516822383544,457491.0065668445,3863.967044299361,26.018383272264295
ITA,2012,10.810070153391093,1.0093314623444112,56.4435888094035,6.0,1.0,1.0,1.0,2.0,14673.007059862772,50.803685693137055,478098.9178884186,4768.125366047529,30.094657531317175
ITA,2013,11.308972404420794,1.0297537334907652,56.436468623963194,6.0,6.0,1.0,3.0,5.0,343767.62134365353,41.973434520601664,461028.5493629893,4065.497488322245,27.185378222902497
ITA,2014,11.145692065856514,1.117616567591649,58.170530092474124,3.0,10.0,3.0,3.0,8.0,576883.2668582944,45.3697967722974,464204.44358446274,4575.265503790386,28.048057834317543
ITA,2015,10.359807923497392,1.0227709379971266,57.195525201901994,6.0,1.0,4.0,1.0,6.0,36940.69612326764,46.65629624327073,441295.4213824543,4513.537849041937,26.53399868799905
ITA,2016,11.423521930379943,1.2236725013204506,55.76138605869947,8.0,3.0,7.0,1.0,7.0,258907.86616281874,45.243601970370264,464314.4231111562,4784.5885587499,27.478643356132185
ITA,2017,11.626893208882738,0.9463113862566652,54.861359922128294,5.0,6.0,2.0,4.0,9.0,54570.4088890576,47.44715062282166,443064.30710209033,4746.166824267799,28.92817246099458
ITA,2018,11.662651484723359,1.21317471838602,56.51135706685487,7.0,4.0,3.0,2.0,11.0,263003.98231741105,50.34761740040232,428873.28563113546,4868.507240379979,28.33024718817989
ITA,2019,12.021682941792104,1.0986087814042833,58.17764558720578,6.0,2.0,1.0,5.0,12.0,378176.24002873263,47.901318323869916,467359.7174496779,5047.672390303207,24.645435177273846
ITA,2020,11.934107697323604,1.1928853927033778,56.83849893831424,3.0,5.0,0.0,5.0,3.0,247069.25779097612,42.90689492669897,463765.5672746431,4541.166271412362,29.37081979811219
ITA,2021,11.768295113733862,1.1374125108189608,58.63048396077427,10.0,3.0,1.0,3.0,8.0,521605.1605361161,49.5832166772181,493744.59111791925,4749.360528801462,29.645805445878583
ITA,2022,11.509248903748487,1.2284992864072148,59.13958919441283,6.0,2.0,4.0,2.0,10.0,540270.9997414548,48.20380885296133,456461.5369586214,4617.243697869519,29.926526994350375
ITA,2023,10.635878786592988,1.1120971399995572,60.304389114543646,3.0,4.0,4.0,2.0,14.0,252030.5076693054,43.49593881937236,552446.4129980274,4616.449214488818,30.543158676725014
ITA,2024,11.875632631969056,1.0604376224682543,61.59221418717492,8.0,3.0,1.0,4.0,9.0,310992.0685974857,47.1618240400738,471910.33500030736,5302.393388416038,29.34878199730308
ITA,2025,11.782329766478192,1.266740773779515,58.72940700862933,4.0,6.0,5.0,1.0,13.0,370848.5381994186,44.7756248534663,483618.67174564564,4564.035589916581,32.533074944550506
JPN,1960,0.9001708544909508,-0.24744773732852976,12.342505938686728,0.0,0.0,0.0,0.0,2.0,86190.26372165319,7.782501364870609,14859.497586509902,321.48361473215346,2.515776458037825
JPN,1961,0.3822906457720153,-0.31242142092644526,15.184327674524784,1.0,0.0,0.0,0.0,0.0,89116.26434489552,3.9280381846609314,32915.491792027686,513.2261474661198,4.31853770717236
JPN,1962,2.097864522597681,-0.2899553435053538,15.60320505051175,0.0,0.0,0.0,0.0,0.0,653726.858280047,7.0855069839522455,60047.00043776732,472.74611786723005,4.883244674393378
JPN,1963,0.4018623023280957,-0.21329718929156072,11.133688475201286,1.0,0.0,1.0,0.0,0.0,3328.408572261689,3.8608664293197292,28111.435162368485,374.4551976919262,5.2384569163642585
JPN,1964,1.0420662540977226,-0.27143135490839854,12.140533184325585,1.0,0.0,0.0,0.0,0.0,304749.5273073827,8.99985449641221,32869.92294305474,842.0965900153284,4.080673373935075
JPN,1965,1.4475449021838034,-0.20630550758510519,10.487040414353938,0.0,0.0,0.0,0.0,0.0,19154.31916004166,9.439161486798673,38990.784201808834,890.4876203084168,4.401096150791157
JPN,1966,2.2852181508931237,-0.2907222616796323,15.181297170531261,0.0,0.0,1.0,1.0,0.0,16339.561590249401,8.458622003131861,31510.50819688056,733.0752743477267,4.243434797438877
JPN,1967,0.7222933147426681,-0.14924456329031438,16.222717759385034,0.0,1.0,0.0,0.0,1.0,80546.3213432595,6.4388240599686295,37696.60719666884,492.82008611660376,3.7609889419513656
JPN,1968,2.3159497823654807,-0.21473635933388907,11.612710361331075,1.0,0.0,0.0,2.0,0.0,253371.80196233335,7.64613918275292,31595.08478373665,797.3942959411065,6.026746124634872
JPN,1969,1.7604974538358114,-0.20992093059854938,14.316843797740251,0.0,0.0,0.0,0.0,0.0,246773.49760482932,6.257168880100161,66154.89307926643,668.9807161376498,2.40135255518045
JPN,1970,1.3064661289017798,-0.31088021186157455,12.592011307152504,0.0,1.0,0.0,0.0,1.0,222421.64108462253,10.248418590964667,58696.799325041335,1162.4130434145118,2.9963490277626983
JPN,1971,2.261956952875856,-0.16886997267506673,14.258424192540298,1.0,0.0,1.0,0.0,0.0,346346.3604418576,17.98342131835078,80864.92842158285,630.5260829059678,4.877280875252827
JPN,1972,2.2457465713103546,-0.2395946895587757,18.470095895590134,1.0,0.0,1.0,1.0,0.0,63469.901712741994,11.153599240995693,97276.64382705427,1121.2378259811676,4.188797552565599
JPN,1973,1.9312258440943422,-0.20391819398862404,15.889558087481037,0.0,0.0,1.0,1.0,0.0,248662.51289431483,11.005647917942444,51864.021681815175,1175.5622735986042,7.845423637265934
JPN,1974,2.47192476982913,-0.1964594664795689,17.64701585322303,1.0,0.0,0.0,1.0,1.0,259134.77148413533,13.047217050679798,63946.07860902068,1300.1785545951711,6.083671995827928
JPN,1975,2.3763382055775857,-0.19341795646176785,15.05299687044953,1.0,0.0,1.0,0.0,2.0,278850.24944105657,10.620638591088348,109292.7996128574,1203.5292989504076,8.335792741002674
JPN,1976,2.8401577550957775,0.0864874905476262,20.35828109638257,0.0,0.0,0.0,0.0,1.0,243680.41938031907,11.390968818254866,93363.73582826606,1152.1615455288845,9.365510893611791
JPN,1977,3.343622832860178,0.0491711520909785,20.597567548260447,1.0,2.0,1.0,2.0,1.0,69490.3552190059,13.244844252639929,109882.14815442724,1868.957276309642,8.082536482571317
JPN,1978,4.0739246590448746,0.12398974657311274,19.751362699966215,1.0,0.0,1.0,0.0,1.0,700213.534792996,17.4076823722959,118591.2784777341,1181.824403427705,8.939221686479742
JPN,1979,2.660264873830709,-0.0982477705166334,22.014458976037933,0.0,1.0,1.0,0.0,1.0,1090994.0894040596,16.98883259142916,101967.15248953346,1642.5328484518543,10.710132611880898
JPN,1980,4.819320536182297,0.03600657418486357,23.897808269758364,3.0,0.0,1.0,1.0,0.0,350568.872571277,16.743852305608645,147827.64461599378,1568.3562210248401,10.929301542228442
JPN,1981,2.7016302350870154,-0.040999814216334085,22.41535449647644,0.0,1.0,2.0,1.0,1.0,180542.58922480373,19.692219237910827,151446.75615754293,1739.117388542404,7.194117169024209
JPN,1982,3.9780170373869965,0.040385240020054974,21.81061958361493,2.0,0.0,0.0,0.0,2.0,242688.71038488852,22.79554061156106,130541.26626221719,1836.4419677062326,10.103575906354514
JPN,1983,4.654123013794721,0.0574494058576082,31.10454747330873,1.0,1.0,0.0,0.0,1.0,36992.59897357706,21.58793352687122,162453.1290297458,1605.132396986297,12.008389619435356
JPN,1984,4.736522802350996,0.2661166305540522,26.134002926934546,3.0,0.0,1.0,3.0,0.0,149030.4158392952,18.65510338598107,175097.34145042064,1649.9812440437934,12.22357746907215
JPN,1985,4.483665467281831,0.17236669582889189,28.635133181940045,0.0,0.0,0.0,0.0,4.0,1260668.8997421332,17.751789620748877,208044.37056807822,1774.3003021592967,11.18153664006398
JPN,1986,4.995421614751368,0.32757009051559816,32.59271633192819,1.0,2.0,2.0,1.0,5.0,273743.2944858428,19.134215209470085,230524.33327585852,2081.3520902756477,10.84618171795818
JPN,1987,5.110435519237093,0.32922164426842704,40.10051212834326,1.0,0.0,1.0,1.0,3.0,289898.75145421614,26.105392596885153,213144.5078629226,2358.451559636881,14.771316237543221
JPN,1988,5.338024295663583,0.5045567044684186,29.39708400965394,2.0,0.0,1.0,1.0,2.0,1108323.485362983,23.552425778655586,183699.31881969492,2254.2509286878512,13.423891422186067
JPN,1989,6.451260549779279,0.2416777621825181,34.875608660369274,1.0,2.0,0.0,3.0,2.0,799190.6781507817,28.2172850344588,256151.97479445895,2195.047165124136,15.112511810896416
JPN,1990,6.455283904429902,0.5007386591829439,33.23111928676474,4.0,0.0,0.0,1.0,2.0,315371.00593621616,26.476742777171545,305341.91315461666,2865.8597755028773,16.202625428493914
JPN,1991,6.138837638732934,0.5316819695983622,34.90198361250523,2.0,2.0,2.0,1.0,6.0,119848.45756305654,29.49718342635646,280876.33617443935,2405.8220370633576,16.47154609244991
JPN,1992,7.340360897467616,0.401864088657802,35.691169813106924,2.0,1.0,1.0,0.0,6.0,48497.43949083897,31.319956889123723,268560.564440065,2996.9635606367547,16.09089845779386
JPN,1993,7.28278616783813,0.5996786938165072,35.907988421081484,2.0,6.0,1.0,2.0,1.0,792034.8987895594,29.088530456292105,297652.68667002197,2823.3008124466837,17.968586842123337
JPN,1994,7.8523038096256,0.5847918532220215,39.83115460116095,1.0,2.0,4.0,1.0,5.0,1023383.6685162523,33.792190626794316,319711.4572223946,3399.9617096464185,18.001013143591205
JPN,1995,8.020318892927405,0.5777368291266948,37.43670984247215,3.0,0.0,3.0,1.0,5.0,281235.0147553517,31.52626993243821,314426.6667452632,3102.0417109516357,21.746964313637594
JPN,1996,7.448375390316455,0.5671352510035127,44.64983422756944,2.0,1.0,0.0,1.0,5.0,41715.087868053,32.47501875750489,355990.1214453232,2920.8513709399526,20.37708750131646
JPN,1997,7.862055281820654,0.611571679353131,43.546895948491745,3.0,1.0,5.0,2.0,9.0,398419.2759394603,36.915912514840734,306173.959551967,3431.183807299878,24.302271419863526
JPN,1998,8.86440035591342,0.867944137467054,45.55481148863422,0.0,5.0,5.0,2.0,4.0,199236.10344226836,37.47106367491001,335216.72000830615,3345.3934447699216,19.4735113719693
JPN,1999,9.026882182811788,0.7375738297166048,44.38200360138464,1.0,1.0,3.0,5.0,5.0,76025.83307688065,38.02774936766253,367218.83256089676,3832.011083238326,21.485350027519992
JPN,2000,8.895155237715672,0.8322641259305246,45.63491909597088,5.0,1.0,3.0,1.0,3.0,1131785.070973374,35.416391552445,383221.3071316907,3813.4636198941616,22.04358567408492
JPN,2001,9.195454459746403,0.7371442184187841,48.23191504267421,3.0,3.0,0.0,2.0,5.0,125223.32089584373,37.8975471014919,361728.73781809164,3678.38794357155,21.919683180773053
JPN,2002,10.072692325317046,0.7672514179006971,45.51611259393631,1.0,2.0,7.0,0.0,3.0,577477.7458392961,41.133940926625,373199.07204733294,3676.4330860009118,23.026954259296947
JPN,2003,9.196948756408823,0.9438947576080894,48.39677306609459,8.0,6.0,3.0,2.0,2.0,265085.74817784264,45.500956289681504,376500.56564633566,3735.4956409238075,23.331423430926236
JPN,2004,10.039695712596462,0.7755281247696082,47.960160643232946,8.0,1.0,2.0,1.0,6.0,844704.4003511112,45.17339422041459,382711.69453739,3932.5758745258695,23.09096235444415
JPN,2005,9.785845701077411,0.8749020604774083,48.65230178320465,1.0,4.0,6.0,4.0,7.0,588295.3517030389,40.73800901371946,421918.9242194928,4463.076697129223,27.404573273157272
JPN,2006,9.94304473718448,0.9339516091000578,46.32632365513212,5.0,1.0,2.0,3.0,14.0,65058.234699030654,40.957824385265056,415241.45703475294,4176.7048133574945,25.179699453369096
JPN,2007,10.855446141431985,0.9617653840135487,55.62505321952327,3.0,4.0,2.0,2.0,5.0,300058.48469413683,46.94141597759675,455288.54903240444,4496.5652506933475,26.97273692917383
JPN,2008,10.843327154312508,0.9587108333579273,51.19109987209119,7.0,5.0,5.0,2.0,5.0,153417.89271734102,44.968263084013095,401930.21965716884,3985.2942395629584,27.414500024735812
JPN,2009,10.97152058552589,1.0234920235068772,56.403016419758984,1.0,2.0,3.0,3.0,5.0,647036.2663423966,43.0925380904585,431153.8043037286,3937.0599388773376,28.35631873680918
JPN,2010,11.379816710859386,1.0647037852300367,56.711834702379846,6.0,2.0,3.0,3.0,6.0,413056.4531519063,44.92090143430636,458876.74395771365,4217.571411149906,25.28708156143152
JPN,2011,10.757463765189287,1.0842160897237656,51.330159673928115,9.0,1.0,3.0,4.0,4.0,221408.20377581829,42.2795860318007,454150.10789294646,4641.660262252655,28.718217323668178
JPN,2012,11.244992333618224,0.9615349127150778,52.29144745483363,3.0,0.0,3.0,2.0,4.0,215822.95575442002,47.781454346301416,422824.1735411058,4463.287740746618,27.103344980916177
JPN,2013,10.773682563287917,1.0314708545419264,61.84510934764641,4.0,2.0,1.0,5.0,7.0,66569.50272261679,49.04911691683003,483275.5587757549,4780.796606158155,30.29851809151409
JPN,2014,11.229909643000747,1.1625047145598792,60.218680030121746,6.0,3.0,3.0,2.0,8.0,133517.3696101641,49.72240634456184,460888.949671333,4906.083714499809,28.405933694559604
JPN,2015,11.052798673494282,1.1501986869719203,56.12829471561757,7.0,3.0,3.0,2.0,9.0,703068.1539348266,49.119475872004486,509977.11817925377,4418.518454368055,26.262070928547463
JPN,2016,11.260680845922327,0.9795497713321601,57.186511748876036,5.0,1.0,4.0,2.0,11.0,536577.2793641215,46.16787847548351,462203.95137881616,4871.116928888991,29.82511639639179
JPN,2017,11.618021694970764,1.127361022336982,55.27421618978221,8.0,1.0,3.0,2.0,8.0,253770.44185253044,49.17802592362193,497468.57622100157,5030.21401428378,29.85970741351376
JPN,2018,10.870295084303763,0.9500232986118253,58.21467299055741,6.0,1.0,7.0,2.0,6.0,1058027.497057708,50.70707120731948,462453.856790405,4973.453269886171,26.586457976847658
JPN,2019,12.603356708117337,1.1203090912393612,55.599367094272935,5.0,5.0,8.0,3.0,4.0,392500.9925170518,49.77954249862756,468084.6803256939,4380.30184765931,29.582557532908623
JPN,2020,10.876142464095656,1.2759399642555715,52.54782193037571,7.0,1.0,2.0,1.0,4.0,949193.3277635524,49.785674507999765,488660.4724014279,4341.189200582897,30.91700275331945
JPN,2021,10.806108115824564,1.0551969747127432,54.54074778666807,3.0,2.0,2.0,3.0,8.0,923100.1956993825,48.490474483799375,436019.0320960174,4691.9687383510345,29.463406991486746
JPN,2022,12.215507940099748,1.0705889998858507,58.094445729788255,5.0,2.0,8.0,1.0,6.0,1158578.7305411033,46.19934671547635,430080.96135390975,4719.388839352623,27.540032477152437
JPN,2023,12.046137372393371,1.2042084796896109,55.393772447611724,2.0,1.0,3.0,3.0,8.0,1180010.4957643852,52.57377797316248,465358.81460841827,5030.888579890366,30.41842191786726
JPN,2024,11.987471050772808,1.0249031352657076,58.217033102793636,6.0,4.0,5.0,3.0,10.0,716000.787286286,48.46423638205953,451460.5614455087,4620.815454283806,30.027416492242775
JPN,2025,12.024208014186364,1.1024800284070269,55.847735863850026,11.0,2.0,0.0,1.0,8.0,882294.2558066563,51.412906019551365,429095.750865235,4959.931976265121,28.856211718007234
KAZ,1960,0.3091355882155995,-0.3789725963231036,17.78509728939473,0.0,0.0,1.0,0.0,0.0,175729.61308200416,5.199515135840077,47219.97252230233,469.5954637765711,3.492957279318725
KAZ,1961,1.2087168726039252,-0.25093042911381447,15.244229725139181,1.0,0.0,0.0,0.0,0.0,7937.8947323506945,9.684089375975777,8497.286329663762,641.7087219154349,4.931845556309106
KAZ,1962,1.73850830742423,-0.38435758920936774,15.428144075647758,0.0,0.0,0.0,0.0,0.0,106768.39498448755,7.2505468431230025,-11498.283943346258,112.664500937107,7.398949822250394
KAZ,1963,0.5026130605541413,-0.24356806223353766,16.070118713533276,0.0,0.0,0.0,0.0,0.0,130722.95416679369,8.592376749129086,78519.43610337997,644.5381648811141,3.2007601674403086
KAZ,1964,1.4013003569476112,-0.33070766335145374,10.959868843832217,0.0,0.0,0.0,0.0,2.0,447519.43807552033,8.936228703164911,70684.5266060814,819.1653260887647,4.365252544545296
KAZ,1965,1.9116705043129274,-0.3604871698360571,10.73699746359408,0.0,0.0,0.0,0.0,1.0,106210.50267334112,7.1049601715477495,38591.673291519786,167.97773626691645,5.246741140657265
KAZ,1966,1.4636731197767763,-0.24452005819393188,11.391459095860977,0.0,0.0,0.0,1.0,0.0,175539.9242781873,7.908456427037715,69190.44244192044,856.6895469692199,5.296324610249468
KAZ,1967,3.197245808679238,-0.46816863262856145,17.8924133840874,1.0,0.0,0.0,0.0,0.0,41662.5502708229,3.9067316613204177,38206.25185013501,1174.5384264187226,5.818131538959319
KAZ,1968,0.6876860510214167,-0.380477263360922,13.61954498377803,0.0,0.0,0.0,0.0,1.0,58913.91965255534,9.260554093164219,39063.83198955562,708.8841817669686,6.077679050271247
KAZ,1969,2.363382348432779,-0.23964443678896197,12.32645060418243,0.0,0.0,1.0,0.0,0.0,172993.43045977774,11.171157901216176,40610.93888278533,986.7534275727711,4.479040608223492
KAZ,1970,1.7714726042513846,-0.20267998343382454,14.882655600556344,0.0,1.0,0.0,0.0,0.0,268643.59427498386,10.397059030560543,44520.72428050892,624.1540358476029,7.010964157433098
KAZ,1971,2.4401015442055636,-0.22137194263185855,15.908909888863324,0.0,0.0,0.0,0.0,1.0,132930.77767327175,9.819827527953501,59460.10652250079,1127.7644514862686,5.486157542341193
KAZ,1972,2.3850388585826754,-0.2993932000566275,17.763586429260794,1.0,1.0,0.0,2.0,1.0,136034.7849802791,12.23178640571275,53970.630016114184,1086.5825381996804,6.364838569579045
KAZ,1973,1.854785735122401,-0.21828692323742493,18.350640805956843,2.0,0.0,2.0,0.0,2.0,73187.37495346274,9.83028984130555,7007.42208400814,1077.1589031800668,7.185729679961335
KAZ,1974,2.5634614966239893,-0.09993267003528768,16.328629333620007,0.0,0.0,0.0,0.0,0.0,305429.14530194656,10.178755962845074,80246.31915829507,1127.3157472653593,5.707860860228081
KAZ,1975,1.5296001892190825,-0.06157662025956083,20.835417171602096,1.0,1.0,1.0,1.0,1.0,1440.5755250767481,14.392282010098977,67848.73019972292,1250.0954128841895,7.715132292145102
KAZ,1976,3.1217525944048616,-0.08479207110140607,18.292821737695515,0.0,1.0,2.0,0.0,1.0,194134.37331804802,15.208739490748446,107127.12939795615,1214.6957174206445,8.407481857381155
KAZ,1977,3.134338812955128,0.03521072961486535,20.31756000610946,0.0,2.0,0.0,0.0,1.0,990.986885313071,15.787293382170272,101884.73097559833,1077.9369980776564,5.346229634469855
KAZ,1978,3.529194586731081,0.002152108278310562,23.29069600130751,2.0,0.0,1.0,0.0,1.0,256526.33699003028,14.740195267008769,132344.71641738174,1353.188461536386,10.443621219240658
KAZ,1979,3.9804268225812582,-0.06021262126884526,20.882441210383266,0.0,1.0,1.0,0.0,2.0,9182.79526362365,18.698879753824144,125945.88363398226,1462.5716856509393,7.846234170317388
KAZ,1980,3.8042077538755277,0.00786610991906277,22.02369250954691,2.0,1.0,1.0,0.0,1.0,844358.80214409,14.573918520086346,103604.44975999533,1288.1566783934077,9.912565780206135
KAZ,1981,3.909232136196463,-0.04974849677663479,25.931694992982624,3.0,2.0,1.0,1.0,3.0,199874.72844735484,17.33901101071472,113646.12050037173,1632.5737417526539,12.234026063478655
KAZ,1982,3.5586791734522136,0.08738971096450676,23.356943002106828,2.0,1.0,1.0,1.0,0.0,362906.7758585918,20.633719743014275,124739.90774972245,1742.6083415743515,11.596155024758724
KAZ,1983,3.9063136809678856,0.2198676140686413,25.628631332581516,3.0,0.0,0.0,1.0,4.0,619652.228163679,21.86563214418111,145022.28057077795,1737.1715716906997,12.747286826357922
KAZ,1984,5.257324885005318,0.22177311681560472,29.106540133817457,0.0,2.0,1.0,1.0,1.0,88582.35561107012,19.207602540302485,160284.9436156681,2048.2036770151344,13.475838650520803
KAZ,1985,5.66761054945961,0.31622581615056244,34.01226454349721,0.0,2.0,1.0,0.0,1.0,262118.01653501243,26.810171428076362,212330.3524043028,2212.980086400466,11.882137930093828
KAZ,1986,4.978178407827371,0.21786892431615737,31.579128256284267,0.0,1.0,1.0,2.0,1.0,686916.1782831901,22.765403431542406,205902.61737763847,2030.2022656221163,11.785012043961867
KAZ,1987,5.420362636336555,0.38857995666248624,32.45947356689208,1.0,3.0,0.0,0.0,3.0,272024.4198943766,24.34768234377808,166920.34942980873,2335.1657469668435,14.496889764220645
KAZ,1988,5.15675576528509,0.3048012661841979,33.83530409355793,3.0,2.0,3.0,0.0,0.0,179586.63281549534,27.4582425135774,203787.4771429325,2629.4403707917418,15.602451290316054
KAZ,1989,6.637074530020971,0.4777601066392876,31.068064940885375,2.0,4.0,2.0,0.0,4.0,169139.34316214386,29.867792003590537,237121.142464728,2295.161088408971,16.84567266441161
KAZ,1990,6.632614673622773,0.39825146020463015,35.28899184669977,3.0,1.0,0.0,1.0,4.0,181756.59006117296,27.638453450121474,225443.3305306722,2259.143378726347,17.093150157133305
KAZ,1991,7.653460681974465,0.49654520987064615,36.174543153106,0.0,0.0,1.0,2.0,4.0,365529.54678817076,31.263911341678238,264986.2079387793,2546.2321133090286,16.01104332140877
KAZ,1992,6.318055199715147,0.5977433848447533,38.29566121655579,3.0,2.0,3.0,0.0,3.0,18227.226116794096,28.71616318020253,254433.72819643168,3008.039470437471,18.626949176168093
KAZ,1993,6.8887344013986045,0.503633816612158,39.013395971772624,4.0,3.0,2.0,1.0,2.0,213377.25766292735,34.60388452351714,284299.5452374172,2892.552228293689,15.142144002013309
KAZ,1994,7.517989496745402,0.5753713751834572,40.88363219916538,1.0,0.0,2.0,1.0,2.0,333039.75317350647,32.02779077735984,285548.0262098917,2822.7747102093745,20.544405368231992
KAZ,1995,8.030013793013646,0.6990440039394715,40.34429857284473,5.0,2.0,2.0,1.0,7.0,636718.5946561216,33.718141371901055,314406.2712035668,3523.867400577991,18.183773895344963
KAZ,1996,7.801038630006758,0.6224098368468676,42.42933760471925,8.0,2.0,3.0,1.0,0.0,317103.89640277764,33.27429113945844,359129.8813712021,3057.2039310103196,18.803477154449716
KAZ,1997,7.682206752923033,0.5634290528685729,40.33981719326583,5.0,0.0,2.0,0.0,5.0,1114076.6163334383,35.5544216297523,356704.95447579236,3400.3968839189565,24.192833863950067
KAZ,1998,8.941515862098598,0.8753997341709727,43.69895586137334,2.0,1.0,2.0,2.0,4.0,255161.76971518065,34.405564859839046,318321.1632577587,3715.974868841868,21.39919270220004
KAZ,1999,9.090572113651254,0.6999380470530352,49.024559001691806,6.0,2.0,3.0,2.0,6.0,465551.46485679725,36.852213414675276,418419.1504925542,3798.944474004824,21.548979138104237
KAZ,2000,8.380316046420914,0.7823942098830112,47.34994978057089,1.0,0.0,4.0,2.0,9.0,7981.873289155008,37.93616911081743,395258.81553257286,3834.0443452182526,20.85518455443827
KAZ,2001,9.907370824979512,0.8928967025082786,47.4607026862982,4.0,2.0,2.0,1.0,3.0,124621.58687045796,36.385871993915494,358266.36361270247,3669.253793871861,23.626962990443168
KAZ,2002,10.01089926802675,0.7809601412999321,53.166547365586744,4.0,2.0,2.0,2.0,5.0,785791.7156859599,38.298464202546924,362879.37526920176,4043.1728739015293,24.629254690487514
KAZ,2003,9.614322790906906,0.7767065398103234,45.88966170637523,1.0,2.0,1.0,3.0,4.0,416938.2038408519,35.63821239101358,401626.9192814434,3996.8947775380902,23.511730199862118
KAZ,2004,9.770883489289911,0.9037932054357175,47.33555553931353,5.0,3.0,0.0,2.0,8.0,1402550.9821425043,38.30677140822147,418864.919692557,4165.805649345632,21.454162904146383
KAZ,2005,10.220689694618548,0.7646730500768388,55.16050233787287,6.0,1.0,3.0,1.0,7.0,681460.0716588374,41.759217276207096,453060.09545511444,4464.700692276064,27.169350867425194
KAZ,2006,9.572732163642783,0.9081969300648456,51.71582159681856,5.0,4.0,2.0,2.0,7.0,295626.88020904973,44.59967739771645,428863.11479907844,3929.955744754481,24.891946270171584
KAZ,2007,10.240917552058697,0.972458669011577,51.67027915509878,6.0,2.0,2.0,2.0,0.0,757914.1928183873,42.24581335796035,406361.30552792,4364.542957400972,25.239219252790026
KAZ,2008,9.131092215494112,0.9514421444132066,49.909435942236506,1.0,3.0,2.0,2.0,3.0,321662.65259157214,43.54792848347424,416557.70028988505,4366.703248494137,25.978668819216725
KAZ,2009,11.007714540989712,0.8683503655643435,54.613816947837634,3.0,2.0,7.0,1.0,5.0,207377.59142421643,46.758929250808464,450709.8772498536,4610.4132024222745,25.229771930023833
KAZ,2010,9.731307793841577,1.1368095612609328,55.401003572712774,5.0,3.0,1.0,5.0,6.0,25326.624994223035,46.51062686379998,407073.40131775354,4857.650548822318,28.445704547455897
KAZ,2011,11.609852957597127,1.0337281384029533,51.808923038132114,8.0,3.0,5.0,3.0,10.0,1068785.3848534503,46.93281882557536,482852.2261331056,4897.827438796632,27.962321837666614
KAZ,2012,10.66305032109291,1.1548913868294433,54.66178658013967,5.0,4.0,1.0,4.0,6.0,293168.29213581095,45.77946779309676,436636.0065638023,4727.398956188532,27.88993573978162
KAZ,2013,10.830377433718727,1.0334003623617947,54.605062369174526,2.0,1.0,3.0,2.0,6.0,632758.5471038469,44.79668578099359,478469.5316144449,4431.030824489546,30.684584395774404
KAZ,2014,10.682566994321302,0.996522727074463,56.481308041350815,11.0,1.0,1.0,1.0,10.0,92199.27364151727,47.1476922693121,488422.5102247302,4509.846771228734,26.694810936854676
KAZ,2015,10.962008577250506,1.1001613855864234,53.40896539338622,8.0,5.0,3.0,2.0,11.0,993302.7817052823,49.472051336612836,538366.752510537,4812.993037174827,29.663442205565126
KAZ,2016,12.020563689511635,1.0721155573443877,59.672947619115554,3.0,3.0,5.0,3.0,5.0,990894.1736290698,50.95553066724308,457883.1686935859,4372.709650332886,24.950553226759308
KAZ,2017,9.845316427836869,1.0050217136694972,59.14089165114419,7.0,4.0,3.0,4.0,5.0,380032.5445278631,52.57966614055206,461642.8058068793,4649.154547351272,29.138012345604796
KAZ,2018,12.075027074163717,1.2258640592648098,56.22585230822452,5.0,1.0,4.0,3.0,12.0,652382.0264538146,50.86223276441508,463171.3540001959,4557.100457057347,31.55659272975322
KAZ,2019,11.594597526231679,1.0667726812430118,56.851275066983185,3.0,4.0,0.0,5.0,8.0,436674.0455639491,47.751396739336094,478309.88041214185,4478.342663206909,27.070014431972524
KAZ,2020,10.760565010940084,0.9768972921322479,57.28765096542763,11.0,4.0,2.0,6.0,3.0,482133.546314134,45.16037763951997,460252.4743197232,4835.331791483005,30.973674331844563
KAZ,2021,10.885961942174198,1.2372816764108487,55.89886587042944,7.0,2.0,3.0,6.0,7.0,1334336.686843574,49.41464952288318,508726.93126862147,4982.948132816512,26.857182583624382
KAZ,2022,12.513520178481926,1.0969910022601674,56.933140314574196,6.0,2.0,4.0,4.0,8.0,2096348.8866472316,50.70486317335931,505609.94541627367,4956.991485315631,31.812792390278428
KAZ,2023,11.047264867397613,1.0944601857545322,57.54576461718167,4.0,2.0,2.0,2.0,8.0,285150.68365586817,42.65432397979587,475837.9850317695,4860.58662751693,28.359199670885516
KAZ,2024,10.965425612375142,1.0070962495200815,62.41739769184529,6.0,3.0,4.0,1.0,10.0,253932.63437926382,45.21871533083874,466153.08078464144,4765.4292188828895,28.05893799440326
KAZ,2025,12.316865208219122,1.2923757497255894,60.900934233258276,6.0,1.0,6.0,3.0,5.0,230857.2276919858,47.65308517679993,474490.3014735241,4738.946767362103,28.429500264688922
KEN,1960,0.26852978097240565,-0.10787639776348645,16.202244615347396,0.0,0.0,0.0,0.0,0.0,189104.62656342477,7.107592762678338,29873.49538009589,653.4211673450427,3.6750423246685973
KEN,1961,0.339352650274251,-0.3350072324057083,13.65901991868106,0.0,0.0,0.0,0.0,0.0,226424.4441256754,6.76164838847252,83125.44755743095,893.551745401192,2.706904067564914
KEN,1962,1.4363010083251233,-0.22002391279751735,17.48648155520732,0.0,0.0,0.0,1.0,0.0,177589.03883930045,9.507668540531103,45516.19744077017,814.0823070853528,4.252430185133948
KEN,1963,1.5388708531477906,-0.18388723815259755,14.498712307157675,0.0,0.0,0.0,0.0,1.0,3857.2262516974924,9.979946129103928,39277.799050538095,938.5227758048638,4.251730445457669
KEN,1964,1.6107000392559727,-0.27186141418216714,16.11233963613899,1.0,0.0,0.0,1.0,0.0,52653.25680468591,8.218839841796758,57743.253389435005,809.144540570035,1.0394895669100923
KEN,1965,1.2257694889509245,-0.34597264251546256,12.984121634101035,1.0,0.0,0.0,1.0,1.0,588121.349893357,8.471370043515705,43761.454309557485,648.4673398584687,4.171504287242898
KEN,1966,1.3843498101784397,-0.4617486721523554,14.194352854406091,0.0,0.0,1.0,0.0,1.0,66402.6550040376,11.138149184823307,53709.685074361114,567.4124046244336,6.31299722761684
KEN,1967,1.7364447780624763,-0.19947020568751378,16.833509060341495,1.0,0.0,0.0,0.0,0.0,299046.48481713823,8.549418250869676,55135.32445252119,863.8386632011552,6.646471153805812
KEN,1968,1.696519103495044,-0.30557969763438764,19.019969882466892,0.0,0.0,1.0,0.0,0.0,116022.52155459905,9.029431264653418,56950.95402967693,374.11436303676027,5.748481130703965
KEN,1969,0.478515729419716,-0.21135304993600393,17.27793343305753,0.0,0.0,0.0,0.0,1.0,517834.0724654885,6.933189651747677,108296.41269387193,670.6936008838059,6.832724766856656
KEN,1970,1.7386988156736154,-0.30926095193176106,15.752216671269329,0.0,0.0,0.0,0.0,0.0,183531.80964887678,12.34090652653106,117177.96536510547,675.1610123781749,5.123492799414919
KEN,1971,1.506688755474795,-0.21304544425681962,19.948761291970747,2.0,0.0,0.0,0.0,0.0,232351.80394957433,10.65280131572817,74083.57361185172,1203.869534734711,6.440388293829902
KEN,1972,2.2320338122280035,-0.17034077176713533,11.612606604324686,0.0,0.0,0.0,1.0,0.0,65746.50399121596,13.941220099883312,103207.18262868508,642.9678810252176,6.201190493743052
KEN,1973,3.99287447495761,-0.13136808938280065,14.167677000409551,0.0,0.0,0.0,0.0,0.0,14662.938111712156,9.23515720796533,108041.84512363235,1244.441828633088,7.2612014255508015
KEN,1974,2.6430905286075936,-0.22041519120247235,20.10316630247475,0.0,0.0,0.0,0.0,0.0,360281.73472214205,11.453491578586359,112087.01158007592,1180.5570831045457,9.286240821412587
KEN,1975,2.417613954223969,-0.012366286008921645,19.15654708095063,0.0,1.0,1.0,0.0,3.0,18385.447744311277,15.337817560518356,105629.37191864249,1251.3156782801425,8.5111604946308
KEN,1976,3.30492114521323,-0.13124580447228848,21.404589699881324,1.0,1.0,0.0,1.0,0.0,345440.29449911066,14.635652871046375,116262.04732666243,1119.8659732034953,7.059377162174769
KEN,1977,3.2404432301558734,-0.19129352970435343,20.869269653951925,0.0,0.0,0.0,1.0,0.0,224993.99344804575,11.975383817952462,122120.05895403247,962.7149391320318,10.209102129915918
KEN,1978,3.403519321771106,-0.03836152719550529,23.001125061558803,1.0,0.0,1.0,0.0,2.0,488755.0999945351,17.49214295546094,98578.22712561148,1505.49760526539,8.828452392521438
KEN,1979,3.720947876755158,0.0023338557699285408,20.450987667761144,0.0,1.0,1.0,1.0,1.0,67387.92753539864,13.30250774152361,123990.63920511978,1681.959600744014,9.905273647154438
KEN,1980,4.77533889553193,0.04315342884573295,24.87328628369898,0.0,1.0,1.0,1.0,1.0,233957.87866583513,18.96527466085288,105341.6798633552,1680.855218377162,9.19984929970883
KEN,1981,3.1738198695000523,0.17145138809479998,26.93856118926876,0.0,0.0,3.0,0.0,0.0,292851.32016562717,15.803058848728396,159618.4336703585,1624.6899166449753,11.125734323224105
KEN,1982,4.337631911199043,0.07712492325695135,28.552652453447458,2.0,1.0,2.0,0.0,1.0,24318.84644378549,21.676968275899647,166460.4859876128,1489.708515175688,11.239282427010833
KEN,1983,3.783171470326705,0.1213299945814325,31.62449712821344,1.0,0.0,0.0,0.0,1.0,433119.9615246377,20.185553709743903,184022.3932304664,1713.0956742303956,12.875112842343036
KEN,1984,4.894372250050145,0.07869515954007979,28.327430797466192,2.0,0.0,1.0,0.0,4.0,162593.14382678288,21.719581354802777,158486.49853644776,2071.2221701478356,11.218308330861133
KEN,1985,4.313472947074168,0.2697093503080644,29.561811157025215,1.0,0.0,2.0,1.0,4.0,46579.95197773396,21.80698436157074,213456.7751192047,1888.768491423148,13.902016620608814
KEN,1986,4.8751059908838785,0.2568444689463251,26.25768583394278,3.0,0.0,0.0,0.0,3.0,168876.21512376043,23.25632524722857,213014.13596521266,1960.0990479797977,9.82254528428173
KEN,1987,5.224234355979125,0.2472897549178126,29.94934565657099,3.0,1.0,0.0,0.0,3.0,36474.957296966706,24.33674794698443,269065.46567101753,1960.1669671172363,13.053311126061283
KEN,1988,6.238003644529713,0.16789162882279834,32.02559494935957,1.0,1.0,6.0,0.0,1.0,788119.0417750111,26.845207648517736,245743.77998072957,2541.5603762617743,12.721186512222543
KEN,1989,6.4908506492590785,0.4755862756381031,36.376839506743885,4.0,1.0,1.0,0.0,1.0,224249.92773123225,26.234257946159875,223121.0051758736,2653.435329033397,15.772957031537615
KEN,1990,5.533712508543329,0.3017856028435154,33.47249718977593,1.0,2.0,4.0,3.0,3.0,55699.71128817543,30.79019394122758,216811.06301525264,2921.2262566949075,17.345913775830983
KEN,1991,6.568847769832723,0.39266445921672755,38.23980942331908,2.0,0.0,1.0,1.0,3.0,111108.68437558688,26.96775276358874,268407.63518255716,2263.540846906335,16.68656118225747
KEN,1992,6.415082552612723,0.508401956586045,37.48764557321545,3.0,0.0,1.0,0.0,4.0,502986.5127054314,31.67901309867587,249688.07839838116,3159.6071864981577,19.293360010667808
KEN,1993,6.3824486196957615,0.42338339260931945,38.27920555279604,4.0,0.0,4.0,1.0,2.0,613021.0596373485,32.11930769322244,269320.643055289,3261.5467499254023,17.00030511032551
KEN,1994,7.260123287299185,0.43841947391967173,40.55661792845574,3.0,0.0,3.0,3.0,9.0,17088.64310362136,34.71609562375119,275644.54465008574,3397.864970811515,16.801233257760686
KEN,1995,7.480904705459231,0.42601912330691416,40.14507562946063,3.0,2.0,0.0,0.0,6.0,25471.038817748708,33.282743422963435,297108.0806358237,3253.668796979756,20.441264560536474
KEN,1996,9.320409501245322,0.6907298461937236,41.2102221910581,1.0,0.0,2.0,2.0,7.0,1046282.2196860628,34.795738259239414,359514.7936645785,3386.705490449301,21.71698040899112
KEN,1997,8.43311127951631,0.6254855358909601,39.14742384393302,3.0,1.0,6.0,1.0,2.0,171831.33959315915,35.78416403772807,310290.51256856613,3491.5033846043816,20.856881500901018
KEN,1998,7.642576470033857,0.9381407772020464,43.8788385380609,3.0,1.0,1.0,2.0,7.0,93452.36110088305,33.31302800534185,334701.32923885534,3328.3241559756816,23.87036235187333
KEN,1999,8.351174227789253,0.6579707989495363,44.34755476587838,3.0,0.0,5.0,5.0,6.0,58106.44649040896,37.8788379622915,320071.33665980585,3436.8913338065545,22.618327394131395
KEN,2000,9.494469049116962,0.695977643933694,45.26297645812755,5.0,5.0,1.0,2.0,6.0,290782.1021665658,45.25492619747084,323223.38834235846,3789.025728852797,23.026401120676343
KEN,2001,10.32884580874406,0.7551847313293563,48.555187936230986,9.0,1.0,3.0,2.0,6.0,674475.5094447485,42.382339307447246,368408.27583054325,3767.681974082984,22.40483417525131
KEN,2002,8.426094605701875,0.8490904260095073,50.07281905692715,9.0,0.0,2.0,1.0,6.0,342379.76648353285,37.82887669701865,389670.6025195257,4080.351990885046,21.69423973011843
KEN,2003,8.456145783534474,0.819719705765269,49.87223541373375,3.0,2.0,4.0,1.0,3.0,9870.700719091144,36.31140360227045,364430.31515675056,3909.641495224297,23.629987710596005
KEN,2004,10.800919694262465,0.9324807988139318,52.59773240405277,2.0,3.0,4.0,1.0,10.0,317502.8908937567,41.21568932568575,363379.86582872446,3725.1214216688477,26.674405966711284
KEN,2005,10.126134628215171,0.8298320907107376,52.3176286242581,6.0,5.0,2.0,1.0,8.0,182065.7138457412,44.22833907579982,362279.9200625076,3808.4291261433586,25.15936867716988
KEN,2006,9.56894310821122,0.8207020787371927,50.863278782182114,3.0,3.0,1.0,2.0,4.0,568462.626084739,42.35386931423442,419805.86695282115,4031.588340082275,24.748803200110476
KEN,2007,10.531061176059751,0.8089983967136158,51.11959603153731,7.0,2.0,4.0,1.0,8.0,372506.4546717636,47.29975537873815,446248.5813682598,4444.653645526342,24.407976850464426
KEN,2008,8.853157803709687,0.795152362724244,53.68950234689273,6.0,4.0,4.0,6.0,8.0,1714664.2521042235,41.861143528779536,393580.42761461035,4211.27324453793,26.782481651644527
KEN,2009,10.505693461118891,0.9503809194611988,54.92899405660486,5.0,1.0,9.0,2.0,4.0,471810.76186649175,44.6513070650011,418914.37455333624,4458.6312310664125,24.781963778205704
KEN,2010,10.817663571130419,0.9851968997731541,57.534464666472864,8.0,1.0,7.0,1.0,7.0,525514.5886006523,44.391462738217015,467520.4743914691,4046.7615695911218,27.162071498239143
KEN,2011,11.276841886484704,0.9749301238883645,57.52309155256959,7.0,1.0,4.0,2.0,5.0,391094.66148759477,46.73632454304246,440232.62550335994,4525.324115820096,26.299626451617996
KEN,2012,10.26987920255541,1.1398716811834768,53.65879302774782,4.0,4.0,1.0,3.0,5.0,201161.86495493542,47.31104759518614,447719.86055701197,4540.05160830008,26.842059979638414
KEN,2013,11.001356066136086,1.1524456791448812,55.18883624893904,6.0,3.0,1.0,1.0,5.0,545246.3586155884,48.573895239864676,464018.2629830522,4851.419891822351,28.34752500613131
KEN,2014,10.51139483033563,1.040139446614164,57.51890968759831,9.0,5.0,4.0,1.0,8.0,224682.1806574834,45.978376797523026,447439.78081212455,4645.33561262804,26.341259704620718
KEN,2015,11.274476589268433,0.9351132229106535,58.87708544408526,8.0,2.0,2.0,3.0,6.0,710740.8800527412,49.416414546016235,442743.0687544388,4822.74031749401,27.88512147640181
KEN,2016,10.690084030692775,1.0440421188062412,58.89050265459464,7.0,0.0,5.0,3.0,4.0,154068.72354739063,47.6649812164166,473168.03071150504,5132.299016589731,25.926043433682185
KEN,2017,11.041148422827412,1.051256918795441,56.69163761507181,4.0,1.0,4.0,3.0,9.0,264685.7012973177,50.22556839564585,434113.99032429635,4713.401802495699,28.0784665204306
KEN,2018,10.768178125158629,1.0557105215795655,53.99873457398527,1.0,2.0,4.0,3.0,13.0,512591.6290695026,50.79461534583295,431170.4817353012,5091.019094083668,29.090709989180656
KEN,2019,11.7746373636468,1.060736786762672,54.89498090546513,5.0,2.0,2.0,1.0,10.0,586684.0671900416,47.69427848280257,456708.8899954436,4784.009339412172,29.647658049274888
KEN,2020,11.948211850535566,1.0718415712579088,58.31029012692021,4.0,2.0,2.0,2.0,7.0,662680.7901651773,46.349557703987486,494100.3065481833,4651.545157229607,30.26003669903481
KEN,2021,11.369359740451998,1.1001050628224414,58.70020120150656,5.0,3.0,3.0,6.0,10.0,732054.6660253509,48.51845696776337,507492.998518913,4771.863268233415,29.714998960242777
KEN,2022,11.571581034939227,1.0864915556199328,55.29501542657582,6.0,2.0,10.0,0.0,5.0,235652.59765722445,50.466491445785735,468607.38254305464,4696.852361499186,28.333854838458933
KEN,2023,10.757991259950396,1.1597518978538295,58.33286456359137,6.0,3.0,6.0,1.0,14.0,1388782.2193840637,45.01294682994187,502965.73878044676,4722.229101939657,26.46947707504372
KEN,2024,11.456288083363916,1.1771567537548682,59.963287657506925,1.0,2.0,5.0,2.0,8.0,19146.181778947175,47.43332619273306,518358.06783806713,4713.443622360693,30.482646660200572
KEN,2025,11.6340416915604,1.0802488238232308,55.656321818664324,4.0,1.0,2.0,3.0,3.0,133100.15659378943,50.21678994068971,486315.1312335586,4790.945015954235,28.444819642131563
KOR,1960,0.7278692910804595,-0.3761047537556881,10.82935525507907,0.0,0.0,1.0,0.0,2.0,137198.63514241148,10.89105521614019,77599.58434441284,394.3941938925112,4.066662919422795
KOR,1961,1.4637017706112225,-0.30982084065967597,9.237688693002966,0.0,0.0,0.0,0.0,0.0,191030.43620188994,7.149684407564098,-31668.83909725551,618.4258714729193,2.364117413381015
KOR,1962,1.275908759826488,-0.3072550270783152,11.352008795103943,0.0,0.0,0.0,0.0,0.0,35015.71907189948,4.03600534474908,7573.903481254831,116.72777538470456,2.9313566402498097
KOR,1963,0.3526407285320512,-0.260856467479459,13.068561876148607,0.0,0.0,0.0,0.0,1.0,24272.601947427695,7.924178127525433,53212.521876065846,672.6020524326382,2.702348670396745
KOR,1964,2.184907324713274,-0.3108701877154245,10.504489808006376,0.0,0.0,0.0,0.0,2.0,21763.136513565798,8.542240948432067,54329.71535176383,925.3765398949138,5.12160545896805
KOR,1965,2.404998732274226,-0.4255356946676422,10.913706228476318,0.0,0.0,0.0,1.0,0.0,939400.114840224,10.284288761781612,20760.96662496624,425.783807104233,5.411763294479813
KOR,1966,1.104132512651585,-0.30154559629679534,19.43687565994508,0.0,0.0,0.0,0.0,0.0,274336.0461182792,8.014859720043239,22901.175830986434,601.9957703847239,4.845240407442912
KOR,1967,1.3249856547076548,-0.1906977850047249,12.40473454120809,0.0,1.0,0.0,0.0,1.0,75937.42609287251,11.08280198001322,41096.36941502766,539.9131095942246,3.4654006191092135
KOR,1968,1.8115032245431995,-0.2641893037479523,14.17991853405174,2.0,0.0,0.0,0.0,2.0,85849.5120002597,11.125961238361034,48605.38659350077,844.1172475556618,3.881703879081775
KOR,1969,1.9469260979920882,-0.24515575828818315,14.536748557782433,1.0,2.0,0.0,0.0,0.0,227483.36994288207,9.238676367938583,43726.72142593102,560.0210444299385,4.072116209186478
KOR,1970,2.249496560041229,-0.13036520429213697,14.906754081679773,0.0,0.0,0.0,1.0,1.0,137673.94907260576,12.209819064414136,101849.2483427945,578.0666221749632,5.837366897273686
KOR,1971,3.152115064965127,-0.24878429919991726,18.05879056807265,1.0,0.0,0.0,1.0,0.0,73597.46714732525,12.947788112466455,48867.53137925791,875.9998624073262,3.4296111556637654
KOR,1972,2.029542590546531,-0.2964625536186516,19.46291062120451,1.0,0.0,1.0,0.0,0.0,14109.947420506694,8.928274203089343,108372.03916156653,1045.9024723866105,5.416477465179539
KOR,1973,1.8173296328510382,-0.16570606542838404,16.958377175347756,0.0,0.0,0.0,1.0,2.0,379120.3839834445,14.11173554807105,88206.15006444395,1061.3515702601876,4.450289458538778
KOR,1974,1.6386800148515155,-0.16996333231417815,15.307885026822905,1.0,1.0,1.0,0.0,2.0,558775.1507895557,12.289225803122493,110251.6017542265,986.2084921252773,7.412403654301961
KOR,1975,2.1776087508064945,-0.18541886749009018,22.307376759940077,0.0,0.0,1.0,0.0,1.0,60537.89229415511,12.652375952172621,54732.287712095684,1314.4573749503472,5.720361910942226
KOR,1976,2.755837272173877,-0.09752449816562603,19.652452844079203,0.0,0.0,0.0,1.0,0.0,17686.19951652409,13.658840609520956,125358.61937551349,1283.8715505758335,10.28022375433081
KOR,1977,3.994768466533304,-0.018015521088351076,25.03405538501499,0.0,1.0,0.0,0.0,0.0,35040.66445950655,17.43014303839942,132633.78896265643,1031.8146839471692,9.460127577916374
KOR,1978,2.8643384928154987,-0.030382738523853443,15.959796081136213,2.0,1.0,1.0,1.0,3.0,152440.25816867917,18.2028992657108,99888.63948163719,759.1065149866498,8.356601295630078
KOR,1979,3.5006868578485135,0.024142316862710757,22.97550277345242,0.0,0.0,0.0,0.0,3.0,104055.20825558342,17.31003395099228,146776.2573131851,1596.3596053087942,9.571556900356104
KOR,1980,3.5833831805131116,0.17537889007322605,28.243586903190273,1.0,0.0,1.0,0.0,1.0,22888.71111530668,17.70894039122546,98277.95515065413,1503.7292549107606,10.186107013759004
KOR,1981,4.5074068520451025,0.035050486875388476,23.569364530154402,0.0,0.0,0.0,0.0,2.0,186569.06801395313,17.772601183664484,133394.22330139086,1397.6994787522372,8.749077762084266
KOR,1982,5.518279611909789,0.11830872096739367,24.937542385282786,2.0,0.0,2.0,3.0,1.0,71837.07852115018,25.02269213578964,184821.88873315902,2139.0802251355553,12.41414946845748
KOR,1983,4.010591075636905,0.09016249552300344,27.32939062056754,0.0,1.0,0.0,0.0,4.0,22347.626670145648,18.390779920166114,162034.06856859202,2239.0120555227404,11.156762783773189
KOR,1984,4.293524798955374,0.09924113244776943,26.320195141497834,1.0,1.0,2.0,1.0,1.0,354002.3663158755,19.9393062990094,171224.93630927868,2264.7019107861242,10.846540969580065
KOR,1985,5.442110195493389,0.15727245780361107,28.096853609775437,2.0,2.0,1.0,0.0,2.0,286812.8020515053,22.669819054094418,224436.52985295144,2127.5951160671743,13.329360288472687
KOR,1986,5.507179515241931,0.20379905809834173,29.221079258898893,0.0,0.0,4.0,1.0,2.0,604091.3317605164,21.019015886383897,152515.33224174,1442.5437663561438,11.66478969505669
KOR,1987,6.455767768964141,0.30965003690511567,29.70932232335112,0.0,1.0,0.0,2.0,3.0,126878.69218081463,26.509785550347694,208920.9205933756,2576.307859720421,14.83377692783634
KOR,1988,6.012667737468934,0.5081916672360961,35.5804415098775,3.0,0.0,1.0,1.0,5.0,52551.82682217067,21.94693890487598,223985.26530184172,2199.4500211777527,15.0848743374506
KOR,1989,5.756146391789631,0.3027498251316288,34.90373570679409,0.0,0.0,2.0,1.0,4.0,164102.83030898627,24.769738820410108,218156.68984211443,2401.1955299601577,14.390562554920747
KOR,1990,6.589626527648078,0.366669975550763,35.62657058025825,4.0,0.0,1.0,0.0,3.0,565600.4612558411,26.596078733875732,284784.99686490855,2861.3165169044737,17.339085963361676
KOR,1991,7.1747652148429815,0.4349168589174041,38.27038689117229,1.0,4.0,1.0,1.0,4.0,105848.4958796759,26.363556333149226,240258.44182175677,3244.8784617323113,17.686844968750723
KOR,1992,7.294868223281981,0.5113983035967445,36.83081028261523,1.0,1.0,2.0,1.0,4.0,114805.15856360702,32.084725345953714,252973.83649912884,3246.373550466029,16.944747341565982
KOR,1993,7.397771511220776,0.5401920918550372,36.78661629470069,3.0,1.0,4.0,0.0,0.0,63473.36081491192,27.89118711671361,225964.20154164862,3040.454831303123,18.839072991910335
KOR,1994,7.998246037806962,0.6606279196957726,38.42782224408621,2.0,1.0,0.0,1.0,4.0,1743982.650127231,29.77377877112138,327458.34158127895,3287.4861534326415,16.898203332572194
KOR,1995,8.33062727332759,0.40182356428015065,41.127424162854254,1.0,0.0,1.0,2.0,5.0,1411030.7938626818,31.48768123593084,303390.65519292466,2965.7135348003494,20.11696454362802
KOR,1996,8.719788941443225,0.4420957003456188,39.63478604035751,3.0,0.0,1.0,0.0,0.0,450700.7420714277,35.951272990331766,315009.8567601336,2953.2753286890584,18.035780902007307
KOR,1997,8.557167565297956,0.6294301817082539,42.158736066941614,8.0,2.0,3.0,0.0,6.0,103386.53514157078,38.33650870168238,329105.912496737,3694.2761911284288,20.889008518950334
KOR,1998,8.338613636785352,0.7917431848076767,43.20843245170204,1.0,3.0,1.0,4.0,6.0,632844.3097615485,37.22423551696669,375069.0629778714,3618.6885011792265,22.28424502953968
KOR,1999,8.760279649886705,0.6122673616715584,50.85886570582273,4.0,1.0,4.0,0.0,3.0,388032.67788635526,34.03691762301889,396004.7076909585,3301.1083033592954,22.380373720332535
KOR,2000,9.600916309987362,0.5290831386325071,39.618391581665456,2.0,3.0,1.0,2.0,0.0,623052.1887878197,36.502211185763926,322573.368440402,3724.6957733456534,24.64436798765685
KOR,2001,8.658253203526192,0.8461105214497251,47.06395597624181,5.0,4.0,3.0,5.0,12.0,900839.6002699928,42.29888805013266,363829.9119611897,3971.2053091608186,21.89652381098126
KOR,2002,9.55002216284062,0.8491322314946453,52.7404736569878,4.0,1.0,1.0,1.0,6.0,178290.9585955314,39.6485552571535,356171.52467857464,4125.160928893691,24.090917626677847
KOR,2003,9.310932487901193,0.7701193003241396,49.59636031245906,5.0,2.0,3.0,2.0,2.0,1157583.005328042,37.10951245162744,387551.24659506785,4141.044521240878,21.01802774569109
KOR,2004,9.74164299161121,0.8046510536360564,51.99273811148181,1.0,3.0,1.0,4.0,6.0,1098370.2349641214,46.034852095727615,399017.84017275856,3984.916732503083,23.7440956482465
KOR,2005,10.637216297226098,0.830539664339056,51.1282895974316,5.0,3.0,3.0,2.0,6.0,386173.7475459127,40.508831795392695,366088.42258688976,3943.242008458213,24.468371874478354
KOR,2006,10.178093393151576,0.9400722416121945,49.93258580365502,2.0,0.0,2.0,0.0,5.0,571142.5907775074,42.27988052076861,425375.36487873085,4238.00973566909,27.490821018445363
KOR,2007,10.250350466729136,0.902750353771704,46.67194690955098,4.0,2.0,4.0,2.0,5.0,266018.4895626936,41.508389836342886,411714.69181930326,4462.516360677996,25.641917136036557
KOR,2008,9.586795472580938,1.0125634096772613,53.421085972566374,4.0,3.0,2.0,4.0,7.0,542899.4393644618,41.4666650266368,448689.49944550445,4546.033335640087,27.306516464932994
KOR,2009,10.932848345291175,0.763456307986852,51.55555977034413,7.0,4.0,2.0,6.0,5.0,412031.36004826595,47.06107855154404,435831.8068567124,4759.866543323362,25.09079653568805
KOR,2010,11.000319800901764,0.9407271755543878,52.03901538348086,2.0,3.0,5.0,4.0,9.0,204654.45032523945,45.077380620079836,397698.2401939367,4447.972278190912,26.196236952279612
KOR,2011,11.989258022151091,0.9353607692141352,53.297690800271575,3.0,1.0,4.0,2.0,8.0,207592.76794618403,45.80008543546742,460895.8787065437,4226.328701966549,25.773871510962103
KOR,2012,10.675896890025644,1.0198919631387047,59.37462906057448,5.0,2.0,3.0,4.0,8.0,569480.5990541367,42.63230614451231,416789.9489961626,4786.499796960412,25.815635668492675
KOR,2013,11.07809738673592,1.011159441697019,61.455945804892124,5.0,2.0,5.0,2.0,5.0,1718023.195215347,45.22609668998612,423804.03549506346,4591.220777999992,26.153221335254837
KOR,2014,11.186909608453577,1.1307511880013854,56.384385019124885,6.0,1.0,3.0,1.0,10.0,124919.83134160022,44.857668940459945,450593.0727363448,4307.653930721606,26.8116548398439
KOR,2015,12.034666565619698,0.9298799702332059,55.04517293915851,5.0,6.0,2.0,2.0,6.0,280385.6847593284,44.72865947954992,455033.515594197,4790.040384798175,30.735803531498274
KOR,2016,11.150113234929016,1.0930178455571056,53.60001293920463,3.0,5.0,4.0,3.0,6.0,933887.560191093,47.9402241738871,421750.8743705672,5006.8398270538455,27.982238163565953
KOR,2017,11.436243782662485,1.1439095441657423,58.02268260101535,2.0,0.0,4.0,3.0,12.0,75803.44106214149,46.40600501989042,464888.7111793688,4794.036609472707,26.3428526187868
KOR,2018,11.69031247025002,1.2568131134867666,61.59105520521942,5.0,1.0,2.0,3.0,11.0,3009349.928346569,48.978838040525794,469174.7852708602,5065.234043119208,27.660922254729652
KOR,2019,11.507534270413103,1.0780130213870536,56.773970878516224,7.0,3.0,4.0,2.0,4.0,671678.2540579449,49.274747779325736,470778.8123463094,4641.016955196513,29.96285945694125
KOR,2020,11.19790313009143,1.1500752912640948,51.68121623923861,6.0,5.0,3.0,5.0,6.0,1450127.6779236607,46.88705675578229,434219.68933247024,4606.126455789969,27.689671033235232
KOR,2021,11.615868314094037,0.9867193686892729,59.51976143248451,5.0,1.0,5.0,2.0,8.0,1105947.379145878,49.081579439694785,482079.9780555476,4998.2089074649,30.875665246891938
KOR,2022,12.166932444006578,0.9459783471801354,60.50521313878691,6.0,3.0,1.0,3.0,7.0,923231.1014222223,47.197598272488335,495913.47822848486,4733.024141269448,30.34484804203619
KOR,2023,11.000685026203325,1.2106680472263183,54.256826435403575,7.0,5.0,5.0,13.0,9.0,20825.40920571132,46.6264987486643,448652.40960462566,5116.038291520985,28.73194288911799
KOR,2024,11.705059718602273,1.1478824329906336,58.82643722423485,11.0,1.0,2.0,3.0,7.0,328678.2576194189,46.16110824701918,457049.47033183125,4888.341359934231,28.1773444156843
KOR,2025,11.260339877769377,1.2473814459817039,59.66245350277243,4.0,2.0,4.0,2.0,3.0,143739.8398843604,48.874387554313316,505017.3513475525,5148.629078725382,27.84815073407071
MEX,1960,1.7325493531738025,-0.43399083403347316,12.188525403855994,0.0,0.0,0.0,0.0,0.0,307579.5230643972,5.4646819173658585,64085.91853295401,671.2499977160371,3.597282712788945
MEX,1961,0.2239335051511333,-0.2749621279122314,10.630750856207502,0.0,0.0,0.0,0.0,0.0,179601.85960169602,10.447737973711996,22873.68380443756,333.60889148256587,4.04127178037916
MEX,1962,0.8378479606558273,-0.15877589131830172,15.406051853852329,1.0,0.0,0.0,0.0,1.0,18686.381600975896,11.238053432766765,18387.917530119328,101.4167591371837,5.481096393826275
MEX,1963,1.4410904228175592,-0.2656661816402244,12.140218437928118,0.0,0.0,0.0,0.0,0.0,76876.14033298456,8.902379341430294,37369.33039504355,779.7302776013285,4.262773809129309
MEX,1964,2.195268150758234,-0.2672520070033612,9.74395561041751,0.0,0.0,0.0,0.0,0.0,12928.87176212952,8.659129344733117,69340.79910777824,757.7609272626614,3.4425454145230887
MEX,1965,1.3345626701273328,-0.2779424255000624,8.669222786887975,0.0,0.0,0.0,0.0,0.0,252573.87750077766,8.45541418336554,17644.896371357045,417.3117129764147,6.0481375154404216
MEX,1966,1.1372462818315183,-0.39259420217979724,17.310758624694394,1.0,0.0,0.0,0.0,1.0,105657.1094353876,14.083665257709207,30426.723884076782,878.5775234202174,5.475808788067264
MEX,1967,2.6295793665991853,-0.1457574275194023,16.097807991920604,0.0,0.0,0.0,0.0,0.0,54079.22726204712,13.51599942739987,33739.00692592116,1055.0714240525726,3.5887189941366398
MEX,1968,0.8145226321370387,-0.28926782859290906,15.20745832380718,0.0,0.0,1.0,0.0,0.0,153125.58155099212,9.028457330014989,15428.778932027788,602.6076627470932,4.676682146738748
MEX,1969,0.49030001869300155,-0.18508642557637794,14.35415446765364,0.0,0.0,0.0,0.0,1.0,9342.469979346131,9.46184175999635,76716.36609326213,358.3756040537433,5.979353722504091
MEX,1970,2.123841912035018,-0.33431806929031227,14.63765006559806,0.0,0.0,1.0,0.0,0.0,66927.562077561,11.099728341542288,66997.6393864761,1088.349630479927,5.764530153298915
MEX,1971,1.7075662761717239,-0.2861832141798259,13.816082097045864,0.0,0.0,0.0,0.0,2.0,44812.21401775988,8.200788600092254,15593.118265038975,1210.528969216397,4.232038350520938
MEX,1972,1.5440783765054489,-0.058231304221440724,16.013914133624674,0.0,0.0,0.0,1.0,0.0,640439.453076772,7.333530590193204,71500.47370113959,794.2369565169602,6.218040330344312
MEX,1973,2.6836555056577773,-0.18063975898297194,12.4230452163763,0.0,1.0,1.0,0.0,0.0,117161.84115355652,8.940530643270822,119551.39823955816,1207.8777330682053,5.3791315133870325
MEX,1974,2.5719739813783082,-0.014967378130875605,16.558921609632492,1.0,0.0,0.0,0.0,1.0,223942.9390175616,11.880349779173487,91694.30406083421,1167.4435219133386,6.792383102878082
MEX,1975,2.273548311099479,-0.11437761463451127,18.343932399440085,2.0,0.0,0.0,0.0,0.0,183500.22090142092,11.082982509361528,132049.88697736542,1131.659546541301,5.288383903383765
MEX,1976,2.038710252340546,-0.2308460435303594,21.415505690046956,3.0,1.0,1.0,0.0,1.0,290647.9221406546,17.17515298877896,85734.76741431963,1366.168363746517,6.291582061594165
MEX,1977,3.464560658771659,0.014029435110443883,20.60843468943866,0.0,0.0,0.0,0.0,1.0,90819.39111906604,11.331599286097836,131974.6733928071,1188.591456496254,10.934716020337959
MEX,1978,3.5358306670875272,-0.0768310390188768,23.56106860973802,1.0,3.0,1.0,0.0,1.0,36685.100180473855,12.411589209296002,149313.52250326876,1129.1184254592993,7.884573368279323
MEX,1979,3.3149826639830016,0.055478936129175226,25.859832483027695,1.0,1.0,1.0,0.0,0.0,24851.001152962814,12.110841397623236,123805.59377775039,1569.1499183049582,10.55155626710015
MEX,1980,4.654642618482352,0.032323143595198736,26.092496303060006,1.0,0.0,1.0,1.0,1.0,64477.089874224024,15.650416201004427,124943.8669841827,1627.0339645551423,9.354146902221203
MEX,1981,3.2087819791749164,-0.06096866243543604,25.62879948719619,2.0,0.0,0.0,1.0,4.0,202760.20301347287,17.111046474351816,172680.7100100342,1060.0239072782556,8.409326849834205
MEX,1982,3.188116493750732,0.10918441142546563,25.530932641571336,2.0,0.0,2.0,0.0,3.0,84805.35088570078,18.772138095166547,169177.51342574367,1479.5492621771714,9.168751985013452
MEX,1983,3.917993479884374,0.30659741590315814,24.138641370557796,1.0,0.0,2.0,0.0,1.0,183555.67167628152,19.853253252334476,190376.6995330017,1701.5501048636895,10.180596055840615
MEX,1984,4.548740518998941,0.206388826719884,29.567044817158518,2.0,1.0,1.0,2.0,1.0,9814.347960320423,19.546440174801877,188124.32396805417,2088.7722790553494,14.925650934688978
MEX,1985,4.981637874539221,0.19946364983659562,33.07640189546109,0.0,0.0,1.0,2.0,2.0,333333.7061368944,19.62130222146603,187405.39165035085,1716.6303035988335,12.247579295158367
MEX,1986,4.976381175439412,0.32812721597662864,30.920882093503447,1.0,0.0,0.0,1.0,2.0,726245.5941429884,24.00148299542045,199040.72847701184,2111.056127209314,13.490237476533967
MEX,1987,5.596342909661643,0.2977454503175945,36.07102203048236,4.0,0.0,2.0,0.0,1.0,17187.759569790913,22.12575839325381,204501.2485520187,2755.4721060646607,14.870110269371175
MEX,1988,4.957273861997,0.337028342721059,28.694370864223398,4.0,1.0,2.0,1.0,2.0,88542.50108480964,27.015095419040154,235619.6076947154,2431.4770301870503,15.311076203536063
MEX,1989,6.792903991334315,0.27270328626096785,30.865632164104145,5.0,1.0,3.0,1.0,6.0,140527.97005503584,23.040516973395192,233611.11979161546,2562.9340626862922,16.51156818585609
MEX,1990,6.202763072424273,0.4187078420631679,37.138003769370656,0.0,1.0,1.0,1.0,0.0,126979.24753719775,25.81663267215361,256821.48242978906,2635.6635112904514,15.264415611351925
MEX,1991,7.179705759170983,0.5228021732796596,36.90968489933013,1.0,1.0,2.0,1.0,2.0,15767.903686864984,33.21910096371481,243186.75703625713,2998.184928775998,15.042044968528291
MEX,1992,7.020158043260676,0.4128494235319628,40.77615530705342,1.0,1.0,3.0,0.0,7.0,43951.74292456203,34.64437520769752,254118.8213058508,2894.027485586123,16.072981312382296
MEX,1993,7.368722044347505,0.6330676925984102,38.6834467387661,0.0,1.0,3.0,1.0,3.0,968182.7539077963,27.787522487447514,302221.3387178412,2948.203338578012,15.939780964955776
MEX,1994,7.7125242774267155,0.5505637742483132,37.76444444930177,1.0,3.0,0.0,2.0,4.0,503245.42025080667,34.657713131287856,309437.55697083176,3149.5970518221816,18.03501218949255
MEX,1995,7.915714730831284,0.5249133689998841,40.58898345458013,1.0,1.0,3.0,1.0,4.0,1311985.4256678277,36.641140811856054,300879.8808972025,3537.110626821436,14.21226348862537
MEX,1996,8.294613108520485,0.7128606561148922,38.45110538398043,1.0,3.0,1.0,1.0,1.0,243870.49128391614,36.44654809175755,357535.99969920324,3429.068804357506,21.092814645279145
MEX,1997,8.94842208476006,0.6461568966100043,40.58791192566572,5.0,0.0,3.0,0.0,4.0,902982.0096204671,34.918098490750765,313939.8470654331,3453.9898280637376,21.51018739338599
MEX,1998,8.54770620554589,0.7647203608030686,46.929834051175646,2.0,2.0,1.0,1.0,7.0,737653.120313818,31.70649759597851,356208.79718663025,3819.6150744783113,19.95362933292981
MEX,1999,9.083596440800939,0.7141785136193232,47.72944366742422,4.0,3.0,3.0,1.0,7.0,919944.2678806683,37.183318256136815,367183.68310873304,3518.7515666201007,19.978979589524023
MEX,2000,8.855575630029902,0.7649076343256155,47.46043964351544,8.0,1.0,2.0,2.0,3.0,17973.58505487744,38.82351138666227,367132.6668206624,2983.4916336930414,24.60872835807711
MEX,2001,9.956058613227299,0.8399009852989316,43.210311477354715,7.0,1.0,1.0,2.0,5.0,483593.81925466727,39.29813977153175,406971.1068325108,3931.441235502752,24.360362770330124
MEX,2002,8.949109436554622,0.8529114182056287,47.530230236168656,1.0,4.0,5.0,2.0,2.0,388814.8520209569,40.65676684229183,425094.14605004067,4014.545750280745,23.158362696944632
MEX,2003,10.572643053913144,0.6976934304319549,46.2292494304778,4.0,1.0,1.0,1.0,2.0,372297.94847138465,38.53535054138283,364419.5192974186,3847.201707058841,23.058216636634324
MEX,2004,9.702023896803192,0.7937947224861794,53.05052756239849,3.0,1.0,2.0,0.0,7.0,336937.8133455716,40.00968087297329,344526.0821272864,4007.059012684196,24.514403766060717
MEX,2005,9.079410792509023,0.9824719606930953,49.41941847577568,8.0,4.0,2.0,5.0,1.0,774891.1521661904,36.404116392984676,396764.51483634725,4438.218583759357,22.87483271540388
MEX,2006,10.141871467613836,0.9206584891021554,48.88654997974235,5.0,3.0,2.0,0.0,12.0,1704680.9573543386,44.44382569636437,391652.9361863779,4317.16130648004,25.706668230267283
MEX,2007,9.832044748491294,0.9109570716446308,52.35122715862683,6.0,2.0,6.0,4.0,9.0,887222.6287680445,41.029317659009735,412016.213992368,4620.559433482341,23.992010234162066
MEX,2008,10.852082794312908,0.8643523749386218,51.30706061288909,5.0,3.0,3.0,1.0,2.0,1042066.0667542123,43.05625295457408,474613.44762050686,4396.41129698545,22.680946119745606
MEX,2009,10.128493756726648,0.9054475353171355,57.20393605735938,5.0,2.0,3.0,6.0,6.0,342305.5373403324,44.71474203905465,502355.7237170383,4352.3785298655885,25.21759686729704
MEX,2010,10.372610922647148,0.847531433567656,52.20282665505864,8.0,2.0,2.0,3.0,7.0,615903.9092809393,43.37457695515183,416860.7577176243,4606.078368230511,25.24120108060415
MEX,2011,9.65890063595677,1.0173426285908966,51.047088292157774,2.0,1.0,3.0,4.0,7.0,286010.3126825379,42.67748177179355,451155.96022320044,4573.754081421688,29.474969819033916
MEX,2012,10.5927932415554,0.9925242109620201,49.630191754621954,6.0,4.0,3.0,3.0,8.0,241236.5237292771,46.086891143272915,455257.06567488,4634.281669097354,29.551563751960654
MEX,2013,9.558355335517504,0.9768762310974051,55.36688569322366,5.0,6.0,3.0,1.0,12.0,1235421.9859305092,41.886668176697725,463156.25659325684,4517.603520129327,25.885702711348713
MEX,2014,10.132769866815602,1.0614738115962878,54.43653989065907,7.0,4.0,1.0,2.0,12.0,1307638.068274852,47.98264143860823,424303.3481309629,4474.673955555352,27.53103561130403
MEX,2015,11.56486935703867,1.1077445624342297,52.63482948265851,6.0,4.0,5.0,5.0,4.0,644848.0676053265,48.07237743057179,492979.8185277864,4517.894302743663,26.957144551159285
MEX,2016,11.656743257275743,1.256834362027441,59.516145135972124,8.0,3.0,10.0,3.0,9.0,1036935.6094062832,45.6518971957147,488003.49398133677,4797.234210083752,30.637052190831024
MEX,2017,11.520444503370895,0.9782919567437488,58.51944506572328,6.0,3.0,1.0,3.0,8.0,258059.10901393188,46.05463671401463,456599.35465777107,4856.6544167248785,25.688492924223773
MEX,2018,10.784760694863714,1.201031802025852,57.06324650771349,8.0,4.0,4.0,0.0,4.0,332711.9492572713,45.19794727631975,502102.72550650383,4112.847060636116,29.046091003370673
MEX,2019,11.372799994816559,1.1944024239557374,60.80313745650628,7.0,1.0,6.0,2.0,12.0,1019372.8428278789,46.79315414503618,438000.25627931644,4582.672576137489,30.328874421804223
MEX,2020,11.452530998480906,1.0617911837657574,59.2850464246182,4.0,1.0,6.0,2.0,6.0,304548.81552342477,47.4139654410828,434087.4406220335,4403.31671177041,27.908132593617168
MEX,2021,10.838206871891797,1.1472872684611446,55.787497499149616,5.0,3.0,6.0,3.0,13.0,24778.871047433528,47.343617382901456,485097.38341174356,4680.294424021494,28.82604318603914
MEX,2022,12.414048211353322,1.100724183578168,55.44366345018487,4.0,2.0,0.0,2.0,8.0,268060.18394869834,51.49703980373577,491215.9013819433,4674.147253735354,30.377694285224415
MEX,2023,12.095414640445695,1.1579411835972813,60.26639439750284,6.0,2.0,3.0,4.0,8.0,316155.5937564184,44.463920566023106,478162.6253444217,4867.624642062379,27.454299004315498
MEX,2024,11.501547756015762,1.2690577375548435,59.37614415624585,6.0,1.0,2.0,3.0,8.0,105832.57364491103,46.5036538019063,511512.9705017384,4891.903313507205,29.986887092593562
MEX,2025,11.678368703781258,1.2015489294083352,58.95875788235884,3.0,2.0,4.0,3.0,9.0,268887.2787957024,50.326652182915716,468968.82124753634,5362.871472612337,27.011474748942554
MYS,1960,2.3211961757746953,-0.3206122989590589,14.438390235651125,0.0,0.0,0.0,0.0,0.0,173000.41908935527,8.220008000146546,-3830.436987153298,723.1582413697174,2.3457325842443955
MYS,1961,1.0083149794217743,-0.24009007946553315,12.34765508460915,0.0,0.0,0.0,0.0,0.0,244865.58865622184,9.026877908952105,33570.07283108562,292.16994473234547,3.9519140678823437
MYS,1962,1.3292121038665703,-0.34702198671627643,8.47068660330485,1.0,0.0,1.0,0.0,0.0,16645.40659214084,7.752018343782896,-25738.395060752766,527.9259718456418,2.023107931166558
MYS,1963,0.3521241287385046,-0.3029169366080185,12.520873216243722,0.0,0.0,0.0,0.0,0.0,228858.12530572416,7.923829561595833,-2147.416797703645,855.9453490835073,4.2958503421820255
MYS,1964,2.144329128966496,-0.2907040002364467,11.026515472309029,0.0,0.0,0.0,1.0,2.0,142482.01682525701,5.805168323624744,13547.690383922924,546.3110962500982,4.975410893999253
MYS,1965,0.7008958282652381,-0.223960951044723,13.991857867453579,0.0,0.0,0.0,1.0,0.0,19770.84379098437,10.058452176697532,25225.970826133274,983.7706515042721,5.570146605710173
MYS,1966,1.581131958843619,-0.21966413876889818,17.744077415996934,1.0,0.0,0.0,0.0,0.0,216118.81357403466,5.920517872886428,52206.62622674325,852.2347801574466,5.125151992625433
MYS,1967,0.9169650982819604,-0.2718123608766164,10.207584940162112,1.0,0.0,1.0,0.0,1.0,54114.40873564064,9.980819686391106,5176.814882078688,1141.0285846501822,4.285513849641662
MYS,1968,1.3085321995016288,-0.23530729248878238,12.986967617484497,1.0,0.0,0.0,0.0,0.0,162113.55631884493,8.322368545377866,34778.15708447143,695.6842401444391,6.226930874769372
MYS,1969,1.2731875458959712,-0.25518740700889836,14.073108675321905,1.0,0.0,0.0,1.0,2.0,71739.89150804891,9.021184587294275,40076.61668313233,977.6666206158628,4.281896601785343
MYS,1970,1.5213053283657565,-0.3274843173181675,15.006068362572849,1.0,0.0,0.0,0.0,0.0,24843.078061173164,9.911274567749048,77647.82946104492,1032.4800928121629,5.755234031508722
MYS,1971,1.6862519008638126,-0.17121837242735308,18.355737878413002,1.0,0.0,0.0,0.0,1.0,67154.20575197214,11.97874966705351,61140.59185833568,1164.711914588001,4.6217271654734855
MYS,1972,1.8160326892736898,-0.021662955292574143,16.658692201120918,2.0,0.0,0.0,0.0,1.0,138645.5353755005,14.897668393485745,47647.63826557645,1049.7459458866342,6.293511391161608
MYS,1973,2.7555175477343257,-0.2235531071216295,18.76277006847785,1.0,0.0,0.0,0.0,1.0,168664.64262475472,12.20143972181819,51161.361731542114,1287.636458540428,8.416836628632929
MYS,1974,1.7964924649489196,-0.19307179298249544,16.834648133974337,0.0,2.0,0.0,0.0,2.0,40987.00955196557,10.93910602785572,71031.0084206711,941.28026170346,7.78547924059391
MYS,1975,2.7247048443060713,-0.17777738364132917,19.696087053862662,2.0,0.0,0.0,1.0,0.0,101614.45108983778,9.970151505111634,50902.335795214814,1144.285098794776,8.398797923851184
MYS,1976,3.475211794152006,-0.025526879395880962,21.8352996492652,0.0,1.0,1.0,1.0,0.0,529677.8335992967,16.51160250255803,140275.82472289167,880.0434098448917,9.098028069508814
MYS,1977,2.6678097854153733,-0.02145713653237856,18.87750197352935,0.0,1.0,0.0,0.0,1.0,669385.6547057106,15.032016865910252,107759.6006098091,1243.1852643837533,7.898428308681419
MYS,1978,2.749161627581426,-0.04232266899174472,23.52715612456541,0.0,0.0,0.0,1.0,0.0,218341.21719592137,14.895254379246516,93713.10833926153,1187.937148287468,7.2590718605528055
MYS,1979,3.2394571261775025,-0.07385769388330547,22.61792664206304,1.0,0.0,2.0,0.0,0.0,197160.74825902996,16.36995480807138,99311.30995273884,1551.5744819910292,6.397687840512717
MYS,1980,4.271168340562352,0.03769641752318611,26.060721669705384,0.0,1.0,3.0,0.0,2.0,261258.38017113213,18.827356593114953,105079.186194546,1795.749636193631,8.012715719591275
MYS,1981,3.9356926076106347,-0.06268897438687077,23.948975118557364,1.0,0.0,0.0,0.0,3.0,74268.39867154238,17.084611633661233,154497.09313610382,1791.2231774475654,10.257222792949745
MYS,1982,3.7598452476330877,0.10751495554441956,26.454387581524625,0.0,1.0,2.0,0.0,2.0,1589792.2312429354,17.452619224231867,114450.97538705097,1940.4722183550225,7.834655984514998
MYS,1983,4.594069694499213,0.20062151541796897,26.48909581239537,3.0,1.0,0.0,2.0,3.0,441038.680548278,16.98419434252829,162133.43509317428,1881.970485248286,11.538604778831152
MYS,1984,3.9411344922474085,0.06685397910803303,27.476654033608778,1.0,0.0,1.0,0.0,1.0,90020.0555381771,18.517221821405897,192129.44163357836,1932.3379341262214,12.613088924648522
MYS,1985,5.233499409683367,0.08146360793065956,29.524359510471495,0.0,0.0,4.0,2.0,3.0,107208.68398058084,21.21362599745787,174773.1350269116,1798.7902216253597,10.381285134946578
MYS,1986,5.350041110635318,0.3684547751556656,31.40763566743966,2.0,0.0,1.0,0.0,3.0,360627.23929176753,25.477073210770314,176008.6744763586,1733.8956129934388,14.467672631292473
MYS,1987,5.216921185761064,0.23195120194097882,28.15396187960704,2.0,1.0,2.0,0.0,1.0,137424.71209585946,23.005998995908584,234253.75850576753,1945.7547801146786,13.325618619176769
MYS,1988,5.194722196799347,0.41114143197554126,36.0923841564208,3.0,1.0,1.0,1.0,1.0,158038.63278232794,25.84380050953986,197391.0812215432,2259.9512744068743,12.315206752907914
MYS,1989,5.452897813679202,0.3477134868178695,29.1018830246785,1.0,0.0,1.0,1.0,1.0,558020.0127252003,28.906104145073545,231107.05937955872,2747.0068143873486,12.930626996916782
MYS,1990,6.557519968398898,0.38704361464469383,33.28796972565276,1.0,3.0,1.0,2.0,3.0,116441.2721654913,28.358968273417034,253374.74580853392,2361.240687638834,15.922108004355902
MYS,1991,7.2439244449390205,0.4750397159260356,36.01328669703475,6.0,1.0,0.0,0.0,3.0,467261.1862026809,33.064897808069816,247891.57900470344,2574.304220472105,16.818155462169063
MYS,1992,6.456639014551939,0.4090144871602495,38.52258978833877,5.0,1.0,1.0,1.0,5.0,1065323.3152396642,29.894968568752837,245467.4640626245,2773.66985322371,17.37466970056008
MYS,1993,7.369661297876182,0.5297077983783061,42.66255715993639,1.0,1.0,1.0,2.0,4.0,52686.03678220427,30.496706147667,273711.99911252735,3302.609179766892,19.536156816073095
MYS,1994,6.184867555597009,0.5273811029939958,35.288654285059835,3.0,1.0,7.0,0.0,5.0,63105.86923417861,31.082152355630647,308236.2690667387,3104.8403159682202,18.850161361989276
MYS,1995,7.322127113693438,0.4902954544505648,39.85373123911846,4.0,0.0,0.0,2.0,7.0,1180773.0759568242,37.49340145848554,293429.85817578284,3257.2811880297,18.616285179184587
MYS,1996,7.907188635195879,0.6600486559393846,36.9657315917916,6.0,3.0,2.0,0.0,5.0,95571.97744287667,36.79829516629956,334533.805693885,3431.099122049708,19.629697308333544
MYS,1997,7.6610914151693565,0.6480358109188326,43.48844354318393,6.0,4.0,5.0,0.0,4.0,9029.8029033026,31.784869683450204,328057.75848984625,3768.2885906212246,22.22339794961681
MYS,1998,7.896215367463526,0.6913971835286034,45.1779330176307,3.0,3.0,4.0,1.0,4.0,882531.752765776,40.796550487848926,330201.05367036595,3562.5537897029094,19.75048291003155
MYS,1999,8.291946035217935,0.6407063287268735,49.524464486678326,4.0,1.0,0.0,2.0,6.0,146780.63385244797,38.11318362730845,337664.57942420815,3226.622155370965,22.129213202472364
MYS,2000,9.07518447303272,0.8970057552290321,46.854515833733885,6.0,0.0,0.0,1.0,4.0,159446.78239409818,38.18798875780803,371588.2711269983,3765.8036167753594,22.756724535943313
MYS,2001,9.020277028760187,0.8705533038630777,50.12306810336184,2.0,2.0,2.0,2.0,6.0,117748.70816057188,39.927825293376685,403497.1123525363,4164.735837906342,24.43924935642784
MYS,2002,8.051052051076843,0.9067721243321865,49.88583187879853,0.0,1.0,3.0,0.0,8.0,1161096.6497275103,37.426342599904956,387533.89573863597,4062.708453973087,23.67506161178518
MYS,2003,8.317699717224261,0.8329003966727594,48.203628659615006,2.0,1.0,4.0,3.0,3.0,703587.6624674158,40.80558621598967,369060.98148857296,4043.9559496762668,22.664175597994795
MYS,2004,9.376167241155814,0.7451595905334572,46.586792560948986,4.0,0.0,0.0,1.0,2.0,435985.84897106007,40.40370433637105,428564.3953486275,4153.393548923975,24.73019927001546
MYS,2005,10.165276263207694,1.064352552508991,51.56622955541171,5.0,2.0,5.0,2.0,8.0,294342.17905190896,40.98007806565731,386883.0599314007,3710.866442618563,25.89913682382192
MYS,2006,8.488396144473121,0.9263416155738098,47.87066421383281,5.0,2.0,3.0,3.0,10.0,76693.38274798892,44.59827646672403,459313.7266623825,3745.9891652190727,25.492185823254157
MYS,2007,9.936304600252162,0.8929515921847402,55.51475442749737,6.0,3.0,5.0,2.0,2.0,1308264.4910430291,42.45400929738477,418908.4888243317,4484.13009441005,27.20991917719112
MYS,2008,10.066120236146874,1.006382422117869,52.502291499883555,7.0,3.0,3.0,3.0,6.0,706324.3236828736,43.84089182583254,407299.79976593005,4635.43370685305,24.19870274038858
MYS,2009,11.302046767295382,1.085196104059467,56.48251981062865,7.0,5.0,5.0,6.0,8.0,169199.01909411678,44.88253268794489,449016.76171322283,4240.559249796045,26.136349923920722
MYS,2010,10.407778855010749,1.0074312802777745,52.83931781356312,2.0,4.0,5.0,7.0,6.0,1547105.2633081588,46.75898335295075,432747.45222241885,4485.169872991382,26.670725398215456
MYS,2011,10.965605222476485,1.1277310995221692,55.21728590622183,6.0,6.0,8.0,3.0,3.0,1457085.0156563888,47.94369875294285,456609.8787513388,4633.131712177544,28.026678763092885
MYS,2012,10.93409223067391,1.1270392124898534,55.535847687352465,6.0,1.0,4.0,0.0,7.0,581793.5419510591,45.544580105619936,452519.98175328574,4921.288157137101,28.466274075149023
MYS,2013,9.727010222440013,0.9680927673840656,55.331241654229885,4.0,2.0,2.0,2.0,7.0,2299468.3779179123,45.04834952747614,420119.21187980834,4552.936044386757,27.48248083688834
MYS,2014,11.485233139883142,1.013020477156966,54.759716391812404,6.0,1.0,3.0,4.0,7.0,115067.90638631704,50.54076838577049,456748.4853756754,4782.465219917683,27.16594717355758
MYS,2015,11.251483920393065,1.155229885028392,57.18823104511413,9.0,0.0,3.0,3.0,2.0,739404.0586142577,40.78065960219128,474656.9082896257,5111.865268754846,28.139326938268336
MYS,2016,11.497162633864402,0.8723695223458103,54.227670824124644,5.0,1.0,1.0,4.0,5.0,94096.93717922318,48.840396526027746,468307.14123803476,4609.143938580185,26.467257871503676
MYS,2017,13.533393086545427,1.0872861748556069,53.82774387475253,3.0,3.0,4.0,1.0,8.0,679517.3540149739,46.84208004359798,499909.5119699724,4719.251870237863,27.551752469608125
MYS,2018,10.142407036951322,0.9938148224318364,60.24085843837363,10.0,4.0,3.0,2.0,13.0,1476468.6908252724,48.70404858483462,479176.5944584966,4470.765769415473,29.19289113144616
MYS,2019,12.391934598210835,1.0784299949598497,59.21024181830936,8.0,2.0,2.0,1.0,5.0,455087.9988930296,47.744965570364094,467939.82252841117,4506.887099596803,29.034709598091165
MYS,2020,11.289320134802779,1.1002129957935571,57.79343536262727,8.0,2.0,1.0,1.0,8.0,863985.8090292446,50.74917499248625,481580.3317072666,4982.828401957698,27.74488134764636
MYS,2021,11.66948068820924,1.1023688418616615,62.007493209305146,3.0,4.0,1.0,3.0,10.0,93834.09209661701,49.00320308304006,466203.06258903805,5077.957955086435,27.698386651627672
MYS,2022,11.523424646788996,1.0931539433561686,57.37230006334967,5.0,2.0,3.0,4.0,6.0,616798.0976795183,45.040408376719775,489450.65350964625,5089.373354849495,27.78417215430771
MYS,2023,11.346995431660808,1.055314605193477,61.52819858634064,10.0,1.0,1.0,2.0,5.0,40634.81805425343,45.1008714047067,491210.0034115967,4590.028808241417,27.981266604119998
MYS,2024,11.300948222230533,1.3316801578279742,58.82416197739202,5.0,2.0,3.0,1.0,9.0,23685.36988939092,48.06285155345621,452977.4614002918,4799.873213949564,29.301915072149978
MYS,2025,11.852376869313883,1.3024973911307383,55.97251158724121,6.0,1.0,2.0,4.0,7.0,640874.256269196,50.04812075657558,504649.4834917685,4974.674350768646,30.860912314802206
NGA,1960,1.751307212214161,-0.3304696768683494,9.86972022767024,0.0,0.0,0.0,0.0,0.0,47413.330607258176,9.945910775994081,14524.502907250278,478.9928291129346,1.264034640325923
NGA,1961,0.40422238965436064,-0.34059157497218795,10.469939467897873,0.0,0.0,0.0,0.0,0.0,23605.52386898576,11.752769191920901,28353.258895866278,1055.4856911823597,3.8441574019233067
NGA,1962,2.12095714526867,-0.3887294286169673,9.85115286642314,0.0,0.0,0.0,0.0,1.0,242918.47630714803,7.562679583074921,-34797.24831911114,520.9440218489536,2.7353954027537095
NGA,1963,1.4651295250409357,-0.2704294955931443,10.933740968105381,1.0,0.0,0.0,0.0,1.0,19687.22217284704,10.446241472517734,48675.32895758557,1002.5904413994094,2.267980784824883
NGA,1964,0.8897100168874031,-0.33239018807303045,6.331845743874386,0.0,0.0,0.0,1.0,0.0,31551.577189582244,11.405109398918212,38853.71561808052,694.5700218334209,1.133944535944274
NGA,1965,1.3403018505911197,-0.22619460557799137,15.154365003046248,0.0,0.0,1.0,0.0,2.0,206057.7084889767,7.3420223763615216,32614.96124545668,1129.5296594589392,1.9479006792511004
NGA,1966,1.7775239843800978,-0.3525390106412708,19.294119427836293,0.0,0.0,1.0,0.0,1.0,53419.855397115796,11.51723140832767,18462.13274248774,278.3435901536662,4.362377568462709
NGA,1967,1.5916171517329825,-0.11668001334888445,14.925699898334125,1.0,0.0,0.0,0.0,0.0,703967.7813063798,4.205239845071357,37677.859266261556,473.89358538227583,4.610886735967116
NGA,1968,1.9569153205330414,-0.31210583009586873,11.446852307632739,0.0,0.0,0.0,0.0,1.0,417720.5234993805,10.1586098304369,17211.88223444062,701.3886545323676,5.5187675879945495
NGA,1969,1.2252261277289134,-0.20790089911098442,13.847900102530778,1.0,0.0,0.0,0.0,0.0,296820.09886341146,13.521645183327248,33963.37086717139,1189.4951423534146,7.456753153810414
NGA,1970,1.9682160770750967,-0.14592657993356653,14.812953988543384,0.0,1.0,0.0,0.0,1.0,94562.77419138019,10.58759339150711,28780.17379988729,804.0755153781588,7.236239638173363
NGA,1971,1.1833616194541117,-0.23747767543521248,13.961461775116453,1.0,0.0,0.0,1.0,0.0,13590.94986140152,10.42650501203639,40551.5398203979,751.6667520434512,7.03711444667421
NGA,1972,2.0673322610801064,-0.10484080468458352,19.243009841012277,0.0,0.0,0.0,0.0,1.0,98418.51953709574,10.943589938184457,42962.804632423715,1109.2741415684136,7.6328337220787885
NGA,1973,1.7566036546183952,-0.2511902636903778,19.748913365115072,0.0,1.0,1.0,0.0,0.0,117011.87260636235,15.25498144316394,92475.96756599314,1238.8759312932082,6.578183386537398
NGA,1974,2.008858853970753,-0.015060000279674343,15.510451258759629,1.0,0.0,0.0,0.0,2.0,34760.483178893264,8.977894415972326,56134.61764189081,909.2387641790572,6.931312260118669
NGA,1975,3.3086470995190993,-0.10698722071256918,20.933978801436588,1.0,0.0,0.0,0.0,0.0,33747.47866887586,12.3293915815667,90725.36402848079,995.5696302739548,9.26008104362851
NGA,1976,3.402388600918015,-0.13120713433124115,23.707837231014075,1.0,2.0,0.0,0.0,1.0,297795.59779951646,15.796938357288647,72465.95234693936,1628.0452887815472,7.841832674645666
NGA,1977,3.313152114532203,-0.08127051466228855,25.46464636094597,1.0,0.0,0.0,0.0,1.0,73395.88472751046,15.352680728505153,81602.51170823556,1600.0480181244454,8.32948396092312
NGA,1978,2.533885150074564,0.03507388795298938,28.736790882764026,2.0,0.0,2.0,0.0,1.0,322972.53883327276,18.08684210207244,89257.90656290534,1744.2902205205176,10.113287121604689
NGA,1979,3.190073927081636,-0.04717259230022333,20.232013096636127,1.0,0.0,0.0,0.0,1.0,232461.45589565145,17.773384319553333,150011.6665177674,1694.8345578348758,8.605585440911597
NGA,1980,4.2903575232429745,-0.02964234096183005,30.50762213448776,1.0,0.0,1.0,0.0,1.0,695199.5373875934,16.040641253398366,130647.29495042117,1363.4294389506133,9.342023145835139
NGA,1981,3.9055679451553993,0.04475786799329455,23.567008897477827,0.0,1.0,2.0,1.0,1.0,490581.3445267769,19.315567886890502,126594.28735909704,1650.7901587763354,8.187550082379776
NGA,1982,5.398907952521931,0.0018838611742226369,24.02011230516809,0.0,0.0,0.0,2.0,3.0,51702.3327621229,15.98208250378431,130650.03615543999,1507.6774656393256,10.033125582829296
NGA,1983,4.541998377717854,0.27654307716627946,27.408292328786306,0.0,0.0,1.0,0.0,1.0,303802.36935322435,15.392872371718884,133033.18787484523,2088.836559621672,10.829153534190812
NGA,1984,4.685380720385121,0.12163834274154942,26.262031353477695,3.0,0.0,1.0,1.0,5.0,349402.62643161166,19.569570510632193,159894.42179521642,1837.6962173991433,11.539034181091234
NGA,1985,4.663975724262234,0.27059441297146497,29.874643791523585,2.0,1.0,0.0,1.0,2.0,668552.5957654711,22.169093949894023,153550.47471351095,1672.1919091594937,13.705803730543142
NGA,1986,5.191877928956615,0.2588573505118986,26.765424025034147,2.0,1.0,1.0,0.0,1.0,353387.7984989721,21.232890963043204,190411.04497888137,2212.881456459958,11.824519267184675
NGA,1987,5.306240900747109,0.20212924906278817,30.680992654258468,3.0,0.0,0.0,2.0,1.0,53457.93640340151,24.542442640286065,195693.0764171899,2564.545512250629,16.000385198948685
NGA,1988,6.0840715200024444,0.31978922756301714,35.7222557202803,1.0,0.0,0.0,0.0,3.0,107644.19359415947,25.38915679783006,206191.18901024657,2092.166194664169,11.72041315678834
NGA,1989,6.512843176149076,0.4227535223785559,33.608387397475106,1.0,1.0,2.0,2.0,5.0,373013.9030572366,22.190688567193877,268929.1347397087,2503.2147628912494,16.138053114835152
NGA,1990,5.798056060207929,0.3849390931930955,35.353989466849704,3.0,1.0,1.0,1.0,3.0,911161.4408925524,26.285721836225974,244411.53699988135,2519.6854824774678,17.143303445979267
NGA,1991,5.771801707712087,0.5354157356343863,37.43710588574028,6.0,1.0,2.0,1.0,2.0,849636.5846975164,30.74139853690311,258421.62046490426,3000.3099437214146,17.668162640066285
NGA,1992,5.767272879559101,0.561455627122514,40.41835393891805,1.0,2.0,1.0,1.0,3.0,173556.339588242,30.83718731507058,307352.5771723823,2403.1562123499516,18.929138253043707
NGA,1993,7.398183956308792,0.5926212152713208,34.58406406010936,1.0,0.0,0.0,3.0,4.0,705930.3272108892,29.282891429167606,253746.24447996265,3266.6005209426135,17.788105161962537
NGA,1994,6.750472292743221,0.5211277143980835,41.395693135216185,3.0,1.0,1.0,0.0,5.0,289972.5931060727,33.33347495367009,287593.56884063664,2948.1342952698683,20.517476258963313
NGA,1995,6.42037021787365,0.5095475341004484,40.45261871198833,5.0,1.0,0.0,2.0,0.0,257507.59005964056,36.959811920852,272953.85431014537,3187.9610946090743,18.461747691164923
NGA,1996,8.148480219201952,0.5839630815322491,42.699410049569366,4.0,2.0,1.0,0.0,7.0,181502.44322625056,33.09950518334283,324935.8290297087,3536.3564778578266,19.22870187819852
NGA,1997,9.617634102457766,0.6847997107224035,46.05926403281425,6.0,2.0,2.0,1.0,8.0,484713.91845646896,36.73667946867567,349573.9375646603,3788.023365369081,23.605858834363673
NGA,1998,8.431215758832105,0.7476221068867683,41.513257427851016,5.0,1.0,0.0,1.0,3.0,398149.0926319226,37.361959125828754,284795.9930638081,3554.9410606560514,21.56682900720845
NGA,1999,9.158051475497238,0.5637934918191703,43.01586402764247,4.0,0.0,1.0,1.0,1.0,207738.6654860263,35.9186128165192,377220.5861239239,3471.0881997776655,23.239037582647043
NGA,2000,8.954225535409906,0.7690446696790677,41.71435403221573,2.0,2.0,1.0,4.0,2.0,647555.6772531442,35.34884098551733,373558.64078394056,3611.0727743578996,23.164223974781653
NGA,2001,9.071129663758946,0.8130633069780431,46.14010792534645,3.0,3.0,3.0,2.0,6.0,218218.66185185488,42.47570444296072,376290.0925656384,4100.25411005529,24.019930813726976
NGA,2002,9.86650398795667,0.8074361130931841,51.752320035897924,1.0,3.0,5.0,2.0,6.0,408270.67350557947,42.03302070424449,353509.8015363153,3704.2807321426885,20.71133441777507
NGA,2003,9.370194442080951,0.9606378799893642,48.99028118094425,6.0,1.0,3.0,2.0,4.0,235404.40537533275,39.73697886650043,412391.64766121336,4070.710793441479,24.53021262706389
NGA,2004,9.878865299015034,0.9172366276338005,46.75888218879212,3.0,1.0,1.0,5.0,5.0,59659.397753183526,43.82874372040231,443277.9167097326,4072.0123288484356,24.483231290172895
NGA,2005,10.08708271478961,1.0129345145563018,49.66452694824457,1.0,3.0,5.0,3.0,9.0,85690.93394134795,43.039283003809246,398802.81818666763,4321.02739500304,26.25471134816292
NGA,2006,9.684059418195378,0.9139525745862607,47.881264997969666,5.0,3.0,4.0,3.0,5.0,529285.5890395348,45.15480611373287,408256.74124587217,4218.509186797256,24.182525808270153
NGA,2007,10.79407380252285,1.0278537752668986,49.46377149149536,3.0,2.0,5.0,3.0,4.0,837763.435480195,39.01592025151048,423489.35852263647,4172.050967448911,27.34554230883971
NGA,2008,10.26811089354453,1.1038436077214213,53.8794940306349,6.0,4.0,3.0,2.0,7.0,322311.0252924332,42.698046107450196,419249.8644839109,4214.838613253023,24.339204904658022
NGA,2009,10.069199078117139,1.0967619169610163,50.55989296608504,2.0,2.0,4.0,0.0,10.0,203849.91513200165,47.68535546323802,430630.6719882051,4265.633449255605,25.724573539780764
NGA,2010,10.937659556798629,0.9219039972903131,56.82143966190237,5.0,4.0,3.0,1.0,8.0,215366.88033381524,50.60282285627711,466178.7166236534,4115.57207360256,24.45270845043818
NGA,2011,10.228767466720605,1.0051509998836288,54.36735821314351,4.0,3.0,2.0,2.0,10.0,484801.9532254218,44.21365170870565,443906.19458223553,4606.166216271037,25.432508335187247
NGA,2012,10.869073540610868,1.0127860409725202,55.22646230387706,4.0,1.0,1.0,5.0,9.0,340485.23529497866,44.595064664719565,457461.23246877105,4580.512991024993,27.216712738502512
NGA,2013,10.946842525258736,1.0933436251823365,54.74791953023746,3.0,3.0,2.0,2.0,6.0,404.5907295119572,47.43635622338672,505257.63107552304,4227.183201742612,29.364326141418967
NGA,2014,11.66790394067305,1.1218319700108867,57.77348477166319,7.0,2.0,2.0,4.0,6.0,819233.5171338235,47.03181466083116,495031.28155137383,4513.7664082641395,27.720124428732785
NGA,2015,11.400582413661672,1.0115154980439516,58.16499071838036,7.0,3.0,2.0,3.0,6.0,86356.01535337421,47.786265466884764,436032.07318890013,4578.7237333594285,26.078449759730812
NGA,2016,11.190517664773056,1.0948056085640003,57.38071486261309,7.0,4.0,7.0,3.0,7.0,640307.164712051,42.02363105896473,509020.59373275354,4537.476571255971,25.108882018019884
NGA,2017,11.746022027384704,0.937648443736315,58.263304961919296,4.0,2.0,2.0,1.0,8.0,243659.16278104266,46.62903189666824,502929.90698973765,4675.85265084331,29.179787943550906
NGA,2018,12.140141317847965,1.2236369190259613,56.6035670302555,6.0,4.0,3.0,2.0,5.0,504712.31473058165,49.23244759115392,508680.1919318734,4705.446930201203,27.474581811613923
NGA,2019,11.720974950750517,1.075564359820396,58.747829363351734,6.0,2.0,5.0,0.0,8.0,1144610.07925357,42.35574176631104,458369.2353535547,4965.051600411457,27.80651141570415
NGA,2020,11.460555214867927,1.1285877181034532,56.78401190243715,7.0,1.0,2.0,5.0,10.0,100534.91380183246,44.226674610814506,481612.7725853889,4775.998650452283,30.179389348037528
NGA,2021,10.749960734576169,1.1062564149752172,57.8502163083517,8.0,5.0,4.0,2.0,7.0,913337.3907516738,44.06889256667655,468718.5140385174,4936.899755106834,28.604159076870864
NGA,2022,10.937153831568871,1.2290170495262505,57.35510448674604,11.0,3.0,1.0,6.0,4.0,24022.830865470343,49.70167249061173,483476.02852858475,4489.065377154686,28.485267370227895
NGA,2023,11.41542711836075,0.9160855818519918,57.0783941880702,11.0,2.0,4.0,5.0,10.0,1583007.4916087792,46.3076657343621,525956.8223920128,4583.353050921903,29.230187633197787
NGA,2024,11.27813263972623,1.1469984290964066,56.662447270772994,6.0,2.0,3.0,3.0,6.0,141831.07120484623,45.84454318377602,487379.0155586452,4525.371972187829,31.170456838034998
NGA,2025,11.55540084714277,1.1446349301980143,59.703613722079396,10.0,6.0,5.0,6.0,4.0,1008454.4636340193,48.80465793003277,442461.09374109184,4769.23518733569,29.534876769116853
NLD,1960,0.00978934440419299,-0.2952871313144467,11.290540694354487,0.0,0.0,0.0,0.0,0.0,139616.51122510264,6.182758445516807,35375.04052204329,504.8620677648856,1.016626812289997
NLD,1961,0.7877285405547414,-0.2762112708037898,13.187005508996869,0.0,0.0,0.0,0.0,0.0,228768.17254733687,10.549215996685172,6955.37903847919,855.8338191011284,5.002283916135969
NLD,1962,0.7062523654897532,-0.28500414015081454,10.547776280703603,0.0,1.0,0.0,0.0,1.0,458379.28132431355,10.300562811366134,25843.13223958393,288.6368722621119,4.776534080349194
NLD,1963,0.8672062256610679,-0.3398033230504101,16.369751859108295,0.0,0.0,0.0,0.0,1.0,18344.020866861152,9.67490208615174,15564.990566196979,411.5151496811761,4.026480677125165
NLD,1964,1.1984091382622342,-0.33049057758255257,11.871234225124056,1.0,0.0,0.0,0.0,1.0,49313.82737779933,10.272430437980766,32035.327442061312,424.753735923514,5.384594588903188
NLD,1965,1.1009169880684526,-0.37454302380552046,16.61502771993565,0.0,0.0,0.0,0.0,0.0,82100.94829062444,6.871840200206451,69179.13986672569,659.8262019310404,4.705793556313946
NLD,1966,0.31838861871402924,-0.12414168247491661,13.574617422238955,0.0,0.0,0.0,0.0,1.0,151741.4886823938,6.159997032249391,38104.915446215724,339.86535222037844,2.5124701811775356
NLD,1967,1.9779624489384278,-0.25312723320668673,15.061145577636111,0.0,0.0,0.0,0.0,1.0,106369.86649513073,7.576522035227283,26645.193664292587,1072.5892096913303,3.1926109924290773
NLD,1968,1.0303033850759902,-0.25838746187209194,13.750113078757506,0.0,0.0,0.0,0.0,0.0,414566.3491029837,10.119701912910877,76740.45778333602,866.4748999656852,4.708152408834881
NLD,1969,1.8921803906134598,-0.29974845260321603,12.914852481860574,2.0,0.0,0.0,0.0,2.0,653876.1131855907,9.179065405283588,87288.69195372057,950.3223358928495,2.686678141738704
NLD,1970,3.0634311383605866,0.02557730742161035,11.598245132092623,1.0,1.0,0.0,0.0,0.0,16347.436435896447,11.644587247053774,40887.6470495361,1354.2949381782707,6.909089103968447
NLD,1971,1.4676013150122817,-0.2776926835970351,13.867113321668743,0.0,0.0,0.0,1.0,0.0,279676.29869525926,11.098374938155132,102848.69957984818,830.6678924529158,5.341267081039762
NLD,1972,0.6763719207764693,-0.20734613020770548,16.282781111984583,1.0,0.0,2.0,0.0,0.0,29123.24691388185,8.36982738607043,95798.18628650236,1167.8550312929679,6.163532055940512
NLD,1973,2.1118981208795855,-0.11958862896345965,18.252961201248947,0.0,1.0,0.0,0.0,0.0,564879.8665218179,14.742686573260677,64307.879338867366,1162.823387515093,4.950942730637422
NLD,1974,3.0648403610840473,-0.08321237895473696,20.925029026511936,1.0,1.0,0.0,0.0,2.0,39082.83984057068,11.408696720589859,115234.22722079989,1451.2734035369244,7.608581557080507
NLD,1975,3.7239433099499397,-0.03148459749257511,18.006882540825696,2.0,0.0,0.0,0.0,1.0,1251864.7676055392,14.978328294125367,61294.53596958255,1319.8421334372335,6.908114799908566
NLD,1976,2.06789426476617,0.06111445892781031,17.685903661402975,0.0,1.0,0.0,0.0,1.0,150708.51643559177,11.99461062302799,87691.62778599767,1110.0801255243769,7.082336457156304
NLD,1977,3.248499748371576,-0.016843360431236784,17.10146388286529,0.0,0.0,1.0,1.0,1.0,133523.20289203772,12.655074836421212,80549.51568588753,1406.2164420494655,9.971955031682855
NLD,1978,2.8944114771127665,-0.1141221175957616,22.77391986980938,0.0,0.0,0.0,0.0,2.0,251531.6044665899,13.326124669295297,92139.11305502008,1235.935371073343,10.314512067922136
NLD,1979,3.311088481931269,-0.020971778961930792,25.944981008567478,0.0,0.0,0.0,0.0,1.0,146678.1161590591,13.016644978284983,146854.899948605,1364.0056890584474,10.042320821784001
NLD,1980,5.113323770289739,0.054932863993102966,26.612896738390475,0.0,0.0,0.0,1.0,0.0,80243.70335847748,13.934661210110688,134836.3324985728,1560.826045611576,9.82303674702202
NLD,1981,2.9598727809852408,0.22793887912045954,26.22735673911789,1.0,2.0,1.0,4.0,2.0,305021.86111548706,18.863664116944076,117514.83872712724,1614.8802484088465,9.37088813946016
NLD,1982,4.2111937723918365,-0.01578360807812368,27.097634236788373,3.0,1.0,0.0,0.0,1.0,410536.6229027844,16.86425631816392,140992.0990848148,1547.0551916117454,10.2763549150736
NLD,1983,4.584764193831214,0.22710568494895245,30.834670840865044,0.0,0.0,1.0,1.0,2.0,937277.4361946967,20.709890034030195,149991.6077477943,1326.197480094285,10.822088499713148
NLD,1984,5.199279615243476,0.18134305960244063,28.54738834225225,2.0,0.0,1.0,0.0,1.0,173626.19054879434,21.174430747448387,184076.26590752197,2035.0807776550575,12.470662246552775
NLD,1985,4.8980580044244375,0.27109151289539113,30.4923576299677,2.0,2.0,2.0,0.0,2.0,412898.6750423881,23.969464051376363,246107.10042781878,2160.8344225183982,12.526720669344588
NLD,1986,5.292220968921661,0.23394016648920227,29.263657339747404,3.0,1.0,2.0,1.0,1.0,618716.749939582,20.76747568380921,206388.02680392336,2271.6394052438527,13.227223773022494
NLD,1987,5.168713130398392,0.21349736269123948,27.872765732280158,2.0,0.0,1.0,0.0,2.0,627495.911971796,26.53698622247547,220137.88629984585,2748.019363338408,16.072854326721924
NLD,1988,5.8316570221224415,0.38033542665214204,30.798677883127166,3.0,1.0,0.0,2.0,2.0,12553.606958737175,23.219303322254625,264084.7311650119,2054.7835562969217,16.205859386761617
NLD,1989,5.765403785581179,0.4123877822021458,33.72814302971636,3.0,2.0,1.0,0.0,4.0,161550.95071013825,20.205492100878196,224491.21190296192,2897.5916140491227,14.206911268063573
NLD,1990,6.607403836667229,0.47776455725917777,35.15196343125326,4.0,0.0,0.0,0.0,1.0,5065.9495785337385,27.92807465224072,283755.3348779869,3235.6235912233115,16.41576780403413
NLD,1991,6.32473471278272,0.4389023291360132,41.064674011085486,1.0,0.0,1.0,0.0,2.0,313226.0546309364,26.654905394303785,252373.29105706667,3181.8906955174107,15.613396128101062
NLD,1992,7.0399236955872535,0.43174863383437684,37.69489278460157,1.0,1.0,4.0,3.0,3.0,781228.7136971382,33.11712022430813,266380.12160943536,2802.12402330049,18.239138833450333
NLD,1993,7.089262825465217,0.39440506729674707,41.66923445064705,4.0,1.0,1.0,1.0,1.0,670565.2048035597,31.52713835976602,279420.8935584846,3106.338755560568,20.785281508688925
NLD,1994,8.032386985487195,0.6234501176310757,38.846689901681806,2.0,1.0,3.0,0.0,8.0,675268.4989544661,31.749273124993902,297075.105673558,2932.595452205494,18.26477104963771
NLD,1995,7.628730917757948,0.6298460885184862,40.34377684567965,4.0,2.0,2.0,1.0,6.0,178864.75401906625,33.46420041204542,307242.5983545617,3066.6955234183556,20.535698150109127
NLD,1996,6.90555385237769,0.5557874793321559,38.96029621823114,6.0,1.0,0.0,1.0,3.0,19923.631298164655,32.935448990214454,332120.97332173487,3739.5627457280343,22.337359138201247
NLD,1997,8.909764242844457,0.6260145416053359,41.553568576216875,3.0,1.0,1.0,0.0,5.0,80902.98419204533,38.85807838774846,323839.77707509964,3604.7661456794444,20.51853250653903
NLD,1998,7.913910459971538,0.6666184648480646,45.81617753479001,4.0,4.0,4.0,1.0,2.0,483180.5345145544,34.81557909175955,347803.6077616663,3721.4705946776385,22.01130907973784
NLD,1999,8.300003635464472,0.6188804496414126,45.56637558223553,5.0,1.0,0.0,0.0,7.0,63582.3188932258,38.0351618732915,315553.06876283605,3377.5580038206367,24.307350950265807
NLD,2000,8.564668410170048,0.7042791340795971,48.91027548124333,1.0,2.0,3.0,1.0,6.0,60258.033221198304,36.05496880059241,385319.51920613676,3389.7506519085687,21.159155253736337
NLD,2001,9.918293117917072,0.70970974040768,47.966140150618514,5.0,0.0,2.0,3.0,3.0,199677.32787915203,38.765437114742184,403623.8363358723,4074.0866468121167,21.555936456585655
NLD,2002,8.110022337200952,0.7966413326473932,47.54510484585653,7.0,1.0,4.0,2.0,5.0,46177.50624747724,36.80032203718938,390022.01701514825,4011.1596971709723,21.776723527454063
NLD,2003,11.341307711843921,0.7982401730017289,54.662491311595325,4.0,1.0,0.0,2.0,8.0,189073.44661991912,40.876933989269475,411790.64806903974,3923.3020999084356,25.060314935542717
NLD,2004,10.33234738363667,0.7533338280243909,49.87443550614646,3.0,1.0,4.0,1.0,4.0,1678255.2693724926,41.24411438735931,380395.82705321506,4478.318346479806,23.04275612489267
NLD,2005,10.030468851851168,1.0699263803553885,53.78622623394544,5.0,0.0,1.0,1.0,6.0,9824.499538812895,43.02575458474709,446833.34804716456,4282.025127387009,25.675872516300384
NLD,2006,10.036647378685766,1.0314326746966178,50.59789624033453,3.0,1.0,3.0,1.0,7.0,878701.6923392063,43.49412211739868,420922.53414824465,4010.717483085617,27.19997473977584
NLD,2007,10.387843044582503,0.8905340221447456,54.05073544428218,4.0,2.0,6.0,4.0,6.0,2540061.0577719584,43.11456823350224,382873.82549435744,3818.5649194075154,24.74834331658059
NLD,2008,10.668358149962511,0.9948320078915086,55.22748590285483,5.0,1.0,7.0,2.0,7.0,292444.1270244324,48.20555740420657,459540.253167434,4473.8868174090385,24.961252669226397
NLD,2009,10.874751506746806,1.025223648204907,54.01580620828906,4.0,3.0,5.0,2.0,7.0,1482987.2599829228,44.10397020568382,452983.3322224025,4278.180986381828,27.294851203354384
NLD,2010,10.94863896469763,1.10456219314649,48.15364659215261,3.0,2.0,1.0,0.0,6.0,158893.04044593865,44.723998426161934,487214.95883376955,4407.122791151817,26.729323172233922
NLD,2011,10.79689544797222,0.959956683954213,54.59079009235963,5.0,2.0,4.0,3.0,8.0,2148125.330439593,44.89888367969151,487074.3064404649,4435.140934877206,23.637231486984298
NLD,2012,10.739399783446906,1.1277677601270981,58.088625663415684,3.0,5.0,4.0,3.0,4.0,1067717.9689859047,45.96708248819182,483702.8106531725,4867.424481001347,29.351613314452862
NLD,2013,10.865103810228385,1.0103708380396754,56.76255403182652,4.0,0.0,2.0,3.0,13.0,1182707.7353229865,45.25580291990432,466355.43781023286,4769.779674379067,28.221354157843024
NLD,2014,10.9314417291171,0.960054693276235,56.955962363377004,3.0,4.0,7.0,2.0,6.0,77544.63101862311,45.42862998420041,476286.86641761137,4586.467438522951,27.1386508436313
NLD,2015,11.779548735454263,1.1365578367111704,51.90144866404403,6.0,1.0,3.0,2.0,9.0,1147894.3581198528,48.278520577329466,435234.69683483604,4614.518292409793,27.286752468939714
NLD,2016,11.54620328136301,1.1926392013804397,54.741941306145016,10.0,4.0,4.0,3.0,6.0,1621231.0676676224,46.77987432275678,458588.71082032437,4742.748344894009,29.04450386861844
NLD,2017,9.585082940412578,1.3062753481912606,57.87972627502877,7.0,2.0,2.0,3.0,6.0,987249.7408367025,49.53770857627165,543032.932254316,5013.767571843481,28.17391535187317
NLD,2018,11.717914923667623,1.0123032973545931,58.15974939702379,7.0,2.0,4.0,4.0,6.0,56049.27741901004,43.15916985775487,428289.90842037945,4750.070753604954,28.475071600593722
NLD,2019,11.512207336561492,1.1724678738809948,60.42898879641137,3.0,5.0,5.0,0.0,7.0,52487.87210097617,51.07943044892293,481715.89624558476,4619.845429053152,28.750693681822177
NLD,2020,11.443844923501594,1.0913345034124107,57.266539453256435,10.0,2.0,2.0,3.0,7.0,265532.06786816847,49.88014649439937,475350.32459127955,4493.9526388255235,27.525404646475113
NLD,2021,11.280868457651401,1.1936970889361846,58.85919746963023,4.0,2.0,5.0,6.0,2.0,741470.7473388124,47.94443800487124,499780.44803922786,4777.270627988311,28.28794597644413
NLD,2022,12.195959001829168,1.0196956794266772,58.08264946499002,10.0,1.0,4.0,2.0,6.0,7706.5738579173585,48.063089477821926,485411.7844237736,4534.3222187323545,28.639704098506378
NLD,2023,12.135759039085327,1.042064515107897,55.7540836951143,4.0,5.0,3.0,6.0,11.0,1872935.24682485,49.84083211657021,512553.5188318302,4913.052839485047,27.939113030512893
NLD,2024,11.184197496969244,1.0862572706291607,52.7457484373406,6.0,3.0,2.0,2.0,4.0,469593.64992795285,46.237396673183476,484262.4578657948,4954.670122883463,29.480341424866555
NLD,2025,11.89696441145601,1.1594175544512768,59.61191269275737,3.0,4.0,5.0,0.0,7.0,282888.88616939704,48.76735632271715,504691.1134443011,5142.060302528563,29.857320000381726
NOR,1960,1.2362862316192014,-0.49249856337341436,11.90197609992863,1.0,0.0,0.0,0.0,0.0,91421.3756787839,6.871468051300044,44955.83796330246,686.4992376441089,2.046506272525804
NOR,1961,1.209303291274767,-0.15318006623175315,14.709194935879346,0.0,0.0,0.0,0.0,0.0,247593.83699649083,5.952879302270423,-6295.337283377547,643.2025781158104,2.799050064557796
NOR,1962,1.5671628176919383,-0.2958553186258579,10.802978892866276,0.0,0.0,0.0,0.0,0.0,306459.69581685355,8.317519314015145,33404.73601430759,668.3808518799799,6.0712810910013575
NOR,1963,0.9737889315777997,-0.2673908490990027,11.916372115476692,0.0,0.0,0.0,0.0,0.0,93362.38764946832,6.581201300003633,46377.11318551739,284.88920482575065,2.8922206399268746
NOR,1964,1.5901276678997358,-0.2940111474407978,8.431379380752183,0.0,0.0,1.0,0.0,0.0,77271.5676569791,9.441244861529452,44487.01943122382,801.957147350721,3.0881058583674266
NOR,1965,1.2231297306335485,-0.3374362560239774,10.48303129051327,0.0,0.0,0.0,0.0,0.0,322168.02613860706,7.466102100578694,45284.1136604779,799.5871730980017,4.291936373290176
NOR,1966,1.8813020361904216,-0.2817976440856259,18.67771183887283,0.0,0.0,0.0,0.0,0.0,92234.86217446004,12.562558624573574,-11446.936382275766,1118.6784136432348,5.046118818339893
NOR,1967,1.9017503549783517,-0.3821548433517751,18.659719620048595,0.0,1.0,0.0,0.0,1.0,105215.79832678978,12.81319092533722,43486.48341256383,1002.1898955076304,5.948026885046876
NOR,1968,1.1092533712007366,-0.058232297564239394,15.151996077606663,0.0,0.0,1.0,0.0,0.0,30584.22681184342,6.233613630696443,48722.64382061285,803.9770121719841,6.249967808584975
NOR,1969,2.3790531605501926,-0.324206045960811,19.61216967775524,0.0,0.0,1.0,1.0,1.0,170293.9300375459,10.63581779677288,69046.6002007539,788.8434758595655,6.149302291527634
NOR,1970,1.562654622313774,-0.2918326274723863,15.559959884585115,1.0,0.0,0.0,0.0,0.0,88917.78930170347,9.324902659875221,95100.22595868594,624.2958836485568,2.6664563767178615
NOR,1971,2.460880689186134,-0.22704717737011548,15.896897961730122,0.0,0.0,1.0,0.0,0.0,207640.87753728867,11.421913036332771,59458.79703379177,1338.6725531377476,5.585155020618953
NOR,1972,2.34247745156138,-0.06999223817102937,17.233829866188277,0.0,0.0,1.0,1.0,0.0,142700.6519647869,12.703349183359396,63177.07566538626,716.3272183875642,6.902646741846255
NOR,1973,3.333306162617845,-0.15169485592533216,17.410959265867824,2.0,0.0,1.0,1.0,3.0,341269.7946194084,9.073745528500723,81334.90135450006,586.7735565840405,7.283679763625503
NOR,1974,2.303295631096054,-0.2301202798967162,17.861089934403328,1.0,0.0,0.0,0.0,0.0,82980.98007293753,10.368560514258826,85366.27771371117,1300.9853506554402,5.709530177159425
NOR,1975,2.397036366005134,-0.007772093049242659,21.9797714581917,1.0,0.0,0.0,0.0,1.0,49544.66783583615,11.298525698725234,102820.33450052347,1177.8352390617235,5.676164759372293
NOR,1976,2.763719008190864,-0.02501417155089225,20.266144706961416,0.0,0.0,0.0,0.0,0.0,327749.6692121607,12.661034567760497,112910.80965044204,1291.8725519502716,6.010670581531908
NOR,1977,2.788569319880868,-0.014261176290777576,22.489455258956582,1.0,0.0,1.0,0.0,3.0,134508.36669985086,13.462352367382127,103474.25939890117,1350.4193347009978,8.648358980884197
NOR,1978,3.621931583377976,0.027619085695239055,24.152212138242447,1.0,1.0,0.0,0.0,1.0,236323.20189194026,17.209106799636373,128962.17060741542,1139.292798676597,9.891464596896757
NOR,1979,2.4426301858051085,0.19113278309440784,23.457459209380954,1.0,0.0,0.0,0.0,3.0,828179.682381009,16.738900946024586,120161.8217495014,1560.4578206484912,9.19134079992295
NOR,1980,2.9869589547457904,0.20511386579488117,21.021392753729156,0.0,2.0,1.0,0.0,3.0,198549.03282096054,15.142264573395474,99013.06377702593,1488.1703309718764,8.032462967204356
NOR,1981,3.2100940399044178,0.0075435683597299685,21.070360146339702,5.0,0.0,0.0,0.0,2.0,50841.178760933115,17.28811372952033,116388.5255187744,1549.7861032120913,10.344860131367431
NOR,1982,4.611720332417263,0.2259516296207123,25.87322753063764,0.0,1.0,1.0,3.0,1.0,175250.9641367041,13.61938712496303,97445.00964316359,2091.5329389360177,9.348076124718618
NOR,1983,5.299443309300697,0.16155301971164623,26.162470629529356,0.0,1.0,1.0,0.0,0.0,209981.49274953693,24.47590821455414,208058.8730772803,2045.4239415652974,10.25896183691435
NOR,1984,4.514894177744306,0.20687757532974724,27.935663261010532,2.0,0.0,0.0,1.0,5.0,479272.8292026922,20.98612158791809,209884.60951262803,1424.6983867512067,11.405561336392957
NOR,1985,4.744645200344417,0.06868340354556635,28.836898341785805,3.0,0.0,2.0,1.0,3.0,73287.07425192189,24.22268719126534,215208.64414353188,2125.2734468284857,11.453208608973625
NOR,1986,5.155371902496881,0.22846888258902115,36.52455114479382,2.0,0.0,2.0,1.0,1.0,146979.56621554538,24.843690345329026,195856.00316921063,2436.6910857679923,11.654440692595163
NOR,1987,6.061991080665631,0.2158660858744204,27.952308520313707,1.0,1.0,1.0,0.0,1.0,18091.394477115584,24.06893429947977,237721.2772179127,2007.3215648463818,16.08473053335372
NOR,1988,5.143680978746925,0.3865103094915002,27.533434459823294,0.0,0.0,1.0,2.0,3.0,435811.58623496,19.898171273253617,248032.60973923508,2212.8182650632966,11.961653926766914
NOR,1989,6.099801509064692,0.44571974006592047,34.58198270985202,2.0,1.0,0.0,1.0,3.0,500650.2435079869,25.120594089250346,201753.75801714385,2767.6601492791356,14.472371485540053
NOR,1990,6.8107386371248975,0.23404109191869507,34.058943613529514,1.0,1.0,2.0,1.0,3.0,229124.41871256096,28.29563297514849,230883.48006141296,2543.313137285905,15.697905358424254
NOR,1991,6.825389803723221,0.4382039108459624,37.03912904827188,2.0,1.0,3.0,1.0,4.0,295585.31650903786,28.76020927084956,276374.85531971534,2302.520303229582,18.418564731122427
NOR,1992,6.9321003986377745,0.569483316083505,38.951407421333904,1.0,0.0,2.0,1.0,2.0,540364.496551961,32.08337298060484,263164.3382093622,3166.1591320704915,17.807885839170105
NOR,1993,7.681690446560185,0.5041737099135788,41.93238757853019,4.0,0.0,3.0,1.0,4.0,124173.68943762782,30.8455002432677,270001.19247206877,2958.9179125647825,17.690228635749783
NOR,1994,5.830549522818637,0.6162253477801124,36.16631845466275,2.0,0.0,0.0,0.0,6.0,378212.2226782029,36.08559170622062,320294.38185804593,3201.6520479120404,17.72558650417162
NOR,1995,8.048060617551599,0.6240281673331342,39.73117181544983,1.0,0.0,2.0,1.0,6.0,1370324.3830096184,30.62646954992124,290940.8489289306,3213.9775465553753,21.03504215015276
NOR,1996,7.548954003798379,0.6603829085174828,43.354718458491675,8.0,3.0,1.0,1.0,2.0,450597.1882173546,35.21931386093442,385098.4749049661,3598.0142454701813,18.94910188974331
NOR,1997,7.131545464241448,0.647395237223602,45.33554759762637,5.0,1.0,3.0,0.0,7.0,34768.36839156026,32.75334853268647,374202.7941708163,3182.222824047985,21.00486714335422
NOR,1998,8.728648027694408,0.6066327054733232,49.98234793210159,4.0,3.0,3.0,5.0,2.0,149142.65187344167,38.10553762640959,339971.42229187343,3698.9474199153365,21.082134725975724
NOR,1999,9.465772943656246,0.647796792406004,47.93673505903486,1.0,0.0,1.0,2.0,5.0,323976.9312969858,35.298248243013546,386941.4838715397,3951.3573548407144,22.57866076649716
NOR,2000,8.828140758334134,0.8264419269644332,46.410957441784554,2.0,2.0,4.0,3.0,4.0,33950.97741404423,33.94533583987849,370452.2555483518,3418.8734196431437,24.669190990052623
NOR,2001,9.675894078985543,0.8019728293936991,45.28691589739923,6.0,1.0,2.0,1.0,5.0,516413.1854829159,35.41749403243489,365004.77681178175,3652.4300038936058,23.994975777434995
NOR,2002,10.265095008582174,0.8185586740298502,47.01551454315333,4.0,1.0,2.0,0.0,7.0,493797.44291414315,38.52146508674393,433846.66376834735,4298.555842537133,23.338210185449576
NOR,2003,10.293178115800252,0.8234247694823057,47.80999209473516,4.0,0.0,6.0,3.0,4.0,987566.3601531727,43.86950672206273,402873.8884713563,4247.4977026764,26.349368738188936
NOR,2004,10.668094322812241,0.8590791140552707,51.747278499213486,6.0,0.0,1.0,0.0,7.0,332703.7233467452,42.76640505210345,378972.04223338317,3877.7249477496007,26.672889666434216
NOR,2005,10.328829783593239,0.9918721054688812,51.52121742364676,3.0,1.0,2.0,1.0,7.0,574326.3991333568,42.796343091863996,420448.14205399447,3857.1923812835357,26.487415344284784
NOR,2006,10.111585771408548,0.904409889664837,48.29179532959078,5.0,4.0,0.0,3.0,4.0,99453.02528413535,42.294429609335076,458029.64787612634,4276.916843128094,25.691364839605935
NOR,2007,9.302519109698478,0.845570398802219,51.18698307309718,4.0,2.0,5.0,2.0,4.0,1444.0936213040814,40.51485272481944,422980.5257835919,4351.47228730251,24.59541909187226
NOR,2008,10.227226822969671,1.0325304382024336,55.10131563860417,8.0,1.0,2.0,1.0,9.0,96414.953346304,41.517889580499286,434445.08045223483,4319.401445403121,22.71571394400032
NOR,2009,10.018885752518713,0.975436307910026,54.373732169285255,3.0,7.0,4.0,1.0,5.0,33241.16692939533,42.90367792297205,427597.5925707396,4936.826434621216,26.652974545675157
NOR,2010,11.877458459306888,1.011786994007234,55.46146543892604,2.0,3.0,1.0,4.0,7.0,293014.80890651705,43.1905591996814,449299.5049572365,4591.732762591748,27.745909179013676
NOR,2011,10.644252214101858,1.15405135059898,55.50246321536251,4.0,2.0,3.0,7.0,8.0,336370.73693163146,43.61291117094444,421164.8197162015,4289.7405846323945,25.07332318738277
NOR,2012,10.9237121390247,1.0387543728204633,59.07855238053789,6.0,1.0,1.0,1.0,10.0,558442.7455142643,43.37054751112175,430376.21635301417,4779.720497174979,27.788664887611027
NOR,2013,11.269190039552424,1.0773379562257284,56.03395960881812,3.0,1.0,7.0,1.0,6.0,83067.14448308443,45.91314952644689,445988.1072016421,4585.393795606696,26.82494957202031
NOR,2014,11.068585396984053,0.9726098063058581,54.87630818062714,4.0,2.0,7.0,0.0,10.0,134149.03187489026,44.5669023336153,462680.5303220292,4450.0601135514735,28.385514899929326
NOR,2015,12.102285278003382,1.0610533557779338,53.91770339610393,12.0,5.0,6.0,3.0,4.0,900620.7483858841,49.13256156101043,489901.9942766308,4855.210610112794,27.01280177913071
NOR,2016,10.846884783054204,1.1381406110673336,57.16710262835694,10.0,3.0,1.0,0.0,4.0,489775.2831176086,49.412311645948,461828.15984161774,5021.813400465987,27.047648519303713
NOR,2017,11.387705692105953,0.9748127316015065,50.749572160212466,8.0,1.0,3.0,2.0,10.0,17211.425172440242,48.518494422105896,489221.0870204014,4754.749819169184,28.15122549323131
NOR,2018,10.913851390386633,1.1243489260110668,56.67306870047478,3.0,4.0,3.0,4.0,7.0,1103626.2664015556,48.512969728865315,460410.1851474827,4500.918989072565,26.747983326853934
NOR,2019,10.641221080646291,1.1246175848861162,56.877722196275755,7.0,0.0,5.0,3.0,8.0,588783.2481631055,44.160636612836434,488663.42712181725,4781.460481787104,29.885890936486703
NOR,2020,11.102835231187445,1.1274215993628884,54.21752920707847,3.0,3.0,2.0,5.0,8.0,123948.2186449137,53.020192895862095,506249.1189410039,4552.396950312684,28.700414187504
NOR,2021,11.482970409874673,1.2140011039869216,55.5239726563057,8.0,3.0,2.0,5.0,7.0,176442.41800752465,47.42658914248055,475616.51389975724,4850.624303063585,27.190584415064855
NOR,2022,11.302745408739785,1.1640899247130592,60.065857685532386,8.0,2.0,2.0,0.0,10.0,495949.57568360533,50.023398083667715,489220.42267642927,4993.22393280558,28.041548043479114
NOR,2023,11.192789259937216,1.2613318490322978,58.7982199090556,4.0,2.0,7.0,2.0,6.0,512194.9166576024,50.27347891547426,467620.83486194664,4368.309265064449,29.8303198391974
NOR,2024,10.819969614356514,1.0688400952349564,58.63969759934579,7.0,4.0,5.0,1.0,13.0,1030505.9285696616,46.20398825297286,498516.26030590467,5016.358322781969,28.673720239580195
NOR,2025,11.615123642097902,1.163974396175298,59.30025729726224,5.0,3.0,7.0,2.0,3.0,283097.76369805314,47.26829206336925,415477.2313001775,4774.398612006279,30.17314228587303
NZL,1960,2.2089711175990607,-0.36270368859079744,15.264405028205903,0.0,0.0,0.0,0.0,0.0,23497.72336819122,6.647125269581133,28164.86006460777,370.6306966256499,4.168565152157511
NZL,1961,1.1036758860238025,-0.22863563047917446,12.178939152950289,0.0,0.0,0.0,0.0,0.0,76406.38868133724,6.868461284069282,41280.5949272473,445.970353643502,3.081994924228138
NZL,1962,1.0499555777111313,-0.15149433818223598,11.029531060751289,1.0,0.0,0.0,0.0,0.0,259334.57710100696,6.213699396401925,66869.59190312699,609.406740177369,2.3515969001313985
NZL,1963,1.018662476539464,-0.2631935863542946,15.538507358676728,0.0,0.0,0.0,0.0,0.0,94448.59862501724,9.845182218817486,-6347.995286160545,1035.6401881808863,2.3485973099019315
NZL,1964,1.1913666169351038,-0.28275669514781104,16.415793773621353,0.0,0.0,0.0,0.0,0.0,18911.66965613291,3.969894338280562,16407.860375874836,354.0362938472089,4.079948837179348
NZL,1965,2.1617569431833057,-0.27568428531207156,10.88125062978119,0.0,0.0,1.0,0.0,1.0,18939.406983224755,12.96313559258212,70057.7337067882,387.2776405401006,4.134566685119438
NZL,1966,0.18466541066564068,-0.45766822871258395,11.148850702280168,0.0,0.0,0.0,0.0,0.0,52763.51371678287,13.409010233344674,78309.43430349938,895.113959755525,5.004767234682197
NZL,1967,2.429638429916233,-0.19459119323344476,15.119289755701807,1.0,1.0,0.0,0.0,0.0,168456.66191378474,9.213049615987165,11342.605409069962,571.8226628770212,3.9566952511648137
NZL,1968,0.8283552622175455,-0.2296659041288363,16.560926039556488,1.0,0.0,0.0,0.0,1.0,372302.4664206376,10.40047518800846,89754.96883601705,923.7291823873256,6.585443117122322
NZL,1969,1.6012883544397603,-0.19117772203416128,14.707168346705512,0.0,0.0,0.0,0.0,0.0,165942.36797122651,11.8199732013418,-8735.564658578776,675.2769101036165,3.1989505080525804
NZL,1970,1.6240180615826212,-0.26619230029130836,17.65838065106175,0.0,1.0,0.0,1.0,1.0,308415.9476291994,8.658772846520694,76090.71658047887,943.0400456979141,5.922950178143196
NZL,1971,2.3346655852926395,-0.22258299133737078,14.730082201056437,1.0,0.0,0.0,1.0,0.0,241174.4822201979,12.13198729722295,71383.04612624428,791.6647518055511,4.369763619210476
NZL,1972,1.2123657440224542,-0.20592029107947343,11.805819247340049,0.0,1.0,0.0,0.0,1.0,178210.99646701035,14.351181387697157,53492.52096179597,730.5987944132382,5.63139097964801
NZL,1973,2.5420998314577665,-0.07112573714050137,16.663510573345246,0.0,0.0,0.0,0.0,2.0,59852.160848634216,7.894822066360857,61323.091491847284,1060.3687416230978,5.03599666288228
NZL,1974,3.595766604349809,-0.16153020314252667,18.55716110958653,2.0,0.0,0.0,0.0,1.0,547490.8376833649,9.317661528978803,68987.4673074993,804.5682625038323,6.1887923329016505
NZL,1975,1.8140684711322317,0.05849366385895399,18.43167629057668,0.0,1.0,2.0,1.0,1.0,84674.85231865248,14.89709384999965,86936.73348281492,1264.6311199955303,5.609507885309262
NZL,1976,2.8839663279522876,-0.049025228172527774,16.994297412922197,2.0,2.0,0.0,0.0,3.0,78691.24762446381,13.29404209273745,149261.82220532885,1174.6807262503391,6.13768503868266
NZL,1977,2.5822579427775256,-0.15939058566775233,16.169128408175027,0.0,0.0,3.0,0.0,0.0,82731.99900470594,13.767527297772919,128404.77921673645,986.736068533154,9.345890504981403
NZL,1978,3.4068501333222927,-0.039923357058584734,20.288538814129375,0.0,0.0,0.0,2.0,1.0,28664.7367704972,14.680252326133553,152294.51607921763,1458.418367680466,6.536103231936831
NZL,1979,3.383018757670204,-0.05255017872470153,24.73113414936848,0.0,1.0,2.0,1.0,2.0,201959.22213435636,13.7026090415246,117584.3822936623,1539.313074232458,9.902658047715
NZL,1980,3.2239713730544657,-0.14524432339360982,26.58756466703396,2.0,0.0,1.0,0.0,2.0,119039.46180198743,16.179418179258395,140946.72941885376,1011.2612283404745,10.722922579227074
NZL,1981,4.104607283613322,0.19043847100909678,27.421808329095935,1.0,2.0,0.0,1.0,2.0,226942.12641217903,15.036474168652862,118499.91199405785,1646.5743117405452,11.115993839550262
NZL,1982,5.102793630159834,0.15229223357342042,23.461502105747993,0.0,1.0,1.0,1.0,1.0,190107.99147407513,21.8957736416816,148755.53813439177,1759.4455644840052,10.643433060711953
NZL,1983,4.206070939822893,0.1735561499628792,23.706345582515784,1.0,0.0,2.0,2.0,2.0,236565.20882340902,20.23139250128904,152789.437240325,1881.2960528270628,9.76182440648862
NZL,1984,4.988813295138557,0.18018220286270362,28.958771226159964,0.0,2.0,0.0,0.0,0.0,116598.3047149983,21.185209923754353,190009.05183632483,1538.0055386318822,9.758317795298332
NZL,1985,4.0980857404027535,0.09350366458163764,30.46478346890208,5.0,0.0,1.0,3.0,0.0,569749.3727447253,23.489276804995747,171756.7767054509,2157.5618168268225,10.919033997512438
NZL,1986,4.565140992036447,0.20341037265564188,31.066041007378644,2.0,0.0,1.0,3.0,4.0,263574.4440175637,29.33703443610853,180375.07755129843,2306.729151121378,11.593396553289669
NZL,1987,5.665544666447139,0.34823443508406665,26.242715973822644,1.0,2.0,3.0,1.0,4.0,82394.35895020486,21.781980925408995,223242.13954614862,2079.6924807428477,14.300610772927934
NZL,1988,6.530275747314685,0.23616800191743526,30.34108867216744,8.0,0.0,3.0,0.0,1.0,835483.2282337879,21.1124729796096,224297.5870176216,2086.98195431967,12.622902601930836
NZL,1989,6.167217019543945,0.15749175473363092,33.67681865033805,2.0,2.0,1.0,0.0,3.0,42601.24582535549,26.306891745666896,220557.06068668514,2302.439923694723,15.01116289708855
NZL,1990,6.069991632449186,0.38183151937752596,36.21804548657607,5.0,0.0,1.0,2.0,4.0,495800.7057439374,23.389861460225802,229376.2289285273,2680.263386541637,16.056237822738282
NZL,1991,6.536853214126238,0.4286260956441009,38.16722778045322,4.0,2.0,2.0,5.0,2.0,433983.45399728464,27.862073240865154,245477.91365306693,2476.5156367031864,16.27512705867403
NZL,1992,6.104106522060909,0.49057946901314153,37.852333671329,3.0,1.0,3.0,2.0,5.0,29503.31978429409,31.710128557869492,295691.79710504896,2566.1208859925155,17.016599765713565
NZL,1993,7.453685255988415,0.5773895183798173,39.549085356928536,2.0,3.0,3.0,1.0,5.0,921315.9786605116,34.287896506388954,298064.14304096473,3493.255474257253,19.871307154912493
NZL,1994,7.892249602129159,0.6089087211584199,40.14654665152536,5.0,0.0,2.0,1.0,4.0,154002.96019177177,28.417976650685297,280903.47312296164,3112.584100502155,19.462850933633007
NZL,1995,7.398330367442306,0.6166365143424811,42.837014995638945,5.0,3.0,3.0,1.0,0.0,557090.3061468404,30.888305993305828,293758.20528732333,3152.429035771942,20.413121492801164
NZL,1996,7.654773286634933,0.7286926010082094,43.06497944001704,1.0,0.0,1.0,1.0,7.0,136226.26510798009,34.872317275211444,294556.53092084784,3177.024351897398,19.55812006261049
NZL,1997,8.33703936198384,0.5475828530040007,43.573732758526525,3.0,3.0,5.0,4.0,4.0,318871.32563736476,36.76486342858155,324613.9045840875,3341.05352876583,21.807594820257034
NZL,1998,8.183592684744202,0.7443257149623712,43.82780205853717,5.0,1.0,3.0,1.0,3.0,1560578.6374956893,37.87316333904051,348364.97468876594,3966.317418359166,21.744469095915186
NZL,1999,8.637893026777697,0.7876422732669616,45.7507036938564,3.0,4.0,3.0,2.0,5.0,417543.5835059995,40.31173884502208,333834.21535160026,3833.283398378284,22.20083344162835
NZL,2000,10.114513683015803,0.6705287429215886,47.764407378598435,1.0,2.0,1.0,3.0,6.0,158145.97317134344,39.5369828983273,420371.70406053873,4296.857049369524,21.921729556266964
NZL,2001,8.985951436414904,0.6801865202575972,48.18169375200104,3.0,4.0,5.0,4.0,6.0,280532.3030389017,38.49198939642784,390943.16444638633,3918.328361069675,23.3387975505035
NZL,2002,9.1319894228265,0.76996428348038,49.37830522081401,4.0,1.0,2.0,3.0,8.0,524119.53305664065,41.97307756760824,383691.08716311975,3687.348463065045,26.47032524601925
NZL,2003,9.164765766749209,0.8044126574668705,52.64855380550589,7.0,0.0,1.0,0.0,5.0,278362.7794000638,40.5196411583441,395254.2185315616,4057.149053084096,24.84837259355359
NZL,2004,10.153025102036153,0.9437677787739253,50.77210423479555,5.0,2.0,2.0,3.0,10.0,1159822.920240523,41.71639066122803,366574.2161808584,4199.190289634468,26.853905302587492
NZL,2005,9.797902576626493,0.8589560592145424,49.25622750849929,1.0,3.0,3.0,3.0,12.0,985177.2198301586,40.678848968046616,379053.9210492633,4286.869540038244,22.250361114546457
NZL,2006,9.694821932005311,0.8627215347517829,53.809936221681646,4.0,2.0,2.0,4.0,8.0,78592.74412049403,42.79352674131676,449183.33243660314,4106.57861452283,25.39773605941315
NZL,2007,10.983399270096331,0.9039248769307797,48.86124090165097,9.0,2.0,0.0,6.0,7.0,772263.2945945667,39.38239902663057,463717.5485149539,4697.924096251166,26.824333866777
NZL,2008,11.184984481239733,1.0625288828915567,50.2039133031274,7.0,3.0,2.0,4.0,11.0,1455790.7328150705,45.94484285315582,373942.30244064523,4034.9510350439455,26.569521681772542
NZL,2009,10.158508994525768,0.9928699109693595,54.33419444365028,5.0,3.0,3.0,4.0,5.0,197232.7345485637,41.87459036986873,446811.9561370883,4468.2611608848465,27.077990814936605
NZL,2010,9.555905924713292,0.9949352427360588,55.330845568360566,6.0,2.0,1.0,2.0,7.0,142850.9792828948,42.63773262664258,474989.6225536423,4371.033442477554,26.11807303662824
NZL,2011,11.324706927906682,1.016644646190935,51.432530881459364,2.0,4.0,1.0,3.0,1.0,5130.645136365943,39.855928569329606,437034.22082693945,4304.661636371881,28.641108125409925
NZL,2012,10.459207225311618,1.1437640441546257,54.05543184154887,1.0,0.0,1.0,4.0,5.0,66371.81853100783,43.66059893785077,488132.1270202127,4589.242516801797,24.96590522839643
NZL,2013,11.406695667847746,0.994269524247971,53.92864236870805,3.0,1.0,3.0,4.0,9.0,1774977.0220094572,43.74303328358696,473674.96431411704,4867.0178513398005,27.2391261368138
NZL,2014,9.910704295135588,1.1721643488849325,54.624674368099896,5.0,3.0,8.0,2.0,6.0,275355.89533823315,46.74611309283667,469747.0339263498,4704.02340851862,27.845042817739895
NZL,2015,11.640874399277802,1.0954666158797308,58.566085439620196,7.0,3.0,5.0,2.0,2.0,275595.5581510939,43.67367600757883,456042.5503033479,4707.643266934267,27.074037607135523
NZL,2016,10.508484306715065,1.0765449768926174,58.309342641700795,3.0,3.0,4.0,3.0,6.0,176797.83183594252,45.88963707299812,467798.07081959,4200.438293162386,28.10323628422508
NZL,2017,11.695995773807791,1.2993146701435485,56.80352674751591,5.0,1.0,2.0,5.0,6.0,103486.34587012327,45.63600220519256,457413.31610225776,4920.508067597131,25.486097400494735
NZL,2018,11.34897899116896,1.0238301593779224,55.76888638726924,3.0,2.0,3.0,4.0,8.0,415867.10067672457,43.460116512370455,478791.8424477073,4635.153373381525,26.579970361782827
NZL,2019,10.851718858445127,1.088259438309171,54.018197670528764,3.0,4.0,5.0,4.0,8.0,761016.1618084562,48.188847817206195,480282.83017164964,4880.409565096986,30.318035167521593
NZL,2020,11.220556578525086,1.0255241037827734,61.179168688076544,2.0,4.0,4.0,4.0,5.0,480166.00075718615,47.37254603241548,465499.01261387876,4993.342524066462,29.01285150430592
NZL,2021,11.898899680927613,1.2072253497371557,59.32492200365799,5.0,5.0,2.0,0.0,10.0,21927.015885104778,48.150030946106384,429910.97240084043,4842.7226075356075,28.262676179032226
NZL,2022,11.61048349837847,1.2724699582173118,56.275041099978935,8.0,3.0,3.0,7.0,5.0,1000567.0918267567,50.10547594276469,475591.35132022446,4345.647327355355,30.27502019443233
NZL,2023,11.926968787136362,1.2766799196761534,60.02043928043042,4.0,2.0,2.0,4.0,4.0,1669729.855398368,48.41624808736845,456854.0388027974,5165.698429731821,30.946065266455285
NZL,2024,12.765055492064224,1.2462431567341596,58.209667713640904,4.0,3.0,5.0,2.0,7.0,365709.6280489442,47.79753366731816,455918.8000268105,5272.435924560702,31.62934709752228
NZL,2025,10.763470419625548,1.1372907933741527,57.816614700276325,4.0,1.0,5.0,0.0,9.0,290980.07048279716,50.75683405485381,468157.74319736555,5053.31257393109,26.53751553653349
PAK,1960,1.183830619747945,-0.3429919252608631,11.31206686660165,1.0,0.0,0.0,0.0,0.0,88164.22530613533,5.814474172577595,44479.17124758955,274.6524879537793,3.390426536816865
PAK,1961,2.595733766055531,-0.34910511863488164,11.384787715960346,0.0,0.0,0.0,0.0,0.0,388523.378874043,9.692400567861633,16571.348669602354,231.3835895971057,3.3670901710525047
PAK,1962,1.4843960690751286,-0.3510618522293559,11.52126247288855,0.0,0.0,0.0,0.0,0.0,279805.6844662694,4.842895596372033,11050.040392442392,437.33874758988395,2.881423549332654
PAK,1963,0.21175500814086434,-0.27564491385209994,14.314779294950476,0.0,0.0,0.0,0.0,1.0,41229.05121215428,11.45263486108393,24780.335328985388,862.7975114279031,5.832793599164349
PAK,1964,1.7282632660835944,-0.4091591390649367,13.654540522543039,0.0,0.0,0.0,0.0,3.0,62099.48728446402,7.829839933402181,9857.41762224658,1175.8403216070437,2.5713682606423776
PAK,1965,1.5915351415518981,-0.17615174583267212,13.072518924784383,0.0,0.0,0.0,0.0,1.0,202620.49401370902,7.9182947865222335,10298.405530325337,787.4803209235137,1.9993359019752233
PAK,1966,2.198093843277686,-0.3201574694600811,14.616167145474824,1.0,0.0,0.0,0.0,0.0,165069.96606024227,8.037925866634275,22419.306734032933,775.0238072951972,4.670324986981645
PAK,1967,1.9349933286510719,-0.19645098354117882,12.077330447981227,0.0,2.0,1.0,0.0,1.0,294255.867412756,7.767197617925614,59748.99207384985,979.0161002721617,3.536845332827321
PAK,1968,1.5675184340857091,-0.34199910520001386,15.250721015758453,0.0,0.0,0.0,0.0,0.0,273126.7281395863,8.65919458484968,37780.086087248485,1124.405007946131,5.148814966678945
PAK,1969,1.0506419578831636,-0.17193787564332183,15.831347291892232,0.0,0.0,1.0,0.0,1.0,268150.80189762695,11.525653403893415,49818.480782807506,596.0337995866962,5.941459014301066
PAK,1970,1.7506452303148872,-0.15551975613945213,12.202528952712175,0.0,1.0,1.0,0.0,1.0,477468.24997346144,6.490240441556466,72188.46156060536,1542.46666315182,5.542254299276344
PAK,1971,1.5071981940041277,-0.1610902752587317,18.994658104075796,0.0,0.0,0.0,1.0,2.0,338241.14227806457,9.169670998066334,84068.70270627836,1284.669650388614,5.676605992660311
PAK,1972,1.7974862627178936,-0.252592577903203,14.888968981956898,0.0,0.0,2.0,0.0,1.0,66765.70692471122,14.747361437416105,23647.3838515413,645.576273003812,3.085301824393297
PAK,1973,2.6147831310024996,-0.13289172069849833,17.949037752192822,1.0,0.0,1.0,2.0,1.0,510416.0612035612,11.747466699983255,35081.01570173385,791.3431921911044,7.108369244220572
PAK,1974,3.3919836609619276,-0.22587391099303034,21.310110094641953,0.0,1.0,1.0,0.0,1.0,104236.06114029916,11.271200494296568,75191.32835354362,1751.4868492213636,6.97820257893854
PAK,1975,2.824829653421312,-0.12834022231752468,21.43546808460249,0.0,1.0,0.0,1.0,1.0,634707.6864728337,10.340881115360698,64215.68991522363,1401.0548543966518,9.73182113503926
PAK,1976,2.087252520906079,-0.001141173617304675,19.976639043492998,0.0,0.0,0.0,1.0,0.0,469477.71504007396,11.26870163993122,121030.90853128282,1089.3983837360051,9.130963275892036
PAK,1977,3.218544229237157,0.006400181297565602,19.802003340666896,1.0,1.0,0.0,1.0,1.0,21360.080185953822,16.847385103369895,96295.31550983652,1325.1860989085576,5.921842349525626
PAK,1978,3.8500280945825467,-0.028425018195193535,23.942540596488037,0.0,1.0,0.0,0.0,3.0,420448.93415765447,13.565495954571025,161356.5594965171,1565.1476646039177,9.966288867586327
PAK,1979,3.021383615672502,-0.07840069502601564,24.17373216476567,1.0,2.0,0.0,1.0,0.0,202812.31450114853,18.048496201234652,113446.66867884713,1682.6248157839354,7.173254116937324
PAK,1980,3.515766474918016,0.08195329116592764,21.90115851838943,0.0,0.0,2.0,0.0,1.0,1133152.695781333,14.896206048964247,142901.90567125616,1885.5668356929893,10.69753937707411
PAK,1981,3.8325264317817425,0.06403129481583562,22.465290751245572,2.0,0.0,1.0,0.0,1.0,188578.22523342998,17.72434374872252,128593.04588575789,1715.4644326378493,12.12845017700095
PAK,1982,3.6139769370101686,-0.0895844176626138,20.32038798937938,5.0,0.0,2.0,0.0,3.0,21847.890413977606,18.7957006092517,167868.27914985875,1823.024848152885,13.294530726841671
PAK,1983,4.688601869526309,0.19350995063625567,26.97569099580066,0.0,0.0,1.0,0.0,2.0,111880.9873594525,18.23582487608043,179288.83952036573,1774.0204377907487,10.736248688146492
PAK,1984,4.505407292953878,0.1650112833291519,27.51044032616423,4.0,1.0,0.0,0.0,2.0,185620.51073459096,21.118619422663052,199966.87138502343,1747.1100341701713,12.9100407094415
PAK,1985,5.0829488464252135,0.30026116991567847,31.717511876513626,1.0,1.0,2.0,0.0,0.0,302496.6449135345,17.22855457651782,186042.4884947387,1845.2951645826656,13.984421516826988
PAK,1986,4.604783906470594,0.1544781023126524,30.96325472807832,2.0,0.0,0.0,1.0,1.0,56924.79169564711,22.859902603428548,232950.01466027513,2152.3816568480756,13.8956131165887
PAK,1987,5.142372533979961,0.026755668045665537,34.61344714484878,4.0,0.0,2.0,0.0,4.0,255131.31074137293,25.151709380480234,220828.97798955214,2381.0060743267177,11.5755920442379
PAK,1988,6.0922783116574735,0.3425923129676503,30.76488956458568,2.0,2.0,1.0,0.0,1.0,237825.84013400992,23.37884911838764,209586.19658333404,2073.7891249071768,14.820883030409178
PAK,1989,5.748360281539425,0.38335839416825385,36.596416453472045,0.0,0.0,3.0,2.0,4.0,665886.855132155,26.8551899881611,222167.00101264316,3013.4835525639082,16.097235435394275
PAK,1990,7.243004214459208,0.26474626979148386,33.67770905223836,2.0,0.0,4.0,0.0,2.0,135042.59212865945,27.845324321172768,268684.122942662,2486.524082925677,15.997766338287482
PAK,1991,6.307469849279413,0.36168673629697545,38.19294952842768,5.0,1.0,5.0,1.0,3.0,228337.20414278226,29.059773415600656,294507.8986539542,2565.9474832201377,15.497273312023562
PAK,1992,6.952284686400831,0.700151815197557,33.844803884297164,3.0,2.0,2.0,3.0,3.0,191889.5870908685,26.71669000709376,247371.70610793118,2877.5775379895736,17.11410881111485
PAK,1993,7.642328671661105,0.49465917776635016,39.30996408899842,6.0,1.0,2.0,0.0,4.0,397619.7522144182,31.06404799725508,306383.7915008315,2442.94283182725,19.346060538939142
PAK,1994,6.5693477948567045,0.6163769742900205,34.972663152007826,3.0,3.0,1.0,1.0,6.0,732661.9537771606,28.065817149598583,262660.560334595,3198.836022347097,19.314192499634217
PAK,1995,6.645817241932381,0.5438821437334966,40.45512284523835,3.0,0.0,2.0,0.0,2.0,464414.09458174097,31.59442685284093,296200.99865269364,2992.851931909834,20.080507270325686
PAK,1996,7.047795140718843,0.4658258580530201,43.38370029598455,3.0,2.0,1.0,0.0,10.0,262743.64916416444,34.0458490158012,335401.35282081546,2882.911287264589,19.730319603772458
PAK,1997,8.91014523940454,0.6554797757253934,42.10696723033057,4.0,0.0,0.0,0.0,4.0,434186.4087096456,35.53722258636819,313280.25652342435,3474.193557935791,21.30632696337008
PAK,1998,8.117388099079387,0.6827108049812916,41.87262998449071,1.0,1.0,2.0,2.0,6.0,169201.02876315496,33.327918938158014,381867.828321931,3576.290252364793,18.37032080128456
PAK,1999,10.146883869446789,0.7055289451065364,47.66277130449003,2.0,2.0,3.0,6.0,4.0,68853.6846436753,36.35334461228797,370947.8711219401,4098.598214567442,21.844939012497058
PAK,2000,8.582731285017058,0.7605224589674964,46.29427195688294,5.0,1.0,5.0,1.0,1.0,173361.48742620082,39.68536642973429,336319.2301070682,3778.1876287504356,21.936320071673524
PAK,2001,9.234108213682148,0.8215576306838392,46.28907866217921,6.0,2.0,5.0,1.0,6.0,268291.1786948077,36.55740446032649,391733.66010885383,3866.686574385891,23.045288520209066
PAK,2002,10.224748232965231,0.8176302974981237,48.53097897783657,5.0,3.0,1.0,1.0,7.0,269005.6324012939,34.737932668539095,351550.67497240845,3921.773039875571,21.876768061922135
PAK,2003,10.69060571568092,0.7562154794323048,55.8834220069919,5.0,1.0,3.0,1.0,5.0,632153.0046703767,41.55410138470223,393223.9628305455,3387.496418398728,24.52172985978963
PAK,2004,10.91047927498962,0.9223890050186859,52.99295155238294,3.0,1.0,2.0,3.0,8.0,1322055.8747062252,38.97830773718142,423178.88689338305,4088.317964107951,27.152492846136887
PAK,2005,10.596917058817958,0.7521694214840361,53.78515798015179,2.0,1.0,4.0,2.0,6.0,240138.54043338713,40.352888814893234,426666.66122747696,4131.213040752898,25.005153809248938
PAK,2006,10.657047381381723,0.7672008196315432,52.689785054177136,6.0,1.0,2.0,2.0,6.0,44755.696620926785,42.73468174051914,414022.70491807297,4176.473009312834,25.36164590831546
PAK,2007,10.56435244733003,1.01199001544247,52.692949927266135,6.0,1.0,5.0,5.0,6.0,17077.04043647698,43.222894961792946,414331.8018556201,4078.0643228408935,29.18580704057023
PAK,2008,10.816270372440208,1.0135999179300483,46.917241034149576,3.0,3.0,4.0,2.0,10.0,2019.9077051046922,45.91516706940376,400329.204436829,4466.086376509006,24.70164477066258
PAK,2009,10.186820757936617,0.9872348118132804,51.79712541569228,2.0,6.0,4.0,2.0,4.0,1439807.9325233763,43.60097095911101,439631.5728774694,4158.981781813305,27.049828993294113
PAK,2010,10.158702038777818,0.897639444384206,52.838417865887926,2.0,3.0,5.0,1.0,12.0,2852723.717298463,44.78955561468182,460589.7201007166,4605.514580400096,28.874853337969157
PAK,2011,10.743446243239154,0.9688122108330932,49.85792878010052,3.0,5.0,5.0,1.0,9.0,28090.056853697286,41.281598527167795,497075.60852343554,4578.4662949738,26.398805368517337
PAK,2012,10.755013217171786,1.0193794775935836,52.11893606847716,3.0,1.0,2.0,0.0,6.0,239485.74055630964,46.92471086578643,438843.9966572443,4860.729364147873,28.40099751278673
PAK,2013,10.691479819965972,0.9265317448903012,50.49176077195061,4.0,1.0,2.0,1.0,9.0,605907.3867613825,44.34385298382719,475653.918298124,4462.677280928976,27.68206920313712
PAK,2014,11.443936772607504,1.0078013929678655,55.745555586060455,4.0,2.0,8.0,2.0,10.0,109426.94487005609,53.52712996175053,477570.50246406667,4923.328086796413,26.166680984919537
PAK,2015,11.676931424683744,1.130813339020145,58.25400592605987,6.0,9.0,7.0,3.0,7.0,507644.72876541474,46.1057709065029,450258.3098058079,4693.359724498882,27.64593871647246
PAK,2016,11.255742125669325,1.2035629565937827,59.31001527939348,3.0,0.0,0.0,3.0,4.0,957573.5025548515,47.843660023407196,483488.03070020536,4657.374907527434,28.01962097649021
PAK,2017,12.125386201951315,1.0656878500961218,57.88829335234828,6.0,5.0,4.0,0.0,8.0,1127590.155978422,48.60104119569982,448208.2582986277,4503.539438625214,27.346422646497988
PAK,2018,10.684300736536244,1.168800386907098,54.72530035206014,6.0,3.0,1.0,0.0,7.0,716980.3354482343,47.220896559432475,477807.90987041703,4823.540140137578,26.145678608590096
PAK,2019,11.28887983551236,0.9634294934275343,52.56215894977922,5.0,5.0,5.0,4.0,5.0,50540.86256173249,48.63580005189562,468703.5993158237,4642.99745443773,27.96302106128899
PAK,2020,11.04242962411137,1.1768747022049824,53.236534592617915,6.0,2.0,5.0,4.0,7.0,256990.7597596558,52.94059329834055,487401.0560219739,4770.5474655835005,26.578956046407033
PAK,2021,10.4310080133605,1.0667125189160636,54.67218080980945,6.0,2.0,2.0,3.0,7.0,2078676.1984784165,46.36422963457878,491542.52895722946,4980.088923878492,29.55136996592803
PAK,2022,11.502052793477658,1.161922492861815,55.8195646150726,7.0,0.0,5.0,3.0,7.0,131688.80706781952,43.19018805909532,467264.687061337,4808.699123137083,29.672228642746013
PAK,2023,11.520926506044296,1.1232659037046053,57.82206929138923,6.0,3.0,5.0,1.0,10.0,376613.0702181902,45.46778292819454,482008.627177829,4907.365039666602,27.219392718488685
PAK,2024,12.498835758332044,1.2539603772651862,55.84981621976005,6.0,2.0,5.0,2.0,9.0,256240.7261750903,50.790542449053945,480675.17334812006,5203.917347801694,29.21052207487434
PAK,2025,12.0256260649784,1.0831455789306366,59.38182819660284,6.0,5.0,2.0,0.0,8.0,146682.68184104117,47.603069981152174,458191.14348224696,4994.496053440192,27.29760892917499
PER,1960,0.8385305702132937,-0.3097488211053393,13.138891752007895,0.0,0.0,0.0,0.0,0.0,200452.62462261526,7.554912063219343,8263.050056591255,607.7887065891981,3.5359703263501525
PER,1961,0.3372885559046318,-0.20894248943833843,12.479588565090408,0.0,0.0,0.0,0.0,0.0,456638.030880692,9.493582155966823,-19816.401262397154,14.555016542163685,4.357770336435405
PER,1962,0.921485555191107,-0.2795022005516669,14.43017027913094,1.0,0.0,0.0,0.0,0.0,230091.72122184193,6.083600427175835,45058.634325372426,611.7087406981831,1.3789613789396071
PER,1963,1.3738548859406192,-0.3391333419718818,12.59048883176655,1.0,0.0,0.0,0.0,1.0,109827.50039180084,7.915670335311402,18320.63432807645,405.1486874475171,4.058665874455614
PER,1964,0.7409304513773869,-0.36547327708168165,12.688805453013012,0.0,0.0,0.0,0.0,0.0,165546.24403276746,10.849564883795226,19736.351054329032,995.5500219401947,5.422608098177733
PER,1965,0.822007294179651,-0.3059726575857012,17.215645457969305,0.0,0.0,0.0,0.0,0.0,68432.5362259507,10.929252872551855,41848.87723851302,589.6333342033979,3.2805108789925037
PER,1966,1.6541640415712915,-0.3474778744853358,13.911832588556937,0.0,0.0,0.0,0.0,2.0,646.1953751146837,7.433779433473859,42606.42572862501,628.9589220922148,4.175596235001087
PER,1967,1.5199389495178364,-0.2503772367934555,16.622203861222225,2.0,0.0,0.0,0.0,1.0,88362.23577738015,9.711055282108397,71350.98692194486,695.9856736180832,1.9425625625886629
PER,1968,1.6659888972380412,-0.2855349117973427,14.424145743373758,1.0,1.0,0.0,1.0,2.0,108970.66963065766,7.383410054345138,19611.56830598435,767.7344696897403,4.885945926974426
PER,1969,1.3184786262970087,-0.34496810955019935,19.621499207849457,0.0,0.0,2.0,0.0,0.0,287285.2751281851,6.6469433071385815,111880.04206945213,999.0702527092163,2.9705836489905204
PER,1970,1.7383531925860356,-0.10886366169461963,14.264309527767145,1.0,1.0,0.0,1.0,2.0,441126.105980733,13.420134543330105,25199.44075859624,779.3428312334167,4.562982985667332
PER,1971,1.4648133972202002,-0.23164024289352658,14.97006489003193,0.0,0.0,0.0,1.0,0.0,764355.0705396854,6.055172069127798,56249.787536763295,917.0162966754467,5.574655712143575
PER,1972,2.6431513327523617,-0.2744892405572446,20.903846197814143,1.0,0.0,0.0,0.0,1.0,104050.38383524826,11.813030616527959,50114.01525776359,1154.4163025141643,5.122284599391825
PER,1973,2.871618915926807,-0.16631630662534783,16.610897276938605,0.0,0.0,1.0,0.0,1.0,781067.7052152316,11.117774638212378,79463.8963515968,1027.991326755158,6.095398641751278
PER,1974,1.3702305501729648,-0.12575969093686648,22.401766508714758,0.0,2.0,0.0,0.0,3.0,409624.4534064951,13.793882956729119,85291.24024362443,1243.5398363263428,7.226103075460222
PER,1975,2.063424779162462,-0.24783649995615256,21.35087763930485,2.0,0.0,1.0,0.0,1.0,8224.145762275708,11.667905295168183,96181.1953936131,1052.6920149775049,7.054175695079478
PER,1976,1.9143809598995145,-0.05696240832366975,19.504181305668826,0.0,0.0,1.0,0.0,0.0,244218.3712559718,16.470362553117624,106230.42522978227,1312.222236806254,7.736598197673206
PER,1977,2.5891339327266096,-0.14110857836331497,16.175017167829175,0.0,1.0,1.0,0.0,2.0,126301.76611311996,14.13742299093177,140462.94714115554,1614.1886078942289,5.379040427731505
PER,1978,3.1139881571318395,0.10724265113683487,21.52546506436953,1.0,0.0,0.0,0.0,3.0,9861.868856842933,18.682132384605815,120414.34116980474,1529.5100831743557,8.260593859306944
PER,1979,2.538462784329492,0.041500672013950524,22.741069854077683,3.0,1.0,0.0,0.0,1.0,221781.03410150393,16.73072151816845,160259.7965747408,1034.0881731041986,5.884352312835919
PER,1980,3.062756953207889,-0.0016857250167531604,26.365115401760686,1.0,1.0,2.0,1.0,4.0,263710.82607390883,14.7402744198295,91529.36028806458,1694.5354399843181,8.976107687602276
PER,1981,3.2468052308655926,0.002867374174605551,28.423642809350078,2.0,0.0,2.0,1.0,3.0,89378.20964267862,19.228042569660616,90736.92508910903,1387.3500546865907,12.67107034740353
PER,1982,4.18447218143685,0.08764341359073019,23.788807995760006,2.0,2.0,1.0,0.0,1.0,885593.7000821349,19.890730635767945,158872.27002192207,1539.7500320313666,11.991791816675482
PER,1983,4.3557136138619335,0.1799228238575974,28.59356580156215,2.0,2.0,0.0,1.0,1.0,304044.5922162177,19.69077635409157,174732.8548219531,1975.1091977297604,9.292111859741587
PER,1984,4.159953385234432,0.1649103797519113,29.6306900787436,3.0,1.0,0.0,2.0,8.0,63868.411219231544,19.26165925271357,164497.73281885195,1737.5678037401278,11.161218884002643
PER,1985,4.943389692658826,0.18669236550608415,31.560565195933382,0.0,1.0,1.0,0.0,5.0,431144.28998357436,23.925762527787644,189139.86378752964,1813.6368422727105,12.324784121271069
PER,1986,4.800750860069124,0.24676936708550848,31.312341774716263,1.0,1.0,1.0,1.0,2.0,238542.5795693559,20.88730672973663,228084.3189289523,2185.3466238400224,13.945827982980015
PER,1987,5.237709368228441,0.23258325860238924,26.421629932012628,4.0,2.0,0.0,3.0,2.0,225952.12566032348,22.21504955776504,230078.33121477911,2155.966353226002,15.106445764637877
PER,1988,6.639143982828164,0.29280913015259247,32.119744053056706,1.0,1.0,2.0,1.0,3.0,647634.6316635727,26.444283686333502,217400.22250804465,2032.786978247174,16.88580109173633
PER,1989,6.73350444877164,0.19316990492129568,30.861771688760708,2.0,1.0,3.0,1.0,1.0,54650.41526760533,25.901593460360832,242972.23146217293,2663.1133522683162,13.964336933155028
PER,1990,5.502740788766632,0.4778980984681894,34.493485567704816,3.0,0.0,0.0,2.0,5.0,253230.45303729826,23.07927204782952,269434.1531838012,2881.573708507992,16.305176336712233
PER,1991,7.014356796288335,0.46387052239204496,38.69896996428174,6.0,3.0,5.0,2.0,5.0,580482.8383069128,26.459815381921857,232287.39706519953,2980.007793150688,14.230950895218145
PER,1992,7.289643987926162,0.4178579281772904,38.25457695531133,5.0,4.0,1.0,1.0,0.0,421181.5848700501,30.655686887944345,255282.81694763826,2673.1157052716517,17.969072122768285
PER,1993,6.445837552301324,0.6710068254070736,41.59235300657653,2.0,2.0,5.0,3.0,2.0,2157.7748485898537,30.24297497007546,310684.50524930295,3096.441579583807,18.774118476757362
PER,1994,7.855705236452243,0.5648615746113141,40.78876780740645,4.0,2.0,1.0,1.0,3.0,627175.2280852394,31.713473692325707,256589.99227487243,2997.723600326199,18.79132350565876
PER,1995,8.542593161908545,0.5130434441649516,37.87715171092048,3.0,1.0,2.0,1.0,3.0,1193970.7849663673,33.60026961313654,284403.04369485256,2927.6970698524474,20.34386497758492
PER,1996,7.279584258006109,0.7015890836789094,35.98069779485793,3.0,0.0,2.0,1.0,3.0,512256.34257957654,35.081210064711954,292909.0038818573,3158.9625911392054,18.87273269440853
PER,1997,7.656595257850709,0.7009442927898069,43.78141051260728,6.0,2.0,1.0,2.0,7.0,892053.5794358772,35.32969885570763,357325.75125875004,2777.938330411739,18.861905703404165
PER,1998,9.019861876402558,0.7355255686429175,43.96390789050271,2.0,2.0,2.0,4.0,4.0,194686.95504411307,28.560862090391034,318230.6119820434,3294.4147811631774,19.988309361154094
PER,1999,8.832029083912293,0.7034587558278789,43.10511078279549,0.0,3.0,2.0,1.0,5.0,191032.23408809156,36.86847615582808,375521.5279724312,3296.7864764931346,22.424627518568894
PER,2000,9.224272512507783,0.8057333837102505,42.3013608073718,3.0,0.0,2.0,1.0,10.0,174120.59583531076,36.73587018028571,356982.92352105584,3783.658605191877,24.304377040378615
PER,2001,9.323830013774138,0.7794755057345008,45.676147246074116,3.0,1.0,3.0,2.0,3.0,607518.8660168434,38.830625420789396,419758.49451761483,3894.724133506412,21.805381692495757
PER,2002,9.562685164772384,0.8741149697300956,47.94001046278894,1.0,2.0,3.0,1.0,6.0,1324529.2961369047,41.98592451577608,387695.6078338472,3514.981249066017,22.561922332043494
PER,2003,8.774380831210552,0.7049404165472428,50.9564437113939,4.0,2.0,1.0,1.0,6.0,1023583.4619581348,37.94953539815953,419751.8522305639,4187.999638285584,24.164750883916867
PER,2004,10.327322399731022,0.8487843446553957,50.58077213184903,5.0,2.0,1.0,4.0,7.0,78129.89235647622,41.256368700227206,412775.7181364232,3927.44034471777,29.285846644175873
PER,2005,10.574620721872872,1.0458915697344855,54.89889192761401,8.0,4.0,0.0,3.0,5.0,479596.4474541089,42.864199451159905,397721.41280385613,3891.291208448219,24.26537007160888
PER,2006,9.936311751201016,0.8698640197822551,49.011909116582736,3.0,1.0,2.0,1.0,6.0,2727986.9849541616,41.74438568923391,415864.1765964154,3789.760436510358,26.646181728441796
PER,2007,10.19865020539638,0.9045485120668896,54.47938397596685,4.0,1.0,5.0,3.0,6.0,175915.29582609487,40.103644940761725,423130.8721443603,4085.8093931934877,25.425029973783566
PER,2008,9.488325939674851,0.9372013890832218,53.02569361279743,10.0,1.0,5.0,4.0,6.0,513706.93039567355,40.90793556696779,417693.162993881,4300.583091066988,25.27170372907248
PER,2009,10.79944902953578,0.8946419501481119,55.23124909214657,5.0,3.0,1.0,0.0,8.0,1227054.1382829559,44.067383566587054,457229.1716267919,4622.502531747545,24.495838668750086
PER,2010,10.958099425731278,0.8326128626663516,52.94856674073026,7.0,4.0,1.0,1.0,6.0,1206490.2529684976,43.24006427552897,503157.3756237296,4415.002279925499,26.23678583263342
PER,2011,10.709626721475848,1.0069981742051302,57.224359874945826,1.0,4.0,2.0,2.0,4.0,206521.80220798578,40.753047639491676,448451.2214065809,4413.250394772026,28.13426890615857
PER,2012,11.499372557049158,1.0512679713350366,55.75053743987885,3.0,1.0,5.0,1.0,6.0,53261.87455191538,43.715452885827105,468103.95545554115,4667.588801780437,25.989196458246504
PER,2013,10.759991540515689,1.050002856893138,53.745239486962824,2.0,1.0,3.0,2.0,3.0,568569.8116674699,42.97318112718431,467723.289547336,4604.644033995695,27.58343930373615
PER,2014,11.368162397708712,1.0553334006538932,55.81130510302091,6.0,2.0,1.0,2.0,2.0,1629951.921801998,47.941120277675104,393375.96806268016,4255.398171226747,26.47590123035545
PER,2015,10.541323935007734,1.0820701816340417,55.60820135159508,4.0,9.0,5.0,1.0,8.0,398949.4628885741,43.24676869473414,474411.38132430264,4540.836333996574,27.291281477206145
PER,2016,11.191365679298826,1.1712058451747065,57.76602485942715,6.0,0.0,3.0,4.0,9.0,348811.24972369906,50.08467024053678,476515.9040292752,4539.922713970915,25.943916166978312
PER,2017,11.175552707050409,1.0840069354344686,53.90189032371391,10.0,3.0,3.0,3.0,3.0,1151951.4393364328,52.0255621550291,437424.07395446673,4668.789386268607,31.482283205827102
PER,2018,11.470324032336551,1.0623547123948285,57.06041194976732,6.0,3.0,6.0,4.0,3.0,323320.17297835497,45.754092125746986,426771.93023433647,4618.88002734415,28.82393418363986
PER,2019,11.187756040519016,1.0940642602834847,58.38058997770244,3.0,2.0,4.0,2.0,3.0,676836.866989763,46.27210087285053,484632.731998686,4565.357276083328,28.08268748887107
PER,2020,11.379005715946775,1.1704663436964355,57.711264609104255,5.0,2.0,6.0,0.0,9.0,295243.89110246,49.989299652783785,517384.38355025684,5121.344500495439,30.47914280233616
PER,2021,11.979243691756375,1.243990542377722,61.21199036391818,8.0,1.0,3.0,3.0,7.0,287608.40871849353,50.499192868896046,469274.6581315318,4786.771005818769,28.66631636877114
PER,2022,11.298454751425234,1.087083344391643,59.97677079533942,5.0,2.0,3.0,2.0,10.0,127931.05671729434,47.12959435465294,472181.2571040699,4927.983003960819,29.546133883435342
PER,2023,10.667149490439943,1.151000800126093,58.20273854451632,8.0,5.0,2.0,1.0,7.0,57650.13840900599,47.40986824717252,539842.3004350822,4805.238140179731,31.191497593529565
PER,2024,12.634612900885935,1.1753958518373562,58.92694950882165,6.0,6.0,8.0,3.0,8.0,1363459.4249526781,47.57561223563587,506239.4856838861,5039.787170104491,31.158926714720756
PER,2025,12.457245441606432,1.0736941902595243,59.27355234113718,5.0,3.0,8.0,1.0,10.0,127461.51847082331,46.764646285225275,455077.26047113957,4840.883464241089,27.578266382440017
PHL,1960,0.9437523977504433,-0.3093209569100407,10.896505168253508,0.0,0.0,0.0,0.0,0.0,29744.466070885956,9.10716246349249,1293.3358184122444,463.9811448361582,2.724486375927067
PHL,1961,0.20931045355514943,-0.28033379090839605,13.43527541096392,0.0,0.0,1.0,0.0,0.0,327496.3424510193,4.722346842718313,46863.91985962885,771.3499788517715,2.58486375365543
PHL,1962,0.8768146182302805,-0.17169493379707215,10.842842082956237,0.0,0.0,0.0,0.0,1.0,41335.19206341573,5.5993772170749825,6095.9362985615735,487.4975728820778,8.03912419138506
PHL,1963,1.0603901859678988,-0.3609081345271008,10.584359315413305,0.0,0.0,1.0,0.0,1.0,6099.473844717333,8.31760380952677,-6022.923804873182,767.9324747477334,2.290686235867822
PHL,1964,1.1477884762636448,-0.3916467377548311,8.294757822958237,0.0,0.0,0.0,0.0,0.0,7149.394050724539,7.743447638190686,33248.11067980508,154.86066278974073,3.9127540272458856
PHL,1965,1.233508038868603,-0.3502611488400137,16.847420713503933,1.0,0.0,0.0,0.0,0.0,100127.75939851606,7.589561693205542,5397.6578334284495,723.2822425056951,4.794040375296238
PHL,1966,1.4209715947605333,-0.3738491656349179,13.159208546088475,0.0,0.0,1.0,0.0,1.0,144255.6701506949,10.8181685276826,32694.198531585113,582.6031903626101,4.829883124999824
PHL,1967,1.8235929245703326,-0.14727067375551148,14.949012509999143,0.0,0.0,0.0,0.0,1.0,8612.398101205594,9.51636288838658,26614.011634538263,675.3382745153324,5.361247406280289
PHL,1968,2.14997794250258,-0.11650807380658083,14.981929164798805,1.0,0.0,0.0,0.0,0.0,20467.519696171155,5.836675552089699,82009.18202089786,546.0784499092551,5.290507724837482
PHL,1969,1.3809984383117953,-0.19982775985111298,12.7862562273794,1.0,1.0,0.0,0.0,4.0,22303.655377341813,8.110500478827921,16967.939742823677,1188.5701766094708,4.592212512822088
PHL,1970,1.1789931114055936,-0.11157172910980008,12.812483822485394,0.0,0.0,1.0,0.0,1.0,248429.5526646516,6.626693604573482,77345.61983720546,876.4536210632023,5.353144543184624
PHL,1971,1.397071918134691,-0.1811097705727846,13.992135903156804,1.0,0.0,1.0,0.0,0.0,82865.49296498344,10.451714350314854,73037.5261266489,945.7555886360351,4.724622227756569
PHL,1972,1.8511455666685261,-0.18064722797528088,15.284632147950905,1.0,0.0,1.0,0.0,0.0,198442.71642642215,8.395035400076157,66068.02849392395,1451.1740368376236,4.932943276719829
PHL,1973,2.0739957907161566,-0.17949858539064542,18.639778871711247,1.0,1.0,0.0,0.0,2.0,18946.811379239967,7.988447517230585,59162.18750237627,808.6395357167602,4.479485273677205
PHL,1974,1.9890408328963307,-0.15606069552448443,16.40978658450225,0.0,0.0,0.0,0.0,3.0,567807.1299662095,7.934869425342085,89121.13324917767,1122.3931812401572,7.806076929340177
PHL,1975,1.8526264418294085,-0.23194328641455236,23.48750276930437,1.0,0.0,2.0,0.0,1.0,95294.93520512116,17.674053723885482,97651.24003401799,997.3147819809176,8.653295368624056
PHL,1976,2.512615805778652,-0.062353840605143644,22.458683161803787,0.0,0.0,1.0,0.0,1.0,406615.26587017864,10.829650348817117,109534.24867761863,1058.2742771052692,6.7167771261109674
PHL,1977,3.0672180015761095,-0.06056268568521728,22.72914972203634,0.0,1.0,0.0,2.0,1.0,486387.79261911,13.92719615432359,101153.44149522192,1378.9110257484829,7.88814707822618
PHL,1978,3.5041069326167467,0.02998920432780189,21.274613568866247,2.0,1.0,3.0,1.0,2.0,1258350.214782673,15.550212680531638,87937.81109617396,1321.6974117898717,10.721011707569165
PHL,1979,3.051490530118862,0.00706571076290051,26.27269655954533,1.0,1.0,0.0,0.0,2.0,395190.1501881922,16.506144515395395,147537.8896652688,1938.657767946374,10.563349775520216
PHL,1980,3.355352598022469,0.01728997806646482,22.90205699069694,1.0,2.0,2.0,1.0,0.0,175452.29826577305,18.499371332893563,135115.87504817374,1982.8553375484107,10.777844561781205
PHL,1981,3.2912291922252503,-0.007214646600616867,24.374371333364184,0.0,0.0,2.0,1.0,3.0,50926.69457316821,17.892504680910633,129944.79572524695,1620.3540452870097,10.47047982178
PHL,1982,4.04721594406696,0.10181308914156101,25.92621229299255,0.0,1.0,2.0,1.0,4.0,15452.65254946107,17.93054881790655,130712.85279228198,1394.980245708811,9.801727482225298
PHL,1983,3.8279941554063712,0.18995854299622716,28.345168992950054,2.0,1.0,2.0,1.0,3.0,701062.9260350162,20.425972141390442,189589.86386057994,1791.0938595931825,10.569230453399074
PHL,1984,4.904500971017042,0.0754827907520184,29.30945488621769,0.0,0.0,0.0,0.0,3.0,195290.29345383687,21.41668544902277,212357.23882744048,2211.582406586264,12.25092720419608
PHL,1985,3.814844458316559,0.21106297037149183,27.68922024379576,2.0,1.0,1.0,3.0,3.0,467825.3186490566,22.10342473604408,203747.4928256058,1866.1104910406455,13.18508052072705
PHL,1986,4.908304847046636,0.2607431799424355,28.733132695812515,0.0,0.0,1.0,1.0,0.0,236613.05484615153,24.501059888151087,217283.96142299467,2563.259510912051,11.880306813445118
PHL,1987,5.567047776701173,0.22344679041188445,32.87763155229727,1.0,1.0,3.0,0.0,2.0,746408.6734773105,22.74217812562241,242604.16289246178,2436.6938679208542,15.66019081449996
PHL,1988,5.782613877791945,0.2732370999073954,34.296391594104186,2.0,1.0,2.0,3.0,3.0,498584.3854271842,24.805677445791407,216604.47092070058,2140.629112640969,16.575177522164115
PHL,1989,7.511233700780976,0.37848216793499323,32.76766281399581,2.0,2.0,0.0,1.0,1.0,32829.37120612555,23.392843502663403,291281.2060774538,2377.473416005066,16.412066005938485
PHL,1990,6.451135014126547,0.30932631853659015,31.032029825803864,2.0,1.0,0.0,4.0,2.0,523094.65117142984,26.94889965836977,224063.7436486549,2528.0793081396423,18.104955209044135
PHL,1991,5.959929262823653,0.4679605971862554,35.73066913392639,4.0,0.0,0.0,1.0,6.0,118711.1931220854,27.18822862519792,256892.6771665918,2577.9866133107744,17.592970053625503
PHL,1992,6.76819902701728,0.40810604580722876,39.050514362688546,5.0,2.0,2.0,2.0,2.0,578390.6388476475,32.117087687291885,256116.8061212906,2615.0365861143073,17.779164562853737
PHL,1993,6.084747301590869,0.6041363223413118,43.2356679566324,2.0,1.0,1.0,1.0,1.0,1179169.7580666093,27.559386359992356,289233.34276294603,2864.7386831787476,18.156092097466868
PHL,1994,7.338563235447561,0.7449264758109873,36.93948809977095,4.0,0.0,0.0,0.0,5.0,1077765.9617065669,30.871684561597167,342931.40554396523,3024.3682581935977,18.319536813765247
PHL,1995,7.179275076045891,0.5270743857868218,40.0565384280163,3.0,1.0,2.0,0.0,0.0,55081.80904779604,31.83128067158889,305658.9979482431,3530.8459078680253,19.421583229926753
PHL,1996,8.45139693004374,0.6757867189512466,41.30930640747633,1.0,3.0,2.0,1.0,4.0,23613.90141764266,35.5638493640595,333701.0356518981,3437.673090202057,18.62117228041775
PHL,1997,7.868173722041479,0.6109610830785043,46.79890195698706,1.0,1.0,2.0,0.0,2.0,641464.253893656,32.19660035040186,261867.53348049364,3557.555130569164,20.592215780419473
PHL,1998,8.367566131385278,0.7872355037080031,44.411370305234044,5.0,1.0,5.0,1.0,3.0,538417.91704807,36.0572238606195,355968.1456654246,3625.035732320457,19.683598280077998
PHL,1999,8.310473521380013,0.6362985314731889,43.27915873281953,3.0,4.0,3.0,2.0,3.0,85753.88383138698,37.16969774084437,380675.65828577447,3454.376605500868,20.785436664355167
PHL,2000,9.907013181560723,0.8081406664822248,47.9496671388048,2.0,1.0,3.0,1.0,4.0,519214.51698855596,39.975912803947914,368865.6193546775,4005.546154755795,24.189612447003128
PHL,2001,8.943276623826053,0.7305770516010401,46.50140897965352,6.0,2.0,2.0,2.0,3.0,7141.143043677908,36.8381926929855,348775.6191003868,3724.1477155163775,24.662319229179037
PHL,2002,10.391755310239244,0.8130808864705587,45.365270991555995,6.0,1.0,2.0,1.0,6.0,463790.0633773878,36.64196103586922,354542.26511856134,3833.1433313030884,22.346568421804797
PHL,2003,10.005239568207427,0.7748539508563094,47.05981588393755,6.0,2.0,2.0,6.0,4.0,843701.5474819788,41.4314330165872,379295.9303630496,4082.5164277451786,25.221525533566084
PHL,2004,10.002303086641536,0.9492822593653911,54.44429931398563,5.0,3.0,4.0,2.0,1.0,492850.8842560353,37.95994138141397,371129.2324795696,4657.702440837784,23.637422045457853
PHL,2005,10.114128035934476,0.841160733554663,51.83924686380584,2.0,3.0,2.0,4.0,2.0,32970.99926177484,40.61468849365755,448290.7576178864,4009.73729276236,23.962672759856716
PHL,2006,10.294644875514475,0.9753865569608254,51.87031939532758,0.0,1.0,3.0,2.0,4.0,2330195.4116733884,41.90393400374614,427841.31213008874,3827.557152235871,27.24574299192482
PHL,2007,9.115237718415624,0.9253277336053579,51.65200240629315,3.0,1.0,6.0,0.0,5.0,221199.80218383478,44.43448787754898,458966.647862805,4342.007082478443,24.1428337538663
PHL,2008,10.208354802007706,0.9638805064153108,53.63781886027262,5.0,2.0,3.0,2.0,3.0,244191.76136841762,40.14774946455068,422003.24496321165,4494.006107394106,23.525941421458196
PHL,2009,10.989718378256509,1.0036469136112136,54.195166146856344,2.0,1.0,2.0,3.0,8.0,45829.535103382965,43.4788656805639,416001.28120047075,4286.416096297526,25.42525551019428
PHL,2010,10.601050516248035,0.9483293510319039,54.77027596941243,5.0,1.0,3.0,1.0,5.0,96003.03368229113,44.69446483015274,422979.67410480627,4300.215186696396,25.81960827171567
PHL,2011,9.937402394338395,1.0422744551702903,54.83227166591374,8.0,4.0,8.0,3.0,8.0,168441.84809189886,43.15332183832415,434028.7035755423,4188.4812459469795,26.4229542972558
PHL,2012,10.822736816041575,1.1628259825568568,57.18447138977962,5.0,1.0,3.0,4.0,7.0,866947.1535084369,44.70658624238771,437890.5471422174,4610.378664830908,24.79798711610216
PHL,2013,11.931946620176062,0.9919556795096132,55.50161281425902,7.0,4.0,5.0,0.0,7.0,644320.0474791414,47.89982700793808,485013.346796154,5028.640226813615,27.94032955040407
PHL,2014,11.760476726752357,1.1606684970716317,53.39651808642229,8.0,5.0,4.0,2.0,9.0,486305.54965912557,45.11630871598331,481292.2988290512,5011.515457878583,30.326154369919976
PHL,2015,11.091978624370231,1.1984747226450334,54.67603377168566,9.0,2.0,1.0,3.0,9.0,1121802.4767393859,45.76749551147375,468905.1641030789,4714.159622410589,28.298228424968062
PHL,2016,11.751991500359914,1.0240861283284017,51.59553224910838,5.0,3.0,1.0,2.0,8.0,3489346.0874344837,48.881391933135944,424089.48558539036,4577.2440697411175,27.754365192121174
PHL,2017,11.06506486863291,0.9828382619015616,61.91837498725616,3.0,1.0,5.0,3.0,4.0,280530.06354342285,46.675449803880745,475937.93080577976,4793.789101499333,29.172166545619326
PHL,2018,10.361045814737647,1.1324381905755514,59.290677684938274,5.0,3.0,3.0,3.0,9.0,290337.8139213781,50.43167827238605,463640.86231523554,4654.229141662854,28.49981617393899
PHL,2019,10.868666081423703,1.0727616972531817,55.31714560825602,3.0,3.0,2.0,3.0,3.0,789295.780277437,43.96671849392262,509060.937867227,4604.331877624226,28.61963661187241
PHL,2020,12.353263500350199,1.2736068604489337,56.92409421762892,11.0,7.0,3.0,3.0,9.0,620282.9289665906,47.250717511691434,498675.51633029815,4815.370279358152,28.556836014230658
PHL,2021,11.34672054612566,1.1338129953342486,56.25244606742961,1.0,3.0,5.0,1.0,8.0,8191.499086961307,49.806828102117116,482036.4416769623,5097.707601899138,29.09758330930023
PHL,2022,11.409648399696575,1.073158890882363,61.898081888597076,9.0,1.0,5.0,1.0,7.0,655251.8693428946,46.61902453825873,428118.8299107595,4771.434039210105,28.32823875595643
PHL,2023,11.418524360506627,1.0513133362828453,54.67174762569087,2.0,2.0,5.0,5.0,10.0,791551.1084350118,47.87194700613229,478854.3926586461,4785.561710163424,26.724424783746972
PHL,2024,12.723480694972299,1.2355196532097459,58.671416912124414,8.0,1.0,4.0,5.0,10.0,2686432.7936703004,51.3891481612723,467584.61117905506,4785.992832779126,31.68397236761651
PHL,2025,12.597835722692588,1.1074057128710952,58.26306885602006,5.0,9.0,1.0,3.0,4.0,563392.7712526954,46.93790391273488,495486.4539063282,5048.502237100898,29.921231029431077
POL,1960,1.2919670292320975,-0.2735222655845091,12.506037026461357,0.0,0.0,1.0,0.0,0.0,7248.431053302717,8.773813045772659,44581.471094212415,646.4295449163501,1.2937405235452961
POL,1961,1.4983016995781118,-0.3544885530828488,9.292022749047995,0.0,0.0,0.0,0.0,0.0,19319.25557384088,8.89644259117319,5315.374507765915,726.9623568098439,4.99451545191233
POL,1962,1.2606819171213952,-0.37002307515324,14.259730187071401,0.0,0.0,0.0,1.0,0.0,14031.851661112627,2.23815838479031,32353.12868581782,789.4384145074795,4.469029356034183
POL,1963,1.0131525871825493,-0.1704809770467278,14.729208587929449,0.0,0.0,0.0,0.0,0.0,100461.63846322699,7.061845058564502,60024.66133337942,576.557732208969,3.8899983203631496
POL,1964,0.8192274570754744,-0.2711788573920808,15.16276797231649,0.0,0.0,0.0,1.0,0.0,215116.83591099252,10.028663329060912,8003.536792202642,863.5776584582109,3.468421503933004
POL,1965,1.4219018029959662,-0.22774949190907132,16.159351509995645,0.0,1.0,1.0,0.0,0.0,70308.6778056913,12.977777773581835,26577.788989736015,513.7349914880109,4.782964365292629
POL,1966,0.8400060777883833,-0.33268976655595844,15.668763937000177,0.0,0.0,0.0,0.0,0.0,5259.451402459687,5.955387775414345,8053.1407512675505,778.8369711285403,4.593235407157831
POL,1967,-0.13186247633855364,-0.3517460196980057,13.53107452189553,0.0,0.0,1.0,0.0,0.0,248729.56745152763,11.503844932643894,67309.12013936121,739.6215404220856,4.970678959423328
POL,1968,1.8981525122670382,-0.2859551993678726,14.810432336194031,1.0,0.0,0.0,0.0,1.0,48820.44698260184,7.999288343684751,55899.61420885819,492.666706428155,4.69837748545329
POL,1969,2.2743759773741115,-0.23536679707821906,15.68265322791409,1.0,0.0,0.0,0.0,1.0,278957.6807987419,12.253013761241302,84672.95611928403,382.7481172153462,5.803829095706186
POL,1970,0.5121474528177945,-0.29441292530999985,16.229394723872424,1.0,0.0,0.0,0.0,0.0,1660.9058002273546,8.02335944683964,81510.71062801608,789.992929983424,6.623368928895065
POL,1971,1.4156522999662613,-0.19261402571123407,19.000967858079218,0.0,0.0,0.0,0.0,1.0,87062.8346155369,10.33730230205065,59401.76504955837,842.1090930780169,6.908562302122188
POL,1972,2.487300946433598,-0.3081187112046996,18.701725127580616,0.0,0.0,0.0,0.0,1.0,232998.74133713415,12.254962522617308,82032.64535039183,903.335880077625,6.6119905896714215
POL,1973,3.459410443544876,-0.24245936966393428,22.916621853101617,1.0,0.0,1.0,0.0,0.0,507155.2995612648,14.097986317196153,88593.82852342821,1272.7331531926898,6.319862941035296
POL,1974,2.4437449528732285,-0.07755651635212918,23.91525319301546,0.0,1.0,1.0,2.0,1.0,357751.2309391879,13.842366276076826,103122.56631389318,1412.9188938134769,7.325805971487752
POL,1975,2.1792918325663453,-0.0598159202875983,19.32040014685263,1.0,0.0,1.0,0.0,1.0,156750.77811090846,12.243380820084365,128617.41225944144,1311.845335645548,8.780977289191188
POL,1976,2.669719827941027,-0.11484436292468009,10.299166700922486,0.0,1.0,1.0,0.0,0.0,342272.3629665701,12.771629834809776,72502.78131859293,1367.7382274603162,7.322572662648993
POL,1977,3.7534516360207824,-0.13875711759425002,23.800332013190236,1.0,0.0,0.0,0.0,1.0,214007.51584702256,18.640134409406276,61054.17318278564,1287.7944235928323,7.615168669507477
POL,1978,2.7905355867646895,-0.11183193772050908,20.222819977581484,1.0,1.0,0.0,1.0,1.0,478447.790021457,16.04007881829647,90278.06852556755,1429.4306288258003,9.172312428266494
POL,1979,2.912473381832251,-0.0302776286274934,20.4832849156666,2.0,0.0,1.0,0.0,1.0,432518.9279018132,15.168477802335605,137416.10893559005,1574.7274995029784,10.026354685536127
POL,1980,3.3152488205002753,0.08186775352361549,22.450957881026337,0.0,0.0,2.0,0.0,3.0,1117068.2155573736,18.31298553846309,145525.04808742812,1596.9388936815526,9.38966671669027
POL,1981,3.275916770063694,0.13674045110753957,23.335917251713283,3.0,1.0,0.0,1.0,0.0,34090.17721806292,19.408640649072023,131044.32151571907,1797.7863452726428,10.72412715150183
POL,1982,4.135828898729464,0.05631829135726257,27.031950468882858,2.0,0.0,1.0,2.0,2.0,131223.97737405493,15.905955055815639,148922.01938981135,1767.882464954427,9.504265833383053
POL,1983,5.250030733686087,0.03862017045215148,22.69202194377613,2.0,1.0,1.0,0.0,1.0,68905.24443119041,21.02566733713343,145758.5921128642,1743.1397041959722,11.27539183512473
POL,1984,4.760723060445069,0.18837740106803394,25.02288282423122,5.0,1.0,1.0,0.0,2.0,328789.00975377474,17.556038024993146,175145.50179569982,2026.8620034384599,14.09573458556224
POL,1985,4.6966144274560575,0.1381822724269647,29.734929825400812,2.0,0.0,1.0,1.0,1.0,368120.2128668665,20.538410669292283,172084.29270182078,2018.9803328171656,13.421953107284228
POL,1986,4.947300429080364,0.20063953271118062,31.62297707041067,1.0,0.0,1.0,1.0,4.0,78631.809064339,20.83991985198054,242093.23529915343,2527.4613653635474,12.330897309807629
POL,1987,4.495076341665344,0.38691406033630865,32.88172827175708,2.0,2.0,1.0,0.0,2.0,192961.20062167404,23.85944250034925,246358.00138596396,2199.6836091202535,13.197209970046499
POL,1988,6.184697152766121,0.3864348385852969,30.54070943704286,7.0,2.0,2.0,1.0,2.0,331805.08387718257,24.273995165865795,243691.36440216211,3087.8118981169805,12.863747749754795
POL,1989,5.917982955709829,0.37267124501381216,31.3053765028874,2.0,0.0,1.0,1.0,2.0,395332.82289418083,25.925584637142357,238815.06396074442,2917.9219463978184,17.573474180359746
POL,1990,6.14622404968539,0.2982464799109822,33.7334129155302,1.0,1.0,0.0,2.0,4.0,40614.72861179924,23.23664997088564,278923.00861712743,2383.837904150705,14.607583169610738
POL,1991,8.373297507518604,0.45687842536395673,36.848641254658816,7.0,1.0,1.0,0.0,6.0,971255.3698801331,28.45278838386419,265428.1451880509,3061.5424748226087,13.158777405310627
POL,1992,6.994873891403766,0.5647469789629669,41.205393288805276,5.0,0.0,1.0,0.0,2.0,13524.220663930271,27.26463246388625,279388.50919310004,2854.731333676717,15.426152990879086
POL,1993,6.673809089529348,0.48905733363741155,33.60353287615607,3.0,1.0,2.0,1.0,4.0,1434890.5246016344,35.9878169904958,244533.7392501989,3132.783001928987,18.15860142086312
POL,1994,7.139752473475011,0.6659893833788605,39.382561113226686,1.0,2.0,6.0,1.0,4.0,154010.89717985125,31.041754935589765,306249.03836041735,3484.352647253195,17.759433165549062
POL,1995,8.318638591609462,0.699354553084424,37.79127045752973,2.0,1.0,0.0,1.0,2.0,156874.86882995162,32.43059432824001,279392.3797546125,3043.4308377216466,19.60995760747838
POL,1996,7.990178007655862,0.7661487165327505,38.15220861790604,5.0,2.0,3.0,4.0,3.0,248067.75696083627,35.61838914554855,313131.9059279746,3225.687220696538,20.55649227552726
POL,1997,7.357149542401425,0.6935198855915741,45.82678022177035,4.0,0.0,3.0,0.0,3.0,507573.7368409263,38.044060521566244,338641.38799179456,3617.5373095756822,19.835679344440205
POL,1998,8.963263170348286,0.750950505788661,45.86028549262897,5.0,1.0,5.0,2.0,4.0,75637.55311017076,33.39921240529628,322874.88644000486,3456.689218622897,20.03169424021926
POL,1999,8.291736431002622,0.8506541872664934,46.67105892111835,7.0,2.0,2.0,1.0,10.0,130250.15433934782,38.28208230035526,367707.73586520704,3118.6234515780916,23.18180884155957
POL,2000,9.984319875570145,0.8054852407735258,48.85549353082773,4.0,5.0,2.0,1.0,5.0,1466544.0323918064,40.07174360824474,392038.90797455725,3962.444443368276,22.887408896870916
POL,2001,9.749018852129776,0.7603174403289713,46.31370803784055,6.0,0.0,4.0,3.0,4.0,958136.9251277018,39.17719108569417,353328.7077963762,3913.0329875315642,19.260809975965902
POL,2002,9.08082492023492,0.7937562266761993,47.34464538411706,1.0,2.0,5.0,0.0,5.0,111020.78420156598,39.95402218464042,387422.78783911385,3906.582875669698,21.366602381585547
POL,2003,10.273686712987114,0.8764203691699931,54.75607569393436,2.0,3.0,1.0,4.0,5.0,402096.5769806962,39.21070419688137,362032.4302529547,4022.8320652466828,21.493473491891955
POL,2004,9.764131636976947,0.7802493079380333,49.49276679228015,9.0,3.0,6.0,5.0,11.0,109274.83431799864,40.37337175398243,372175.0126286274,4596.267786348597,24.237873784749183
POL,2005,10.392451339422177,0.8966584486806946,52.716554092317416,4.0,2.0,4.0,3.0,5.0,389338.8688242886,41.54836288800501,416705.03513528185,4380.575960652871,25.17602991843562
POL,2006,10.346932798984454,1.0189531856726997,51.61687310910451,1.0,4.0,0.0,5.0,2.0,225397.66076036252,41.48250931557373,433977.4164712373,4008.1597065393166,25.056418739138984
POL,2007,9.736994374919597,0.777555267773122,47.65609042062722,3.0,2.0,3.0,6.0,5.0,226166.68430532314,45.047232566307805,385266.4019455001,4302.934373798169,24.795195570583598
POL,2008,9.99867160006185,1.095796864302781,47.79587424547245,4.0,2.0,0.0,1.0,7.0,514105.15238936024,41.6550454085903,480330.3308372152,4612.002077411232,27.458881158050023
POL,2009,11.09598001493469,1.0816163785154562,52.04711573200034,4.0,6.0,3.0,3.0,7.0,150147.21909657362,46.06993961137846,422678.8002940441,4662.23890083361,26.805647183563895
POL,2010,10.436670580784385,0.9724941554981736,56.68010702806909,6.0,3.0,1.0,3.0,6.0,271923.9001474072,47.623417839239764,445692.4170140415,4086.6704684107876,25.385350986465543
POL,2011,10.513288689886304,1.068916352316764,56.51588808180936,8.0,2.0,5.0,3.0,10.0,1381158.275156256,45.922757340296606,432234.45861333323,4369.444025794301,25.759264879580776
POL,2012,10.303673891997741,1.0406510355610101,57.29766845457583,5.0,1.0,2.0,4.0,7.0,760313.0636470359,41.48488234035312,443128.86352724425,4264.695263261531,26.13994416820458
POL,2013,11.195655411045394,1.152602491851325,52.976236501916404,11.0,0.0,3.0,1.0,10.0,264631.7981605805,47.276910037822525,492412.38970454194,4722.043320353951,26.962160090898887
POL,2014,12.229465818884702,1.1455383370313195,59.88104640060967,10.0,2.0,6.0,2.0,5.0,145246.22349568957,44.80886765572663,496058.33323935437,4395.917800408058,27.720423375494835
POL,2015,10.513799504059493,0.9666212541113698,53.79485774847187,6.0,2.0,5.0,1.0,4.0,605197.6361631518,45.399149635138485,420968.26332977496,5008.814734504793,28.454710000032804
POL,2016,11.21883435363835,1.1363595205277794,57.07513997950758,2.0,4.0,1.0,2.0,5.0,939727.6447931869,47.70318192405419,451436.50287967245,4979.447122783315,26.91146583337419
POL,2017,12.087833224708412,1.082792402017346,56.825451472380834,3.0,1.0,2.0,3.0,9.0,1138593.1308061318,49.653363763539105,542194.7792270078,4646.024998547654,26.337835403574367
POL,2018,11.294978177196723,1.114907924203258,56.699106654270096,12.0,4.0,4.0,3.0,9.0,485993.6529664589,43.682315973564506,460591.42235447234,4433.3457480713,28.945812957221627
POL,2019,11.660347807441793,1.0583005469969464,60.73880219181813,6.0,4.0,2.0,3.0,3.0,430939.6693421927,47.78262805844165,484521.27014630707,4569.466329497313,29.700167299887642
POL,2020,10.843726179773528,1.2639695684455603,55.86593004070677,12.0,7.0,3.0,5.0,7.0,763013.6115382746,52.347265449981165,504687.333135595,4883.100342620575,31.066293750769812
POL,2021,11.750543149071907,1.2142333376864682,54.47062411366588,6.0,5.0,2.0,0.0,5.0,117430.85583048091,45.587466396828994,499778.0913705744,4997.65981916014,29.35964346096618
POL,2022,11.441986235459595,1.0781531504073398,58.091702575677836,3.0,1.0,3.0,0.0,5.0,1175561.5520855803,47.7866238813662,410158.2878342256,4806.884424325893,27.88145281518772
POL,2023,12.157726070880605,1.0363172486109635,57.22187370065188,4.0,3.0,5.0,1.0,5.0,47807.02840522944,47.01331497400919,490582.3786787633,4229.329003940187,29.858933444237387
POL,2024,12.31134913561755,1.1174734460042515,66.82868406278408,3.0,5.0,3.0,0.0,5.0,582032.7892678818,50.12918524851934,527529.8020562732,5008.021932183824,28.884559673679266
POL,2025,13.151908440520106,1.1878606424851346,60.22565715353212,5.0,1.0,1.0,5.0,10.0,567917.4308400569,45.867375394552425,486106.6681383962,4387.435093605797,27.29594253858165
RUS,1960,1.64198300949031,-0.35556282348080526,14.23990608744598,0.0,0.0,0.0,0.0,0.0,58516.33795643804,1.37498363030236,44645.78457598239,367.3401285124153,2.4061986809870186
RUS,1961,0.8065065460603242,-0.23642375305784682,13.3523686314805,0.0,0.0,0.0,0.0,2.0,70475.00203734754,6.512835780985542,1464.6441070831388,476.25747360696624,3.2389289366398755
RUS,1962,1.004049935043302,-0.19680495635985548,13.991597879810056,1.0,0.0,0.0,0.0,0.0,116120.12881121207,4.98539379893014,22453.08114936231,588.3365598011678,1.8565040067446574
RUS,1963,0.6614044580806329,-0.24239870212498282,12.887771679254607,1.0,0.0,0.0,0.0,0.0,138215.80830696362,10.031454929802397,56839.43644599667,493.27978287318024,1.6689961728068896
RUS,1964,1.039623209404724,-0.25503126162650636,17.89564814026746,0.0,0.0,0.0,0.0,1.0,306772.45853561995,5.261873002631061,11321.960503529375,414.6606398704514,4.291940646187803
RUS,1965,1.5893168537450908,-0.24825574009513313,10.094918955167762,0.0,0.0,0.0,0.0,1.0,276958.31793670985,9.526963473770323,24184.499474946973,1004.899839689781,1.4724191789075172
RUS,1966,1.8917544642511848,-0.3114131853505867,14.50776401023586,0.0,0.0,0.0,0.0,0.0,284108.90665634343,10.984879073152909,51890.64863294727,271.9898863134071,3.990263063781348
RUS,1967,1.017668990268711,-0.26460808586051976,14.718709628714757,1.0,0.0,0.0,0.0,0.0,264614.17032946105,9.731449710206778,1605.541879241151,782.988482834815,5.1302063050641
RUS,1968,2.1471540289371336,-0.10687365534239726,17.020725471145738,1.0,0.0,0.0,0.0,1.0,297766.85910598893,9.497270111228348,52593.305951749295,1089.4925913026086,4.816029640102976
RUS,1969,2.5341052125623955,-0.3008497265503694,13.345206366218399,0.0,0.0,0.0,0.0,0.0,246202.8223073789,9.018558673684892,84412.19901157069,623.4142689875998,8.114316340972437
RUS,1970,2.10855867260798,-0.0800930215078238,11.600964595114537,0.0,0.0,0.0,0.0,2.0,455654.5202041296,10.08625284760023,82059.0053723898,866.4462071919254,5.935145552709173
RUS,1971,3.075405047395363,-0.21758869337856812,16.897481258395374,0.0,0.0,1.0,0.0,1.0,189536.6817088903,7.839659525089305,64685.87086189496,1123.6644777856031,5.266997034546495
RUS,1972,1.6863584568710546,-0.06700372743161329,17.795629475570898,1.0,0.0,1.0,1.0,0.0,176575.10349495162,11.78352003278491,72298.34026433762,251.7201299273687,6.823093152691735
RUS,1973,1.5606740940565844,-0.2654007766261476,21.44726177779586,0.0,0.0,1.0,1.0,0.0,299054.7675161779,14.316784574996676,115298.83758513752,1014.144682588588,4.487999388010067
RUS,1974,1.4090244278399084,-0.08435708012110725,15.223175627491061,0.0,0.0,1.0,0.0,2.0,46289.904846874546,10.596295884579373,119018.80213221494,720.0257235895932,8.1037686293959
RUS,1975,3.458119002879378,-0.1670607727856396,22.008010607109618,0.0,0.0,0.0,1.0,0.0,393846.33778180147,13.250514060105036,89670.31415066397,1383.785102541867,6.400944806440588
RUS,1976,3.1511455339798933,-0.19671559704766578,25.809341482138713,1.0,0.0,0.0,1.0,3.0,742853.7581712758,13.668933828136455,84000.87037290618,1043.5145093480867,9.088021574799338
RUS,1977,2.9309365092370645,-0.03985324947521812,19.763838629065877,0.0,1.0,0.0,0.0,0.0,97498.58693440833,15.34087559683916,129257.82799372224,1725.9214235633485,8.557104907150181
RUS,1978,3.322946949895194,0.05111808948924933,18.346405276316062,0.0,0.0,0.0,0.0,1.0,269123.0812607026,14.209414897058984,144713.65574781515,1163.5243191986779,9.357193540722099
RUS,1979,2.7248525834595805,-0.06801148403966799,21.46955880431069,0.0,0.0,0.0,0.0,1.0,9701.198658841515,12.84406600977423,160019.61838476677,1579.44540198798,8.217313990429675
RUS,1980,4.999133734034619,-0.08961500264467996,23.482083486928204,1.0,1.0,1.0,2.0,1.0,435503.2358630667,14.581831365082293,149762.75449101854,1358.0740751347457,7.9277228770363335
RUS,1981,3.89838289944821,0.05513321465319719,25.861994556267085,2.0,0.0,1.0,2.0,0.0,252219.7054682314,12.790902112666632,136351.06534442934,1602.772414391225,8.465916994195751
RUS,1982,4.12819547393027,0.08904600389364561,24.022789119024257,2.0,0.0,1.0,1.0,1.0,352736.3646269833,20.6972797808349,114038.13458097284,1756.118216287305,8.278701765686101
RUS,1983,4.733156428807837,0.17476513473529412,30.47860772696005,2.0,3.0,1.0,0.0,3.0,49764.60915709876,20.82627929310271,214934.11279997564,1865.5796118738967,10.753913780024341
RUS,1984,4.851532786651962,0.24291747574788636,24.930853901190073,1.0,0.0,0.0,3.0,2.0,547095.7372162736,20.91276020071275,217808.19371613162,2354.3053831773204,11.09924385858944
RUS,1985,4.970451005139173,0.19931185557523315,24.52902055947527,1.0,1.0,2.0,1.0,2.0,99774.6794066014,20.42093548696703,170256.38309584744,2409.865714195312,13.987675974259618
RUS,1986,4.660569096825747,0.39054000900361785,32.83239305509569,1.0,1.0,0.0,0.0,4.0,398310.4990182422,22.694403583674806,206012.56000645226,2010.0636714724244,11.789713400901746
RUS,1987,5.665005362019119,0.298830752664169,25.59132158140155,1.0,2.0,1.0,1.0,1.0,316999.89111335285,24.08595517816697,207844.74032807336,2310.189763155238,16.987137849693905
RUS,1988,6.75907311637965,0.2925514838194835,31.997975712194318,3.0,1.0,3.0,1.0,1.0,381857.01431577536,24.08461735744568,227285.08040336438,2142.307766632115,13.202451733921396
RUS,1989,6.736355870531303,0.2311079113054698,41.54524344907312,5.0,2.0,2.0,0.0,1.0,18942.089680745597,25.28874901466468,228046.04768412682,2205.6328285425234,14.03010759948433
RUS,1990,7.166082310317654,0.3789872383747066,34.96989111760017,1.0,2.0,1.0,1.0,2.0,507831.2537149522,30.44635120881858,267753.5177600281,2493.276074584216,13.927997679065552
RUS,1991,6.243311642059878,0.4130557443334131,33.44704024720638,5.0,2.0,3.0,1.0,5.0,606631.3181194623,25.80972571954518,234669.7754279367,3162.9850714996833,16.71298970533002
RUS,1992,6.254068197444813,0.5565587794024824,37.34820620615692,1.0,2.0,3.0,2.0,4.0,251162.4432985177,31.976481869759162,265540.38215455884,2487.6354120603014,16.944677775189497
RUS,1993,7.033761464276782,0.5561067168240028,38.59512386903411,2.0,3.0,1.0,0.0,3.0,208967.40736756305,27.215875676197395,309441.05332054006,3135.3113922036614,17.93336224361921
RUS,1994,7.416949915859197,0.46355072644931383,40.33600785650539,2.0,0.0,2.0,2.0,5.0,169848.2957592522,35.55844344084716,250505.75249399839,3222.010702243513,19.33287847141547
RUS,1995,8.287442431942123,0.6097152808358504,42.778624015491786,2.0,2.0,8.0,1.0,2.0,1084648.2552917316,27.63407078796693,319305.0668495393,3050.904395853512,20.804576161370985
RUS,1996,6.951880359510626,0.6867725836995969,39.68503739037042,4.0,1.0,1.0,1.0,5.0,590845.7924878736,35.101658524997084,309515.17453242646,3486.156291649938,18.44061835909481
RUS,1997,9.063650813623765,0.7913429442200924,47.62825874650029,2.0,2.0,5.0,2.0,6.0,512734.5775974328,33.58638234571911,374728.8404661978,3590.983382183823,20.736702944022454
RUS,1998,8.343851991284625,0.7749594871973047,45.11150976731217,4.0,2.0,2.0,3.0,4.0,1130298.946071071,35.67305175719273,353508.2586652855,3534.074335176202,22.516753232407524
RUS,1999,8.430462664967779,0.7983869365449244,47.364460247254705,4.0,3.0,4.0,4.0,6.0,189784.36269610707,36.68849516656548,336127.2248993438,3606.121046157464,20.374807093212116
RUS,2000,8.32521363847046,0.7745006053772209,44.98255543211114,3.0,0.0,2.0,1.0,2.0,447581.49656032014,39.260276334959386,402026.51783684327,3678.2792047324874,26.339711457580535
RUS,2001,8.176448628021035,0.8314811293860643,50.72896062224472,1.0,1.0,1.0,1.0,6.0,530033.5590149616,34.34816461324343,375923.14495460666,3627.8990977399194,26.28503089550906
RUS,2002,9.811358096016804,0.9296000456549209,47.78360815291822,2.0,2.0,4.0,3.0,9.0,2594713.4152004155,39.51433049021269,387768.7353734299,3950.9334076997143,23.41350039821314
RUS,2003,9.579260136122757,0.750713781069722,49.98563043586176,2.0,3.0,4.0,1.0,4.0,263274.36440535006,40.779302447715665,415269.50646893965,3874.7229783474986,22.454057951772306
RUS,2004,8.983387201072583,0.8555390755163743,47.77642923496131,2.0,3.0,1.0,1.0,6.0,245341.16281709794,39.61034394655209,386175.6646602466,4108.2225556929225,23.09203763297941
RUS,2005,9.157436182290322,0.8463136620093308,48.38639474367687,3.0,3.0,1.0,1.0,6.0,43032.46578520763,41.54097488878023,445079.45917124074,3999.2363648006126,25.21931580429904
RUS,2006,9.875135226948307,0.9615616657123691,53.32143252282843,2.0,0.0,2.0,2.0,5.0,51303.052765392924,40.94654047785056,430574.9498595791,4056.026083377872,26.19212556871238
RUS,2007,11.183336828580751,1.0512733499184075,51.1677196703048,5.0,1.0,4.0,4.0,7.0,360306.6688285498,44.29730199386457,406922.29425262206,4145.9996642521055,23.095887899995347
RUS,2008,10.21944772661032,0.9252803532215339,50.77288903621467,9.0,2.0,1.0,2.0,6.0,95754.86671931547,44.43559523540125,418426.9076302685,4631.51845108174,24.703781565855444
RUS,2009,9.639445346782612,0.8006020916216483,51.886617926782534,2.0,3.0,8.0,4.0,6.0,39188.77507296716,44.6333303527557,403729.0217697886,4064.8037834668203,26.55548579815118
RUS,2010,10.487864134896228,0.9762976651626541,55.78723657818767,3.0,1.0,1.0,1.0,5.0,1758411.3128504416,46.12624103816251,448195.46143989253,4856.303406840227,24.696143499901805
RUS,2011,10.588570503645542,1.0985229846484117,52.972564287210325,7.0,2.0,5.0,1.0,6.0,1610540.8152086642,47.89681543864676,441125.14580349094,4667.744102421576,26.52939019036506
RUS,2012,9.302159555432215,1.0834096096444943,54.718338215010334,3.0,5.0,6.0,2.0,5.0,212464.45766381323,43.28033462393265,458026.46715144,4163.860624845808,27.810662379567862
RUS,2013,10.920866400081412,1.0884581622010765,55.48142132497494,4.0,3.0,4.0,2.0,6.0,854114.2732158318,50.89926480652834,412072.07820082264,4435.822080841862,27.221730821974994
RUS,2014,10.910726635449903,1.0445242214597659,51.04799296027814,11.0,0.0,2.0,3.0,12.0,1143313.1660878877,47.14175724739445,445425.25348854123,4227.77727003259,26.643205132707802
RUS,2015,11.527949589523416,0.9763044530684276,52.52927498550403,8.0,3.0,6.0,1.0,8.0,351571.4287366935,45.45880437472103,437643.08485934656,4795.477475803272,27.997788017788636
RUS,2016,12.268057920645088,1.1306020731806028,57.38377370595157,2.0,0.0,5.0,1.0,7.0,144331.12917726472,52.06288097749934,477799.96592031064,4975.061031467952,28.77376591914656
RUS,2017,11.9235812973345,1.0325000855060358,55.00875879426844,7.0,1.0,4.0,1.0,10.0,80294.30412972081,46.23232738359276,453561.14239222975,4757.885479321351,26.9475658973907
RUS,2018,11.186160980093982,1.2830090572322466,59.775603483257605,11.0,1.0,6.0,4.0,3.0,88791.0619473882,44.695463037164856,483130.1752797162,5017.053871091346,28.877015572043366
RUS,2019,10.763981627071736,1.1621948757428928,59.80933960670547,3.0,2.0,8.0,2.0,10.0,944575.3897766575,46.50598594016336,460675.1893186771,4798.041428907435,28.994045035912272
RUS,2020,12.934284345326654,1.0776667387115773,59.426628007010265,4.0,2.0,4.0,0.0,7.0,291110.14066406724,46.610669138120414,516905.52355721744,5005.278467894037,29.39892751119502
RUS,2021,11.53831716773584,1.0821175723031717,62.39406672122719,4.0,1.0,2.0,3.0,5.0,718406.7093971361,50.501282044231715,479776.86776408955,4866.010292056056,29.16102278657065
RUS,2022,11.557603530687153,1.1298993069960903,57.833990540803825,6.0,1.0,4.0,0.0,10.0,475820.8602355627,47.983768378865925,503306.658697272,4819.221314970825,29.08545790878366
RUS,2023,11.577059398276432,1.123925943402042,59.84364535112779,5.0,5.0,3.0,2.0,12.0,312481.8276441726,48.624494406004104,479421.53206755646,5014.626673865789,28.785654756657674
RUS,2024,11.742500893409336,1.2376739585248757,56.92422432358739,6.0,2.0,11.0,4.0,10.0,83272.6860637476,48.68977259093174,506909.88323795807,4811.475874049363,28.676979326744178
RUS,2025,11.579902109503136,1.1680137243773538,64.665313244604,7.0,4.0,6.0,4.0,7.0,258594.61043327625,51.3047402855924,466086.8522620882,5204.613846281318,30.19144777201568
SAU,1960,1.030703950721937,-0.30595584460670205,16.17117367366409,0.0,0.0,0.0,0.0,1.0,94425.23891165864,7.8432899835806955,51769.71842080483,308.66832568497557,2.908905855601959
SAU,1961,1.7740851614759388,-0.3424797530912493,7.268178532083873,0.0,0.0,1.0,1.0,1.0,114568.0852795146,4.176492929646158,9486.667112426949,823.5456678370725,3.4984966271119715
SAU,1962,1.4717981117287893,-0.2609659464216616,14.76567688732613,0.0,0.0,0.0,0.0,1.0,8109.310427658053,11.640198454570715,36586.85837562194,391.3943203424616,4.619569960154641
SAU,1963,1.0110903537059488,-0.24482500147067035,11.04984890780568,0.0,0.0,0.0,0.0,0.0,110910.81845327248,10.412357749474467,22947.10349321001,443.13059547976883,5.380365853752657
SAU,1964,1.7388185925712865,-0.26478624187307004,16.88759930868732,1.0,0.0,0.0,0.0,0.0,869338.5319910875,6.797668266830387,10464.55650392739,695.1764611833592,7.651209716648776
SAU,1965,-0.2655429366179929,-0.3445958920007912,14.148020198138541,0.0,0.0,0.0,0.0,0.0,271002.4459493677,7.6195954909997505,13484.977942165802,488.8120420096719,5.20376923205745
SAU,1966,2.117026287394067,-0.2447956243688298,12.476371494672614,0.0,0.0,1.0,0.0,0.0,66119.13252447227,11.46361299055079,-19146.79967745414,1022.1800372912712,3.4651794306226353
SAU,1967,0.5475786288734383,-0.15856481031019182,16.21325078329689,0.0,0.0,0.0,0.0,0.0,229293.94697878536,9.496360775762271,50611.98518530006,1188.3465493255408,6.0952598114783045
SAU,1968,1.438727083569578,-0.28812954209744224,17.220495324002385,0.0,0.0,0.0,0.0,1.0,84069.74957362418,10.912553287783059,56559.396688305475,557.9291539951424,4.347970647114586
SAU,1969,1.110803254339516,-0.05760993895642477,17.059576366927242,0.0,0.0,0.0,3.0,0.0,46238.77471821499,7.69039477434764,31690.975753645234,1011.478131917772,4.075858897278026
SAU,1970,1.126391754714831,-0.2513257994834427,13.385905502023226,0.0,1.0,0.0,0.0,2.0,334178.7168830115,11.662183704951774,53500.61995061707,661.6789404271531,6.209624997956303
SAU,1971,2.663722857917124,-0.18923387995199253,15.29538090909468,0.0,0.0,0.0,0.0,0.0,54683.73244435526,10.520563312953316,29940.11392399553,827.7149378359115,7.622274254977448
SAU,1972,1.8623590556012717,-0.2268371438397265,17.082371152220798,0.0,0.0,1.0,0.0,0.0,469523.0850019787,12.055708244272294,85070.3600249787,1128.8906994468991,5.124092444810897
SAU,1973,2.475590280455811,-0.13499390899272362,17.620114122551584,0.0,0.0,0.0,0.0,0.0,118477.43072580539,11.056535731316785,68083.41887639274,1058.848153293095,6.766587661174661
SAU,1974,2.4048092381043378,-0.27060715162510124,20.273444431899648,1.0,2.0,0.0,1.0,0.0,360582.6678022945,12.084480868893346,104049.04865668203,1128.6042167855132,7.342375649990783
SAU,1975,2.8721919994263927,-0.15180250581516755,14.084023109051298,1.0,1.0,1.0,0.0,1.0,78896.99694195986,13.44287253965981,83993.42008221427,1415.5016406475017,5.7799247006326
SAU,1976,2.819057868935957,-0.1708639177216162,20.72662320845467,2.0,0.0,0.0,1.0,1.0,285570.28148538957,12.585174800624664,75067.12836540275,1486.206000334466,5.534829303591625
SAU,1977,2.2251771661021484,-0.0465089050367105,19.98329746178047,2.0,1.0,1.0,0.0,3.0,66303.70004415145,19.741109584750877,94497.15524817028,1318.5861351142191,6.032624794827141
SAU,1978,3.7348184109434026,0.04991613644228442,19.47750928408924,0.0,0.0,2.0,0.0,2.0,6291.767205729715,13.043122178429424,154133.2573369962,1238.836421201716,10.271695116867502
SAU,1979,3.0880987503383923,0.051264326016975864,20.63077777582012,2.0,1.0,0.0,1.0,2.0,492939.1627556925,17.362967319035175,177917.22437952593,1473.994245716942,8.343323941862563
SAU,1980,2.697791754025587,-0.15942647467671925,22.910726907204843,2.0,0.0,2.0,2.0,1.0,581721.7784502998,17.78351328277512,97601.45738637172,1326.966757435873,8.647970197159857
SAU,1981,3.5779145022570544,0.22584636803422406,15.449812107601003,1.0,2.0,0.0,1.0,1.0,653455.9445857679,19.719340296841953,167833.88222245005,1843.2579595869788,10.53924919587854
SAU,1982,4.928230346647186,0.11966322544548957,23.7480520166405,3.0,2.0,1.0,1.0,1.0,11646.383956097625,13.324896684961756,128051.4593064964,1712.8812520125414,12.5018537824919
SAU,1983,4.804718121781348,0.06877963329149417,24.40107432997596,0.0,0.0,0.0,0.0,3.0,461486.1073319577,16.135935889849492,147615.20304942035,1599.7131810152705,9.66016341880531
SAU,1984,4.374477501118833,0.17952014355800255,29.04914271201679,2.0,1.0,2.0,0.0,4.0,596342.6613912042,19.711453761304465,183031.561740926,2280.5402820267414,9.278164255127194
SAU,1985,4.640894511195576,0.21816025587724808,26.863216733630967,2.0,0.0,1.0,0.0,1.0,126065.62345832044,24.05988062492771,201601.80036541788,2071.1614837984944,14.636946483234395
SAU,1986,4.930151754256807,0.1887518464639517,29.527832493951177,0.0,0.0,0.0,0.0,0.0,219326.8991651514,22.46497905549032,183086.22139093583,2010.3822720460669,13.956057322911992
SAU,1987,6.5880411472134055,0.29672530648871165,35.13356572857031,3.0,0.0,1.0,0.0,3.0,184747.12742212103,23.464275454533812,228576.38996967667,2568.718204391899,12.413826007694343
SAU,1988,5.8965219159396485,0.2716678212904109,34.99417893391467,2.0,0.0,2.0,0.0,3.0,208800.45364307024,25.29299180009821,255179.2009423245,2711.2920919277076,13.991020786801865
SAU,1989,6.210013291127055,0.3276843406184942,36.00671912591163,1.0,0.0,1.0,1.0,5.0,689204.287612819,24.483670123066698,256210.87005484625,2089.1579242717416,13.897270509245553
SAU,1990,6.842412986068309,0.3450976691395933,33.75031892397287,1.0,0.0,3.0,1.0,2.0,202897.25393179856,28.557633346225455,226392.68000258863,2910.2324668975125,16.8959196283914
SAU,1991,6.674564422448055,0.32535299678713175,37.606540072171136,3.0,0.0,0.0,0.0,2.0,137722.0014097105,29.056046313550784,251869.43776599196,2804.47408419375,18.131377080720448
SAU,1992,6.674141735246592,0.4914013133171955,36.90695536448992,4.0,3.0,1.0,3.0,3.0,54484.018069844795,30.872941092834974,297204.5395381873,3112.501083041469,18.332346982900155
SAU,1993,6.993187780110216,0.5659319818199615,38.2318928138906,8.0,2.0,1.0,0.0,3.0,446565.7329602471,34.261315269107314,326354.0015276456,2983.911405974662,18.317368790285293
SAU,1994,7.343737367130111,0.599090943866033,40.95859636498897,2.0,0.0,3.0,0.0,2.0,35624.43752946505,31.42304395716444,268035.035617559,3202.9524612848572,19.292592522926483
SAU,1995,7.636879522828169,0.6615289501337861,39.630482589040405,4.0,3.0,3.0,3.0,5.0,26042.740092599677,33.25856457066922,319161.11543543625,3154.0618322278856,18.390513478385582
SAU,1996,8.34343450918791,0.6589973067624622,46.01532307239778,1.0,0.0,2.0,1.0,2.0,480640.3451916483,31.837295341640747,341503.2515360073,3567.7706682700623,19.4565387392298
SAU,1997,8.214028264273109,0.6264823956117136,43.009063259413466,6.0,4.0,2.0,2.0,4.0,506636.62005628657,32.2499331086553,299582.91846080625,3282.7123574590055,20.717654409518396
SAU,1998,8.855974577366503,0.7711322789586751,46.044625472029786,1.0,0.0,2.0,2.0,4.0,96567.50751554125,36.03216649100418,370718.35840267106,3784.037774204917,20.931937427388497
SAU,1999,8.62950724662511,0.6289178010126514,49.18647632939344,5.0,1.0,3.0,0.0,5.0,1394254.8191083206,37.224298068085034,408529.45199694246,3683.449547915873,21.907374412194354
SAU,2000,8.95238888867681,0.6976400152070094,49.13206336793819,1.0,1.0,2.0,3.0,4.0,697631.4181617253,39.44878862358496,382360.7370153234,3913.803555304176,20.205050711032932
SAU,2001,7.97902582073789,0.7232801632383288,43.99070752302958,7.0,3.0,2.0,4.0,6.0,530574.8354271307,40.056247471206056,389493.75532303576,3589.046776847756,24.241007821283066
SAU,2002,9.864923423192629,0.916044138329573,49.53847891247559,5.0,2.0,4.0,2.0,3.0,652784.4959178987,40.155913108501494,365750.492142837,4011.4197902224314,22.017720249942634
SAU,2003,9.73633317863077,0.9327590539993,51.41854763827954,2.0,4.0,4.0,0.0,9.0,250820.07948291747,44.153539973581836,380897.50971882686,4118.727969431567,21.0519741569773
SAU,2004,10.29897053159299,0.9224786406573304,52.338851983330954,3.0,1.0,7.0,3.0,4.0,291911.541698946,40.39609208343828,385141.22444695263,4506.028619354463,23.459718233720654
SAU,2005,8.23675963376553,0.9938735511267738,48.095486724395606,4.0,1.0,4.0,2.0,3.0,995414.116110548,41.36416852213356,386903.37704932987,4306.569755115683,24.590188021842245
SAU,2006,11.26902688428905,0.8608867936213201,49.95833116415291,7.0,6.0,1.0,3.0,5.0,12745.092146949066,43.07813765873285,410135.70019085327,4072.2743958342694,28.1212521596576
SAU,2007,10.143385415350124,0.980743185455223,54.76313233517732,4.0,3.0,2.0,0.0,4.0,814862.8242648054,40.38527842145672,430636.27577028505,4126.078132105581,24.990588170058864
SAU,2008,11.005917873268464,0.9630243418885667,51.003045828269,5.0,3.0,3.0,1.0,10.0,302647.2179175445,45.164585897548015,407819.3037659385,4512.161162962427,26.321785138519143
SAU,2009,9.905806636728343,1.0595770093299965,52.74533614018932,7.0,1.0,4.0,1.0,7.0,322693.5016702501,44.305870125486976,426408.20921366947,4261.597027506856,26.80592370698566
SAU,2010,10.981511392156623,1.000057386160436,57.97954342264904,1.0,2.0,1.0,4.0,11.0,206891.79844283496,44.83886829470519,448475.309641941,4317.670744513846,24.541490653399777
SAU,2011,10.139672607425599,0.9946496550142128,54.42566081425738,5.0,2.0,2.0,4.0,9.0,497423.6846242159,46.31194191784602,392747.41802214354,4285.345158920414,26.79793386807707
SAU,2012,10.494202222723532,1.0836718988933831,53.195540199431136,1.0,5.0,5.0,3.0,4.0,608042.2182552508,46.35701906178561,473908.87129132944,4562.452323211868,26.836764278611835
SAU,2013,12.052653976802556,1.1242967957515289,53.24980855709993,5.0,2.0,4.0,0.0,5.0,95949.91273236964,46.82430612189476,459845.04444070236,4623.24716300318,27.56567722219816
SAU,2014,10.933871609880969,1.0134560700219801,56.673163499266856,9.0,4.0,5.0,3.0,11.0,462902.52332631196,45.38044624520481,464153.1171480891,4532.441688359439,28.263446886544987
SAU,2015,11.252654831834041,1.0737408582578205,52.874220977744805,3.0,0.0,3.0,4.0,7.0,351744.63920248224,50.1176989608983,490997.8375462787,5041.79183575015,29.06708901624315
SAU,2016,11.705197111197547,1.0047032767593131,55.924739073091615,5.0,1.0,3.0,3.0,3.0,868019.571683697,43.598922166267116,488906.64083786187,4809.255425323638,26.865076634897154
SAU,2017,11.560823490928787,0.8993977489093707,57.684408534625234,7.0,3.0,5.0,4.0,4.0,455121.6698074242,45.6236431179826,483728.01113786164,5117.2160651144695,28.913230219445367
SAU,2018,11.427262847620566,1.1243180890749085,60.38166575642573,7.0,2.0,5.0,3.0,9.0,328401.71207381366,46.17728395067235,478372.25797913916,4761.329587293299,27.375087023170988
SAU,2019,11.610086601016276,1.1652667275749022,59.061192047004106,6.0,3.0,9.0,5.0,5.0,446004.8625263478,46.03156798584023,473731.60596906027,4582.664675531041,27.265386878664295
SAU,2020,12.836566419969992,1.1450839476428314,55.843543546166224,8.0,2.0,5.0,3.0,6.0,404674.75767712056,43.93598669912343,461841.10320976295,4543.372098737459,31.125684184524957
SAU,2021,11.471135759883198,0.9750634546739128,60.790685546854995,8.0,2.0,6.0,1.0,8.0,1662185.5911196338,51.759298003474846,454518.3956795604,4768.484010899713,26.25445301470883
SAU,2022,11.665226139698316,1.1092668891190594,57.292926266293094,4.0,1.0,4.0,2.0,7.0,229889.02599014525,49.68317182354614,490119.9416350289,4992.9375359865935,28.180064005129548
SAU,2023,12.195057601069061,0.9656182763596957,55.13218298124467,12.0,5.0,4.0,6.0,7.0,23695.02307434055,46.978761867602316,492082.83230218815,4762.988067931733,29.31523523635108
SAU,2024,12.26427956741866,1.257903345094814,57.95512336691379,7.0,5.0,2.0,5.0,5.0,683360.8617641283,50.11534904159758,487406.10258461325,5049.582381140013,28.256473800857687
SAU,2025,12.345451772056622,1.066216064228383,62.12981146529644,7.0,3.0,3.0,6.0,11.0,590289.928998987,48.31976800495944,451840.35256881465,5192.012769285648,29.389727539377823
SWE,1960,1.3786866161398241,-0.30490213540019534,11.34794222083178,0.0,0.0,0.0,0.0,0.0,55812.307177460294,3.60057839237942,-1311.946208882564,24.90933102953869,3.260076576414612
SWE,1961,1.2870988574365496,-0.21630367309307214,9.96739923095317,0.0,0.0,0.0,0.0,0.0,5686.842679387991,9.218992469410033,1522.891348940073,779.7182056457718,3.855959058942628
SWE,1962,1.270998996243959,-0.2450877407873418,8.165487768521476,0.0,0.0,0.0,0.0,0.0,208780.06098675312,8.116569077113791,24637.993585971468,290.7199010941711,5.612085356528572
SWE,1963,1.021122976289314,-0.2216771082485731,10.585620088506241,0.0,0.0,0.0,1.0,0.0,4221.267053551744,5.164862701264622,49270.47101775865,654.8679098695931,3.8631392211931757
SWE,1964,1.4897200439389606,-0.26323009540181014,13.74427544656517,0.0,0.0,0.0,0.0,2.0,35635.94830094047,7.957166038092306,107596.4990908817,646.5574370249342,2.794404013841029
SWE,1965,1.2025132594143588,-0.38977081038288963,17.3612306300491,1.0,0.0,0.0,0.0,0.0,147334.118240886,5.529494271683536,31623.00565152232,467.2832785907931,1.4823512930333456
SWE,1966,1.5533510710351355,-0.28257956810147633,16.962857680665916,0.0,0.0,1.0,0.0,0.0,548559.951112545,10.817909861106447,56524.27522861979,739.3514283031794,2.6081116939472575
SWE,1967,2.305532634645423,-0.16939608318353688,15.128885129858755,1.0,0.0,1.0,0.0,0.0,13812.049829459813,9.726678535169256,7933.040907904804,598.9491324920973,3.193122352194953
SWE,1968,1.0683686498405853,-0.24452105169047547,14.179605291728045,0.0,0.0,0.0,0.0,1.0,181569.4615861897,7.880784033100089,8735.866677372542,780.0048245091538,7.125767187222478
SWE,1969,2.41004361639875,-0.18519785659711954,16.126871950811033,0.0,0.0,0.0,0.0,1.0,86744.81663600948,8.604009931922658,43041.407525445386,721.9984111716385,4.7873448162442855
SWE,1970,2.6281747669747744,-0.2347751899843026,14.663551107394438,0.0,0.0,0.0,1.0,2.0,249052.60241568915,9.330945543278037,71595.93805419093,742.4115897746015,5.21224293278886
SWE,1971,1.928358052154605,-0.27421138890255103,20.801333707559582,0.0,0.0,0.0,0.0,0.0,710443.1510551389,8.436110278446384,63770.29948642898,756.4936782267363,7.184704268012839
SWE,1972,0.9112206794256672,-0.18290582128290844,16.619577791836686,0.0,0.0,0.0,0.0,0.0,75067.56780548097,14.398263777762146,73112.52579565554,755.5642395451183,6.815522087430851
SWE,1973,1.9268529058813506,-0.12813178042373216,17.50741860855992,0.0,0.0,1.0,1.0,0.0,772672.1284461162,14.568008659177348,71229.60976577176,1226.326680234572,5.9581165188061105
SWE,1974,3.1775604352325066,-0.1836844337711947,12.859524680752106,1.0,1.0,0.0,0.0,0.0,521487.79345510167,11.656330911236147,84130.67868852781,983.0788073445976,8.308541823047532
SWE,1975,2.5847443879512406,-0.12697606149836332,18.63268907401091,1.0,0.0,0.0,0.0,1.0,245198.08863546222,12.50150394630305,84699.10882932489,891.4779161662012,6.150300861569585
SWE,1976,2.2002864980067365,-0.1586512810526094,21.98201591698326,1.0,0.0,1.0,0.0,3.0,383344.9241040979,11.375132569586281,66036.68000889524,1133.6255544805022,7.935978822949922
SWE,1977,2.672652115304351,0.03220362053703392,18.038944405275707,2.0,0.0,0.0,1.0,2.0,555458.2210282608,14.276035589444675,70655.29332061917,1182.5364755316773,6.2392585233074085
SWE,1978,3.645321505001415,-0.05319611420547091,19.69695998881709,0.0,0.0,3.0,1.0,0.0,463675.9695844555,16.517187698851536,150423.1987977911,1295.3263971822166,8.845601827147247
SWE,1979,3.68638058737194,0.11580427465790641,24.46877226457828,1.0,1.0,0.0,0.0,2.0,115705.89177715333,18.895979630742332,105080.81934113555,1641.4325438595238,10.41755646524648
SWE,1980,3.4554403887323697,0.15260610223526488,19.75542800970462,2.0,0.0,1.0,2.0,0.0,502359.49925165635,15.086070698661327,129200.1557101845,1416.4983030865378,10.750182000862385
SWE,1981,3.6131566830190085,0.0559971186222541,27.097027387604594,1.0,1.0,1.0,1.0,4.0,115674.2735908445,14.216605530291213,174925.44381619323,1569.3411035769639,11.356417877705667
SWE,1982,3.840032531332259,0.015364931592032116,24.170916218186623,3.0,0.0,0.0,1.0,1.0,635670.7911397867,16.685065517057776,148975.64807689574,1908.259819471708,14.723596089173977
SWE,1983,3.785454763979451,-0.03597226568773279,25.619190840363686,2.0,1.0,1.0,2.0,4.0,95136.47692785092,21.183033299319675,188467.51574144457,1963.8411588786303,10.916149705439555
SWE,1984,5.503793499848281,0.049186944196583926,24.90748867589624,2.0,0.0,1.0,2.0,2.0,280249.77880175575,20.84757064878072,155661.07115751127,1803.9498131225234,10.656378562365934
SWE,1985,4.656383421382152,0.09415828408513985,29.82214909097698,1.0,1.0,1.0,0.0,0.0,398472.3610215778,24.2221919219201,228199.6966933459,2301.457851309281,13.209600885500008
SWE,1986,5.814958058181462,0.35237731401699723,36.21529695695085,1.0,0.0,0.0,3.0,2.0,191392.97245565563,23.15262940372748,206918.92696929365,2399.880963467721,12.004281009372258
SWE,1987,6.268667786521331,0.2901579400795013,33.23161725806863,2.0,2.0,2.0,0.0,3.0,538525.2423085416,27.785425400836807,212683.4458013865,2497.324644971143,12.329535277448166
SWE,1988,6.2509377973415825,0.35143396622739453,30.347586979524767,3.0,0.0,2.0,0.0,0.0,934208.5899290411,21.689737959778014,221520.69700482828,2486.8825956862597,14.25128512453271
SWE,1989,5.7145576641793125,0.18239961931888593,36.590092089781685,2.0,1.0,1.0,1.0,4.0,75743.91372941001,20.77257693031155,257123.2035208404,2491.788259438074,18.072972879910083
SWE,1990,6.482144801943551,0.30416268566261906,34.208301135164376,2.0,1.0,1.0,1.0,4.0,12755.49225195353,30.544750610518204,256393.9289712229,2397.567559031833,16.96464704310823
SWE,1991,6.523348182333033,0.5109330820820069,39.6851718275159,2.0,1.0,2.0,1.0,5.0,376717.0703433004,26.83354310141178,183190.65033746773,2442.2561798262636,17.2321088092446
SWE,1992,6.303462399173673,0.5026763246905717,39.508390871034806,4.0,0.0,1.0,0.0,5.0,359491.42629286356,30.052109190688824,264188.6078225406,2864.293660605617,15.053459443867787
SWE,1993,7.292595530324001,0.5073316046038067,31.364271926903612,4.0,4.0,3.0,3.0,5.0,165953.8032607155,31.15229091987372,295680.17776428227,3003.2173232908667,17.21229979582262
SWE,1994,6.706960211376312,0.603087644867933,37.424183923235034,5.0,0.0,0.0,2.0,8.0,623405.5457089687,32.67628397144357,275588.3705125325,3052.451770034019,20.76883841689638
SWE,1995,8.341197957186727,0.7267987544138326,43.48392961718121,3.0,1.0,2.0,1.0,4.0,721676.818886027,31.944791396895933,299036.29883756686,3199.473587142815,19.05090560784771
SWE,1996,7.657892575650071,0.6153666928783086,42.661958491652314,3.0,0.0,3.0,2.0,6.0,169447.18098944312,31.912834266110167,313501.67204231874,3655.0337769334483,23.15129127536759
SWE,1997,8.299826182060794,0.6746500196817113,40.849998739138684,0.0,1.0,3.0,1.0,4.0,490154.9046826131,32.74673864571612,374220.36936322297,3822.9133288806224,21.336525370661743
SWE,1998,8.597597059106576,0.7193669233026844,42.91475026764609,3.0,1.0,3.0,1.0,5.0,446872.16249533015,37.40709516323214,360212.6506483753,3282.9827427575037,21.108634453468905
SWE,1999,8.527048920307701,0.9288879750219257,40.78188358102675,5.0,0.0,0.0,3.0,6.0,185641.94365622103,38.72859960333948,363973.4512308504,3709.2635563987733,21.467018693831072
SWE,2000,9.24452259009334,0.6017452246544857,46.331995712684254,2.0,1.0,2.0,1.0,4.0,1565352.9075379346,37.334933906486825,336711.85922109074,3748.188003017975,22.37856932250997
SWE,2001,8.854921611785901,0.855074010135293,53.0397295947953,5.0,2.0,6.0,1.0,6.0,194557.90478355472,37.41890635032149,358296.7694354754,3984.8392296160737,20.974734136792
SWE,2002,9.839030956276618,0.8204554736977031,50.43857265178169,3.0,1.0,3.0,5.0,6.0,450274.25699545007,40.86312485222086,405707.8849787878,4319.449299705119,24.88098041114781
SWE,2003,8.763163988847545,0.9026777109628283,54.76779165509899,1.0,4.0,0.0,4.0,5.0,225968.26443590026,37.02892375889647,409601.30010959925,4507.604412727431,24.621756971327272
SWE,2004,9.797782976662877,0.8309044173741529,52.315187152404036,4.0,2.0,4.0,1.0,10.0,5713.72570263289,45.485095725607565,365847.7527161872,4239.3750295231,24.102478998349625
SWE,2005,11.016990650685415,0.904201959441154,53.447422168063916,4.0,1.0,2.0,3.0,4.0,46855.012473020884,42.80869687946084,443884.86313938914,4152.016673484571,24.735970000819673
SWE,2006,9.493020917391926,0.9881422625715188,56.53611597605878,1.0,2.0,1.0,0.0,12.0,130866.87295928005,42.08200845318754,394704.14232072607,4125.2838597675145,26.430221001476582
SWE,2007,9.83394609348756,1.2018883919498518,53.21989489417883,5.0,0.0,0.0,0.0,5.0,840284.6841831201,44.9163411709084,431861.61935755715,4858.406403077612,28.516645597241656
SWE,2008,10.664209767198267,1.0376811913113855,52.43937845120841,4.0,3.0,2.0,4.0,10.0,297591.3978111311,45.03569536121077,497417.28617875325,4152.957399444809,28.172371646203487
SWE,2009,10.607012069440792,0.9239811931767626,56.07622007340514,1.0,3.0,3.0,2.0,9.0,459667.73180722725,44.673991143482155,424637.3418120462,4581.826848385903,26.617022169819133
SWE,2010,10.830778703827942,0.9753745502027955,57.674454491698825,3.0,0.0,2.0,0.0,3.0,1511918.9709818244,40.38279386534663,444697.70387118077,4377.658617047715,25.510664061368743
SWE,2011,11.026669156085358,0.9891719574163109,53.34524733343883,7.0,2.0,1.0,7.0,12.0,84680.02966162904,46.01528076248083,431618.86727421073,4172.666800844947,24.79865439763885
SWE,2012,11.217834219546637,0.8967477635981027,53.20855283816567,0.0,4.0,4.0,2.0,6.0,1068764.5083338153,48.78697103515971,454597.0906455766,4934.318576442347,27.37875820975401
SWE,2013,11.590163357453983,1.0277960470401153,55.790992030334394,9.0,1.0,2.0,1.0,2.0,261050.36208637359,44.650224478432094,490086.5426058339,4162.291442848425,26.35202515304581
SWE,2014,11.279159718053787,1.1255500121554638,57.92011234263304,5.0,0.0,3.0,1.0,5.0,228496.01773793774,48.4141889201366,453642.96913522034,4104.128648140913,27.88844187949808
SWE,2015,10.988907778350038,0.9766883424398669,58.20231862059173,4.0,0.0,6.0,4.0,8.0,552509.4499300477,48.49671162131272,454803.8059275664,4807.993725904009,28.28287867074918
SWE,2016,11.591638044243084,1.1732571395346927,52.982659982363664,0.0,4.0,2.0,0.0,5.0,1304765.592561338,47.55043789087755,493033.50436478684,4603.533914416705,29.067821582336624
SWE,2017,12.368238517909289,1.138264615995553,61.630347364808486,6.0,1.0,5.0,2.0,5.0,247477.81131917454,47.54906987606747,437058.6878875987,4805.449882111084,26.59660311846517
SWE,2018,11.26450757299303,1.0495426528041272,55.53087888156443,6.0,2.0,7.0,2.0,6.0,838305.7661621423,48.680064436537556,473469.030989743,4728.899526049776,27.152934856459037
SWE,2019,10.839879674412577,1.1052319280875038,56.72965935385766,3.0,4.0,3.0,1.0,3.0,11512.051679053386,48.58871150814069,455819.40817738924,4896.022855783487,28.099836033818065
SWE,2020,12.091173843297993,1.2519843475271761,55.37207044115212,5.0,2.0,0.0,1.0,1.0,585467.7940146587,52.12027160274941,470396.9331149949,4707.609776486315,29.036776604001822
SWE,2021,11.43504739890419,1.1897122171747314,64.59045934278842,5.0,3.0,4.0,4.0,3.0,604926.2241713163,50.23537277767108,456350.1888233733,5009.421440202324,29.07521366234011
SWE,2022,10.30030919887914,1.1380375359170292,58.6468905358817,8.0,2.0,4.0,2.0,9.0,499421.2251487102,49.828545348887815,444807.4355254488,5034.716758672031,32.512661289949484
SWE,2023,12.078198787726176,1.1240714318069034,56.09400283466428,5.0,3.0,1.0,4.0,4.0,1729158.1394954822,50.77798171541977,427147.8999692768,5196.809800316888,25.841041083672465
SWE,2024,11.320788449044313,1.1544559821186122,60.54503563998358,6.0,2.0,1.0,6.0,6.0,1757828.1633561505,50.1392492447375,472589.1181622222,5145.258183404045,30.65005513665343
SWE,2025,11.61085270903451,1.1121593461624457,60.45722791070727,3.0,2.0,2.0,2.0,2.0,266884.8295491908,43.99911157558857,491060.50107838603,4837.217057415529,30.661464986417474
THA,1960,0.1730226659558024,-0.41708386853639584,16.991394138305466,1.0,0.0,0.0,0.0,0.0,127578.46142946865,10.075382123633787,80390.56357270622,-12.03093883694146,5.178836954514743
THA,1961,1.5313489967268192,-0.18998495897024625,15.084455270481099,0.0,1.0,0.0,0.0,0.0,62899.27749509554,5.8407374391413045,40647.30345336675,652.5119672374151,2.1696855195938634
THA,1962,0.9199162400279697,-0.34023855779963824,12.563656217419528,0.0,0.0,0.0,0.0,0.0,118692.1937390341,2.6039753796238596,-21044.77995097635,1011.3337228141768,4.067011596980265
THA,1963,0.5744037247072539,-0.2889076324422688,14.966595951684697,0.0,0.0,0.0,0.0,0.0,198908.03699447188,8.803733238314607,21775.4227026214,863.0974211691819,4.157671411563756
THA,1964,1.0363344406008954,-0.2944404442423984,12.447662432172574,0.0,0.0,0.0,0.0,0.0,186276.79306743384,8.206544266194026,3578.852194129224,58.527002281436694,4.232430476923414
THA,1965,2.0952298699402805,-0.33140680326632765,15.865781588711032,0.0,0.0,1.0,0.0,0.0,14340.800095896631,8.735884317186002,31572.890709797764,749.9093666067483,2.7564967028012184
THA,1966,1.1486683346457789,-0.1882154981212325,8.18093841148622,0.0,0.0,1.0,1.0,0.0,221047.0013094222,6.265054547554694,59617.50931629498,741.6631022993038,3.289776206393259
THA,1967,1.7540248821413775,-0.24413233993009753,12.006644716506322,0.0,0.0,1.0,0.0,1.0,218181.0547134139,11.78431835483528,28549.285983665934,792.1182738837438,5.034279198827348
THA,1968,1.2268307663399818,-0.2785233312660431,17.435673816701666,0.0,1.0,0.0,1.0,0.0,232573.65303830866,7.652069279709575,97798.84603286818,794.0036284906174,4.254281247436111
THA,1969,2.19041850745563,-0.32981224159105715,14.83070221423335,1.0,0.0,1.0,1.0,0.0,408819.291167936,10.602477165610923,-16434.737488694853,736.0377429997043,5.181464131885842
THA,1970,2.2650005530587194,-0.2807629258621416,16.479001838327733,0.0,0.0,0.0,0.0,1.0,193428.08426978005,10.984439352380372,54291.998330609575,313.79714859010676,3.918619450532935
THA,1971,3.059197534319912,-0.3231368502673712,13.138459562861305,1.0,0.0,0.0,0.0,3.0,646122.8729737297,12.092117430853241,75386.8206893453,984.5763902265837,4.957574006604069
THA,1972,2.03033797769356,-0.17206041228600602,21.712220734279644,0.0,0.0,0.0,0.0,0.0,938996.9027056834,9.707935782055618,41358.629617579936,1114.1350080434122,4.104313858568874
THA,1973,2.6608270611964455,-0.24858882324909617,20.699587363470926,1.0,2.0,0.0,0.0,1.0,344940.01258525247,9.87336859455019,50936.755612251116,895.4769894018798,6.69505475214894
THA,1974,2.4881774061947617,-0.1524742572157625,17.897367697365453,0.0,1.0,0.0,0.0,2.0,113278.51264409097,14.47855528283666,103692.20835388737,1385.2785151610574,6.2160419544679435
THA,1975,3.343019798344331,0.001488986378999843,18.109536548159504,0.0,0.0,0.0,0.0,1.0,40538.45363647723,14.452576879733188,140143.88093121472,771.956186856072,7.479934862869046
THA,1976,2.36155665870129,0.012449744139996097,22.464816475620143,1.0,0.0,0.0,0.0,0.0,463205.53574161493,14.655627223440884,150758.7509699521,824.2851925256822,7.025597408924631
THA,1977,3.391275749915013,-0.0599181243963032,25.66442697329439,1.0,0.0,0.0,1.0,0.0,44001.731905383276,17.17037815222671,99221.08098666683,1326.5475900536937,8.326549574884629
THA,1978,3.050014044494205,-0.036606431689880176,23.958161464577504,1.0,0.0,0.0,0.0,2.0,45036.41002687803,16.185203976342674,150221.8689790834,1227.7323210730344,11.008519513515052
THA,1979,3.3351005838187606,0.1499737950014924,27.916501388735625,1.0,0.0,1.0,1.0,1.0,735295.756637775,15.405701029999733,123904.16949635388,1702.207190474769,8.25942933239786
THA,1980,3.6455840243127584,0.07196676382068906,21.141192745844958,1.0,0.0,2.0,0.0,4.0,246207.36520406877,18.26784008777643,158073.3870284121,1463.5464993250957,10.218384572487306
THA,1981,3.9691189477577935,0.03625627900987177,22.404057792502822,2.0,0.0,0.0,0.0,0.0,106762.67481385038,19.020828013795082,139980.57890703983,1977.676183572951,9.17039466023337
THA,1982,3.998461767237331,-0.01804061917381608,22.528923148486005,3.0,1.0,1.0,0.0,2.0,1038366.6101079342,20.021147147933153,127392.35539208674,1587.4437094658952,10.495848939608257
THA,1983,4.4393007003891425,0.16240942198411368,27.695013015715393,1.0,0.0,1.0,0.0,1.0,396259.5958214083,17.944656014346673,206539.88086652762,1893.2888418642287,11.952835475265104
THA,1984,5.482370361501609,0.23329581184535628,28.15619356322115,1.0,1.0,1.0,0.0,3.0,252576.56835812324,18.742566410949763,224287.26583973365,1499.0579412456134,12.318167250521471
THA,1985,5.408351260407423,0.15353294811594115,28.497155631227304,1.0,1.0,1.0,0.0,1.0,134899.4682611125,23.969689486998973,178894.08163801918,2061.9262926697597,13.538288821289349
THA,1986,5.614855799392517,0.26539596423111944,32.08876356468565,2.0,0.0,1.0,0.0,1.0,389476.1754619204,22.725153594419382,224623.73144890313,2203.2511498359568,14.575755934139387
THA,1987,5.131975829202196,0.2518061095081433,34.35869567245371,2.0,0.0,2.0,1.0,6.0,462710.62805198564,19.77789221618217,209735.2496370821,2584.3712639434607,14.846320895738833
THA,1988,5.165595554675218,0.30554301236411524,28.694144111159,1.0,0.0,1.0,1.0,5.0,448263.87944925536,22.171911609572508,280046.5348183756,2060.675499864637,15.892984832618822
THA,1989,6.512037164978898,0.1610075354287095,32.25861055630021,3.0,1.0,0.0,1.0,3.0,79869.70443525356,23.40925375809437,200787.29469308956,2466.096294396121,15.598788255804541
THA,1990,6.753726905704632,0.3822574877027092,37.05035898530765,1.0,2.0,4.0,2.0,0.0,448060.82291496167,29.90148068543763,246051.7337020475,2991.415743637489,14.979972475618963
THA,1991,7.384046294564625,0.5175162441589484,35.07961266430055,1.0,3.0,1.0,1.0,10.0,333138.93236710335,28.51521505316332,226855.55241731327,3139.968124975389,17.820330551750843
THA,1992,6.475802109161189,0.4292221912546401,35.49618467472852,3.0,0.0,4.0,0.0,7.0,740075.0735003876,29.822079294835376,235779.3466711512,2688.143523579084,16.861395874707036
THA,1993,6.9740984665018795,0.5233101363558798,41.268469409708935,3.0,2.0,3.0,0.0,2.0,389634.6326529443,30.055101411441836,284755.29892865627,2838.7427177209743,19.055865506409
THA,1994,6.442204697841073,0.4974241996445696,36.71063283131265,5.0,2.0,2.0,2.0,3.0,64049.988954266664,29.558710336877066,288506.9219959778,2714.40969506212,17.006202204199955
THA,1995,7.432611422836326,0.6247702640263892,40.36901704061497,6.0,1.0,3.0,2.0,2.0,158196.65196194904,34.72021436997939,286374.9982258776,2726.6531098500764,18.93077808911288
THA,1996,8.498075565179828,0.6157282341583787,43.10442537580179,1.0,2.0,2.0,2.0,3.0,571983.6540609979,35.522270435312095,344070.4506404157,3243.1971660716213,19.110696404275224
THA,1997,7.915924536877697,0.5939611122145053,41.97483882363301,3.0,2.0,3.0,1.0,5.0,575811.1490996707,33.48330851706982,366829.48212955095,3288.8420953943296,21.258705261112453
THA,1998,8.802982415208017,0.8105632872173902,46.456613196413564,3.0,3.0,3.0,1.0,6.0,109597.34937448583,39.20347882941582,358093.33722726215,4027.3371402386024,20.511338836564796
THA,1999,8.566379994238803,0.8118337652825833,44.12528269325677,4.0,2.0,0.0,4.0,5.0,193759.53018884914,38.668817847683485,308938.5903192366,3723.1743318710505,21.885262524492664
THA,2000,9.093506445472453,0.7213011846937538,50.07447766511505,4.0,3.0,2.0,2.0,5.0,6947.189844441175,35.97650729541015,374268.668345262,3686.9451924575906,22.266176214697968
THA,2001,8.468068665199844,0.8402392337056106,47.19863953601646,6.0,0.0,4.0,1.0,5.0,184383.89634646245,38.1152603290341,383606.4720515496,3980.382388349557,24.44446321788896
THA,2002,9.387030443778196,0.8726326138240587,50.104414516714264,1.0,2.0,1.0,2.0,7.0,12411.827974460035,38.75570541374841,363479.8300536293,4153.753857600751,24.177881458350406
THA,2003,7.817199121721509,0.908720071668988,51.15680903458497,5.0,3.0,2.0,3.0,8.0,974555.187297314,41.06545935542786,401760.7595351316,4278.638122777479,24.408993052488988
THA,2004,9.617649427480549,0.7479537500141246,48.5403444210689,2.0,3.0,4.0,4.0,6.0,527305.9312022863,37.88384935192187,388640.95232485246,4131.265668688973,24.48963015954183
THA,2005,8.964584361090695,0.9886476851924403,45.745007438042464,7.0,1.0,3.0,0.0,5.0,1695791.3024685762,40.20449796061119,388502.2524976041,4137.047111512157,23.818160759797863
THA,2006,10.76165827605455,0.8856534991802207,52.50280864335581,6.0,2.0,3.0,1.0,9.0,1101336.795662335,44.228221716288466,386668.3478312514,4247.660880878962,24.06913233999148
THA,2007,10.670658679378944,0.9242293411910432,52.45745761363544,4.0,2.0,2.0,2.0,6.0,464820.9918323664,39.478629346693765,443738.6597593108,4260.272361159254,26.063104353607677
THA,2008,10.637048568274889,1.1840688363400358,54.29701182391344,5.0,2.0,2.0,4.0,5.0,356501.0816489283,43.171772715655244,461487.3911853143,4208.931493792542,24.048472557927496
THA,2009,11.378331125442168,1.0159763114768843,52.92825760089301,7.0,1.0,2.0,0.0,9.0,1113552.786444048,41.38601433099983,431549.87593265896,4633.639938698534,26.304283785833494
THA,2010,10.083539397271364,0.9783695267288377,52.963784651892325,4.0,1.0,4.0,3.0,3.0,186067.00455704724,46.690575353893486,465086.47173280286,4394.4248478604395,26.812550969800856
THA,2011,11.750120395051898,0.8490215362665468,59.5663414676736,5.0,1.0,3.0,3.0,13.0,134712.9830379033,45.86308487867618,483646.2489802924,4248.874371656591,24.97035563645803
THA,2012,11.38887952457334,1.1515803481242124,51.3315903902388,6.0,4.0,3.0,2.0,9.0,284941.0095551633,42.20889726695771,453500.61115490255,4536.007429721759,27.12832658720547
THA,2013,10.81606665817826,0.946586488711542,57.27872814516779,5.0,4.0,4.0,3.0,6.0,29929.156295758028,43.554016992926876,452598.26696669654,4740.138112600195,27.457332025917076
THA,2014,11.696495574950086,0.9866485733297639,54.40486052984541,3.0,1.0,4.0,5.0,5.0,199520.1754246582,46.288536556536265,470214.0809436861,4266.942658248369,30.58134301249419
THA,2015,10.49151216011901,1.0521187280389825,55.367644454586774,2.0,0.0,2.0,6.0,7.0,49156.86760848467,41.39559168641784,441244.8872685792,4580.281589844339,27.889159083867078
THA,2016,10.730812523173102,1.2026914707866687,55.75032190139775,5.0,3.0,4.0,5.0,7.0,30835.980184730237,44.413474814083024,479144.71188155684,4486.553348609292,29.28939310006265
THA,2017,10.925867314481712,1.1611018292420665,54.842746511722034,3.0,3.0,1.0,2.0,7.0,462860.18965874345,45.31226155625162,472346.12840529205,5216.957905596725,28.861888483910562
THA,2018,11.036609795026202,1.0956543177745892,58.561851730647156,11.0,2.0,5.0,3.0,10.0,720466.9512247924,50.31129843828728,438793.166506668,4752.139981062353,28.75607208182903
THA,2019,10.792713380011051,1.1412176641656373,60.868930835954004,5.0,2.0,4.0,6.0,5.0,455825.3541483446,46.35558563658646,441665.33615016413,5119.644022025423,29.70167858310451
THA,2020,12.157875222037795,1.076087747486205,58.803740494238326,4.0,3.0,3.0,2.0,5.0,43915.03238977356,49.34943848765733,451751.1954882622,4834.46655386593,26.651483853234257
THA,2021,11.355425287964856,1.14220068725949,58.103092243475935,7.0,4.0,9.0,3.0,3.0,305254.26865526097,46.99606111767556,491280.0171290713,4875.7564588729365,28.66893165746982
THA,2022,11.752284544642416,1.1432017831074284,55.57561261241367,6.0,1.0,4.0,1.0,6.0,72326.10121161623,49.912762424519016,472039.5200496374,4801.4883739065235,29.29724571037709
THA,2023,11.262979287676817,1.2205876888182905,59.51350370092932,5.0,2.0,0.0,4.0,9.0,653627.4798952786,44.90681834373666,481625.4076031265,4780.40749099183,27.656491115167583
THA,2024,10.581755258152421,1.2257015062775953,63.776100844400716,5.0,2.0,5.0,1.0,5.0,1103154.406654659,46.91933935344981,517974.22581329325,4830.851450263942,29.03032896784258
THA,2025,11.81819232743447,1.1926186213742818,57.58265190294445,7.0,2.0,4.0,3.0,9.0,79111.75074972978,48.43498468749899,496421.4429246816,4707.746919594637,29.31094201135981
TUR,1960,1.4126674192087991,-0.22368631415910145,12.784393784040653,1.0,1.0,0.0,0.0,0.0,361140.69933096634,6.479417662795353,-41581.99288069496,333.3310051575955,1.4479021467662205
TUR,1961,0.4425381505817758,-0.24088472757979998,12.638982814745352,0.0,0.0,1.0,0.0,0.0,19682.774152716927,5.186717412067352,28411.77299965968,286.73976874249854,0.8769716689723221
TUR,1962,2.098451153910121,-0.38032854676469496,16.959237906700572,0.0,0.0,0.0,0.0,0.0,122016.86158510957,7.618379645795476,-16151.086550266009,792.2431726906387,2.380960607436987
TUR,1963,0.565044993669714,-0.38986542641022526,9.570280685213756,0.0,1.0,0.0,0.0,0.0,28191.06415357089,6.411110713128051,40355.57086334867,659.1844986677417,3.976231272434334
TUR,1964,1.4691072264609324,-0.26134891013973804,10.24292323203541,0.0,0.0,1.0,0.0,0.0,109488.81474659561,5.923813053174052,84118.68771814258,701.4346445282459,3.695705651452393
TUR,1965,0.93866045648317,-0.34617283494065604,9.753292823645097,0.0,0.0,0.0,0.0,0.0,301179.6137274296,10.56370435383936,47117.291551123635,820.4137382867387,5.0146486621194715
TUR,1966,1.4196064603891365,-0.2587249142370676,15.090255290896256,1.0,0.0,0.0,0.0,0.0,379787.4361025956,6.892659682920167,31611.78718725911,332.3159561676961,2.3342812953008076
TUR,1967,1.7369524375953471,-0.2928294696407836,14.97238086853062,2.0,1.0,0.0,0.0,0.0,363472.6448916655,12.260745987568985,20376.774110244893,831.9713920721385,3.7455740415660377
TUR,1968,1.831911023760286,-0.38289189056575446,18.844365374183695,1.0,0.0,0.0,0.0,1.0,166479.01730305463,7.880805035480672,36387.29510620177,811.238028528294,4.692291696756351
TUR,1969,1.9972178774348377,-0.4038825276169761,16.063528752622574,0.0,1.0,1.0,0.0,0.0,218590.32735311604,6.527692690052872,54518.605657755106,921.3006663835471,3.6981330437676676
TUR,1970,2.798717582963074,-0.19114058488504415,14.94975320240762,1.0,0.0,0.0,1.0,0.0,180447.86353402172,11.545505088224077,87251.51803832526,635.8802167654236,5.530848067230492
TUR,1971,2.2570296785450137,-0.23675106072565347,16.509910900345158,0.0,0.0,1.0,0.0,1.0,191531.8938645901,9.849636692223061,69423.3242283549,930.4645806383874,5.249313232874808
TUR,1972,1.9908971810634861,-0.21728548151235016,17.386821791176782,0.0,0.0,0.0,0.0,2.0,519392.66070058534,7.826456376294335,64505.32342171087,853.0454532975166,6.653402292375697
TUR,1973,2.8307006702264546,-0.09718646873884165,13.543860070856319,0.0,0.0,0.0,1.0,0.0,58113.58671733084,12.524037234852525,94871.10825741221,1271.2599795867502,6.7293065692056215
TUR,1974,3.1157341020915372,-0.03735403408368358,25.17490985414101,0.0,0.0,0.0,0.0,1.0,147292.3694332912,9.620876756254173,121650.21472084356,1069.1237049847546,4.108669868364462
TUR,1975,1.892019030069327,-0.12992273961877457,20.420953735572596,0.0,0.0,0.0,2.0,1.0,247214.54815723762,8.733481723622997,99853.11696399143,1016.3883809698227,9.169497879848109
TUR,1976,3.1183903217399784,-0.1107421182465197,20.41582634212738,1.0,0.0,1.0,1.0,0.0,391410.7360568732,15.425057030570851,104481.39949761165,996.8884150432548,4.497627560605079
TUR,1977,3.3660720218393427,-0.017324530218983065,22.24616080856852,1.0,2.0,2.0,1.0,2.0,398218.4289738648,17.98766441794667,66452.51099662707,1511.6950642441727,5.823967804615964
TUR,1978,2.9908659753293017,-0.13819449917439425,23.347288276515634,3.0,0.0,0.0,0.0,4.0,35542.74359565597,14.528301694782712,82529.50641311388,1618.5147510549532,8.376381699356422
TUR,1979,4.163040203310328,0.017436075427627498,22.13561100648804,0.0,0.0,0.0,1.0,2.0,73392.06296263247,18.96448189215196,88449.27403391364,1925.7776821530574,9.40706595890351
TUR,1980,3.506544383211241,0.0744571519377645,21.868968227898,2.0,0.0,0.0,0.0,1.0,727487.5661746371,18.90695997378209,130429.27947256876,1488.3400606553873,9.135168781229442
TUR,1981,3.896287180558591,0.11689921247340396,25.951151584554058,0.0,0.0,0.0,0.0,1.0,136043.68387222165,19.50855568870433,124433.20290583317,1420.4944044372396,9.334620579252011
TUR,1982,3.9657771680692315,-0.05889938600437711,26.465553044948006,0.0,0.0,1.0,1.0,2.0,855.6432597046106,18.56931427852897,143326.37647520812,1727.5225980220673,10.565607523439336
TUR,1983,4.324798572425434,0.06999114294621894,24.565886143868173,0.0,0.0,1.0,1.0,2.0,71881.99887693599,18.59025130749477,145454.78745211073,1695.5458669373336,12.028816485412408
TUR,1984,3.944594303438611,0.09668884981284993,31.264773717128385,0.0,1.0,2.0,1.0,2.0,1152273.5980851375,21.719740700499084,158901.0237593377,1817.5743886521796,10.316491683653378
TUR,1985,4.013688433686953,0.2120560264297697,29.610413530714727,5.0,1.0,0.0,0.0,3.0,125111.03099095616,23.44736387932486,143132.25331435289,2185.9303369989625,11.011128934005221
TUR,1986,6.031932320061161,0.28055931020151553,31.890165400046477,4.0,1.0,3.0,0.0,3.0,328156.6418967824,20.222645377154016,206743.68518065856,2442.7991826008088,12.024976060958723
TUR,1987,4.906908281382884,0.40062880569702414,34.75767637861685,4.0,1.0,1.0,2.0,2.0,457193.16569639655,23.420431215969625,230822.0279112999,2397.2198550790563,15.763726248901577
TUR,1988,5.106858429969129,0.28066836587058963,32.56302218728819,0.0,0.0,1.0,1.0,3.0,374438.21502849774,24.831468518900603,227372.21612664178,2442.3878767172205,15.126753298711304
TUR,1989,4.724540028670054,0.32022750016895896,34.54342064351329,1.0,0.0,0.0,1.0,2.0,174238.3577977401,25.74100235557813,247139.15102509718,2725.4207647664516,16.101915461642484
TUR,1990,5.882596995078536,0.4919737615102998,37.025068096265294,2.0,1.0,1.0,1.0,4.0,211067.7960124256,25.981010078849124,262103.73309859526,2596.5432973628976,18.227443875324614
TUR,1991,5.776484024798498,0.4636928550487284,34.43680666444687,2.0,1.0,1.0,2.0,1.0,696176.1190947973,25.625644992264288,273573.0519883104,3108.1338481462412,17.80178655210564
TUR,1992,7.767249686171909,0.5811465165950027,37.6268290227389,1.0,3.0,1.0,1.0,0.0,423943.6342336911,29.057940896795444,296487.6094185057,3589.0079724213183,17.61436261772599
TUR,1993,7.686733769706094,0.5422062671394413,39.03599730721082,1.0,2.0,0.0,1.0,2.0,9426.412963476932,30.22503871774569,317355.008040137,2851.9185556032608,20.266026978948567
TUR,1994,6.989221642816007,0.4653309266828615,37.54423662641411,2.0,3.0,1.0,1.0,5.0,92127.3344913526,30.87723289842112,339124.61386004614,3398.003284762858,17.402917318524946
TUR,1995,8.953432896894306,0.4892846615407428,46.91705853177743,0.0,3.0,2.0,2.0,4.0,139131.9947786117,34.47166758824867,263559.50337679416,3510.097478053818,19.057420361922638
TUR,1996,8.489562676616814,0.5089291100365583,38.76458170255876,4.0,1.0,1.0,3.0,2.0,191056.75391200173,30.975137879428072,334838.42076793005,3458.464912007948,21.697137780251666
TUR,1997,7.9973813344164535,0.7220645822497437,40.16412884919041,1.0,3.0,1.0,1.0,2.0,367706.38150550233,35.69933447074871,304234.4390083778,3742.7870484791924,17.637711992514987
TUR,1998,6.9975482469152395,0.7990469156511406,47.784290495639574,9.0,2.0,4.0,1.0,7.0,198582.72264191366,32.01295853087604,380380.8305955552,3626.2600280858987,20.20381124471934
TUR,1999,9.993211259427222,0.8854681755109166,47.33064075824155,2.0,1.0,2.0,3.0,6.0,771294.0499574761,36.843673616781125,357411.9494612672,3793.9412678286803,23.012004663774835
TUR,2000,8.108169485855989,0.837142152393867,43.9880168877983,5.0,2.0,3.0,3.0,4.0,288963.6872973868,32.82253305106762,372692.71254489315,3755.234920416219,22.618871375554793
TUR,2001,8.18188693484364,0.8934432551549872,49.03122781751012,4.0,1.0,3.0,0.0,4.0,319112.76314709825,36.75952527614312,378304.4036525656,3859.210691272017,23.72662911769783
TUR,2002,9.926013008644246,0.7832383469861334,52.095865287444155,5.0,0.0,1.0,0.0,3.0,259260.2846382406,39.534232201183585,389742.7618639247,4061.551505353679,20.83570729545854
TUR,2003,10.939959938634507,0.7648227075285854,49.21609150813546,3.0,3.0,0.0,1.0,5.0,175647.04606327385,37.15629774439878,434233.16449277336,4092.433858808796,22.826014982240416
TUR,2004,10.521071589067239,0.9515005682871351,56.60625167811554,4.0,2.0,6.0,7.0,5.0,619323.6505345736,37.90656886282444,432218.7912987559,3824.224129977771,25.37001237938586
TUR,2005,10.226354220257008,0.9415336220889821,46.568569282512094,5.0,2.0,2.0,3.0,6.0,127138.72047038675,44.000113964394345,449001.12328433205,4262.239875984863,23.62933415258103
TUR,2006,10.410195175497671,0.9398249661615506,53.33547789134398,5.0,5.0,2.0,3.0,3.0,578921.5941922166,38.850780357713106,411319.5060621366,4152.7830046700865,26.45130306425644
TUR,2007,10.714363397838026,0.9838452943169838,55.19305758637577,2.0,4.0,1.0,4.0,7.0,379084.77695016697,42.78168462247741,369909.8072740092,4143.353314816318,26.077413527172183
TUR,2008,10.805096692771782,0.9988931347558763,55.135806508988736,6.0,5.0,3.0,4.0,4.0,55017.97783016083,46.937794453532405,447861.3255985687,4561.23465697293,24.387329245556035
TUR,2009,10.665437613607915,1.0945317898074882,52.98368696523599,3.0,4.0,5.0,4.0,3.0,9382.59448646448,44.46556804160835,407219.7691147098,4169.030538093888,26.840665289191598
TUR,2010,10.689082031517975,1.1128741715499684,53.31375019386624,5.0,1.0,4.0,3.0,5.0,97471.22037985412,44.700991238927664,431484.6412776647,4376.034993660637,27.71084929975373
TUR,2011,10.709395507708226,1.068982714274247,55.655521867937495,4.0,4.0,1.0,3.0,6.0,762209.3807234896,43.48516330842361,444010.5969348401,4236.721498178141,27.45138718637716
TUR,2012,10.41933973652528,1.1080634472135382,57.05186176064592,6.0,1.0,3.0,2.0,6.0,262158.58164216235,43.91343983851386,450275.07262462674,4436.669220694634,27.958840833063746
TUR,2013,10.79069777913076,1.0953282665702124,56.9500355399631,6.0,4.0,4.0,2.0,9.0,894682.1435930356,45.52197360693895,470591.7939049791,5134.041206625852,25.028336901348336
TUR,2014,10.070063822157547,1.0300301070469546,58.44150990228736,4.0,1.0,3.0,2.0,11.0,386816.1821020156,41.76498600531386,435458.03366675833,4429.352504403825,30.82822969961766
TUR,2015,11.071085644348718,1.1391520859590618,53.65991610627099,3.0,2.0,2.0,1.0,7.0,18728.32475845894,48.8650070004251,477778.654462177,4607.905163178013,31.82511249801743
TUR,2016,10.636468279439736,0.9778189219419043,55.97365153502358,4.0,2.0,4.0,1.0,5.0,1066721.7565196545,47.355804134912425,460752.6422316538,5002.17569724467,30.06432519030301
TUR,2017,10.64124254794547,1.1835539544924765,54.501292366840794,5.0,4.0,1.0,8.0,13.0,1589855.693688559,43.2336739083405,533499.4986179186,4807.075255366992,28.398516378288267
TUR,2018,11.44421111407626,1.0127194833805273,56.168509264841205,7.0,2.0,2.0,3.0,8.0,45111.38067888452,49.728966740355325,431720.51911346294,4698.013455975532,27.828023999939777
TUR,2019,12.200635339246341,1.1394185620181103,59.93037407561488,10.0,3.0,8.0,3.0,4.0,138429.77318533103,49.18138755653002,477156.30433258944,4592.045895516556,28.002360256057095
TUR,2020,11.982634506909314,1.0565062862418007,57.898666142934744,8.0,1.0,1.0,5.0,7.0,754324.8325153866,48.85378571789951,491675.00698870036,4935.385967484445,29.769555103916602
TUR,2021,10.601228721094182,1.1752995107402162,64.36178516082012,8.0,5.0,1.0,1.0,8.0,3565684.1863993537,53.09176531945428,468229.8954334771,4721.279429753381,30.289611171324225
TUR,2022,10.980558009309265,1.1346208254509447,58.52522977813608,5.0,2.0,5.0,2.0,6.0,1285304.5537446658,48.454298981936894,466139.64981381013,5326.972253053177,27.993893071227923
TUR,2023,12.131874756457908,1.0155056205107156,58.370670237817535,4.0,1.0,4.0,3.0,8.0,64859.61656040181,51.84215921846013,515297.50548745,4766.405961045481,28.973885511722216
TUR,2024,11.063671904683291,1.1819832269639576,58.65068406367801,10.0,3.0,5.0,4.0,8.0,588765.9597754026,48.60410474762563,504866.63787612197,5245.360296014873,30.85544090618813
TUR,2025,11.533745285111113,1.1068667686512133,56.93986673028235,8.0,3.0,3.0,4.0,11.0,697573.5351586847,49.69890833235775,465443.55978957744,5068.466346951676,29.03569397725198
USA,1960,1.3310081795234767,-0.29703437281302003,9.147592190854121,0.0,0.0,0.0,0.0,0.0,44113.83059353078,8.83744059549731,5481.556589357657,412.66173905552677,4.547951944723673
USA,1961,1.0202640022283727,-0.39158834519744357,12.753801855685012,1.0,0.0,0.0,1.0,0.0,211900.82987472304,9.415920178096961,-13121.344188517,661.1624333057711,2.7441987322163497
USA,1962,1.531648932244889,-0.2909513205294405,15.147759601294538,0.0,0.0,0.0,0.0,1.0,35446.36874719365,4.602878014538037,39086.966047211725,614.7972371586875,2.8489390661532754
USA,1963,2.099935762090074,-0.38130284500002787,14.202960135357566,0.0,0.0,0.0,0.0,0.0,129529.51642972059,9.767710166175142,63391.381768619365,789.1212297172206,4.3388755217412145
USA,1964,1.16045364348257,-0.2013128155768367,13.307785237186861,0.0,0.0,0.0,0.0,1.0,217679.91717355282,7.715871217629392,30799.32278176634,974.4779365047112,2.562359507056592
USA,1965,1.237740319998522,-0.19371723477615965,9.538744355343638,0.0,0.0,0.0,2.0,0.0,149172.00243978552,6.5433516190774785,-2565.989749513661,726.7177626820007,4.243264337759582
USA,1966,2.3645333785968576,-0.2243631897039688,12.134322735277909,0.0,0.0,1.0,0.0,0.0,3020.5284593869087,8.034943187363698,47649.993130116505,830.2800936409037,3.587963895409088
USA,1967,1.9891890209337684,-0.2252703774764688,15.025648895849113,0.0,0.0,0.0,0.0,0.0,91433.3292430029,11.099160959848467,18776.65553510909,1305.5087737212486,3.611414676260554
USA,1968,1.3771828529637815,-0.09950416741911386,13.019589281016767,0.0,0.0,0.0,0.0,0.0,122374.21368714621,10.858537015215443,25610.415149763314,902.9362873837965,4.443074658057563
USA,1969,2.0665854688114784,-0.22547017989596127,15.963239709777568,1.0,0.0,0.0,1.0,1.0,91283.86117052288,10.578313499435335,79384.76587545642,697.6817626849215,6.110940703819878
USA,1970,1.6043684298871859,-0.30382525479827605,17.66450462314373,1.0,0.0,1.0,0.0,0.0,177803.8319700156,11.215723118910732,90427.70196227665,844.1975490282919,5.585140494884677
USA,1971,1.7284528468715776,-0.15586852799261888,18.911680932650146,2.0,0.0,0.0,0.0,1.0,167355.07472212808,8.287827876345133,58706.278944664824,520.0406261556418,6.053411919953844
USA,1972,2.270415552506079,-0.006154532196250451,14.027104850492679,1.0,0.0,0.0,0.0,0.0,49818.74994648373,12.613668212425754,90024.82725313312,1094.8841631020416,7.034352064140389
USA,1973,1.1762144077824153,-0.23403633532121268,23.214878391624122,0.0,1.0,0.0,0.0,1.0,345069.90411108674,10.922139297870489,51275.4422107452,896.8519544088708,7.198196294865235
USA,1974,1.4399608172648748,-0.16014643754979807,20.317779104689105,1.0,1.0,0.0,0.0,1.0,44813.62902314425,17.106959023338852,98023.49146617956,880.1816040294298,6.453462169320552
USA,1975,2.2745781944595382,-0.07480347886171362,19.116990806145157,2.0,0.0,0.0,1.0,1.0,161246.39777791678,12.35407102640326,82452.67379552237,954.1053682747756,7.887044551520668
USA,1976,2.1925073873840164,-0.0878066096141899,22.614647029762512,0.0,0.0,2.0,0.0,1.0,381193.1139652348,18.910628404626372,66637.26397617598,1498.4478862254382,7.303035603766141
USA,1977,3.1435899112528585,-0.13592025929827894,26.621770277872002,1.0,0.0,0.0,0.0,1.0,331581.5532339022,14.27473322969391,85235.20591006632,1245.747136892708,8.610140755704675
USA,1978,2.639851146336601,0.06010897490000951,17.976960572406945,0.0,0.0,0.0,0.0,1.0,161298.93505749325,15.202858992721357,126737.03924231816,1567.5495464020896,9.939571991617047
USA,1979,2.559934157388354,0.18518708880919252,21.923838114015737,1.0,0.0,1.0,0.0,3.0,454989.6028458925,15.576094793148416,88679.17821019897,1564.4264808336181,9.721610478272543
USA,1980,4.435574387884838,0.04599679091390475,17.500991918816432,0.0,0.0,2.0,0.0,2.0,375275.19243664364,14.271600953514406,128174.03755561556,1611.1070392937843,7.785388027946489
USA,1981,3.694259347032696,-0.009844667378886438,24.93415370036986,4.0,0.0,0.0,2.0,1.0,149253.94708151623,20.99155283382253,171892.80454218553,1568.476236135045,9.39791670528409
USA,1982,4.104122184728013,-0.027876011808457918,26.414761548432228,0.0,2.0,1.0,3.0,1.0,711489.3193365583,19.169614844921828,143406.73183859355,1873.6190866167324,11.587307558943678
USA,1983,3.496610412993352,0.15153764302862868,26.492706102984794,0.0,0.0,0.0,1.0,2.0,49376.040962542,21.34250433447031,128119.77561992509,1759.4306503556213,8.27362854765448
USA,1984,4.261932411801372,0.2552600975040279,26.080850761214453,5.0,0.0,0.0,0.0,3.0,146493.0144218961,24.579418386673087,170906.39615177683,2002.183122543822,12.374642525339025
USA,1985,4.905498180261845,0.24207848979666322,23.753247149436454,1.0,0.0,1.0,0.0,1.0,403885.65344815084,21.694285695591663,206300.23016410088,2334.4078828287697,12.945435368628944
USA,1986,4.453270601688978,0.24190743654656852,30.999451202906823,0.0,2.0,3.0,0.0,3.0,711869.7764283548,22.85036946992485,168877.906837102,2495.6662450401177,17.055032281159384
USA,1987,5.609937417214684,0.23375024095820113,34.91646036920537,3.0,0.0,1.0,0.0,3.0,137285.85387051286,24.476133775373096,242970.40850225408,2197.65155276055,14.520800941250192
USA,1988,5.331541784203192,0.2328925136825883,31.030753995042527,1.0,1.0,2.0,0.0,3.0,296570.94529021956,22.371010932516636,244677.97344767614,2503.2436150047615,14.452760195916916
USA,1989,5.795015437861056,0.42681340613968666,34.85119044861086,3.0,0.0,2.0,3.0,4.0,4377.071213268404,22.261074811433154,246770.80043055405,2669.902039468301,16.92972580497613
USA,1990,5.904018697968096,0.4731017297108469,31.079639216449873,5.0,2.0,1.0,2.0,0.0,173765.29734917462,24.116696191199548,264904.47425812227,2705.796412501713,15.517840657757489
USA,1991,7.602320612100449,0.31630831703104534,37.39199203317829,1.0,1.0,1.0,2.0,2.0,153716.83315518624,31.416895122047276,266137.5115414515,2946.839551935107,16.758593543626525
USA,1992,6.815330064869185,0.6069215139544195,36.50824412126226,2.0,1.0,3.0,5.0,3.0,720776.5954717499,29.00910643574821,283707.27311643376,3066.26329742777,17.51974119708854
USA,1993,6.497905159184437,0.5650337245701745,36.81608096407566,1.0,2.0,2.0,4.0,1.0,30550.209311489692,32.61476343816196,289429.7330524376,3431.7259420284367,18.924699187208372
USA,1994,7.857871415752532,0.6698678277915867,38.03347390258227,5.0,2.0,3.0,1.0,2.0,25971.63043011238,31.359253400855053,321774.0575987278,3620.5559810725067,17.470654527654382
USA,1995,6.95629721008799,0.48856471004415813,40.13893760501021,3.0,3.0,2.0,2.0,3.0,241170.28719266714,29.46093619602393,343864.5107279877,3186.824160278909,20.595769958718467
USA,1996,8.045144088724381,0.5237841575280375,43.238898600521104,2.0,0.0,1.0,2.0,4.0,219751.17724066402,36.00317021741626,302702.809043029,3724.7549564148085,19.342342775152225
USA,1997,7.05734905870304,0.6571828906876821,40.128980605419514,1.0,1.0,1.0,3.0,6.0,75330.70429498193,33.068248502894065,316914.9858927139,3543.669792372377,23.59246914009058
USA,1998,7.670999554850947,0.7441819239557955,43.505935727460994,5.0,1.0,3.0,3.0,5.0,132951.01515750182,37.353562008044655,335534.93763207766,3501.1701842359744,19.20092896949869
USA,1999,8.78911449081229,0.8812280700341633,45.44379568625233,6.0,1.0,3.0,2.0,2.0,1618296.4475900424,39.070610898496604,340574.7826433338,3784.128757119107,20.846282961085418
USA,2000,9.331791937742418,0.8261800389132183,43.8053308701706,4.0,3.0,4.0,1.0,5.0,323939.74574677047,37.79794645851841,394086.9545951022,3681.2195843539666,19.62863526027129
USA,2001,9.226527976028086,0.7810016668072257,52.00466828394343,3.0,0.0,3.0,2.0,6.0,42069.04777388952,39.828394820317996,337964.4291382478,3816.1928564443597,27.15807481835969
USA,2002,9.271537247865464,0.7475301169851568,46.29250047479753,1.0,0.0,3.0,6.0,7.0,23727.474628416512,36.38160915982282,398034.35991560976,3654.3799445489294,21.801021806683604
USA,2003,9.363967680025583,0.955736018685626,47.6181568680442,6.0,1.0,3.0,1.0,2.0,20243.15163369411,46.94387849665719,427729.82590699516,4012.3242067609954,25.067450468150835
USA,2004,8.87496457396242,0.8063177876336736,47.663424553372835,4.0,3.0,1.0,3.0,7.0,236490.95214054192,42.08856297758736,386850.25193724403,4289.443531736254,25.478998640933092
USA,2005,9.488196056399945,1.0383966462916159,55.37492402752748,1.0,5.0,2.0,3.0,3.0,978443.7599442737,43.54861032290384,445697.6306460103,4311.931539929321,23.62368231891871
USA,2006,9.803344135738254,0.9084786442457585,52.98318232819493,2.0,3.0,4.0,4.0,5.0,885684.7643241889,44.54289258855879,445052.66174509627,4295.954534109475,26.37876321159703
USA,2007,10.831494731615226,1.0801021416757726,49.93525673021416,7.0,2.0,2.0,4.0,6.0,230489.78964619245,42.73591687791375,414208.34431490704,4682.148838731545,24.17838670135123
USA,2008,10.566293270146257,1.027352799363962,55.67302565212554,5.0,1.0,5.0,3.0,13.0,759439.1169230219,43.79162346350163,449645.2221528529,4834.815964719316,24.889195779366577
USA,2009,9.490004455491952,0.9808668018638067,53.9963230175723,7.0,5.0,0.0,2.0,3.0,722082.6942630592,46.586277680754684,414451.77107676066,4505.583696477037,24.17030215294968
USA,2010,10.815514679147652,0.9677236150185217,54.68298745167287,6.0,1.0,3.0,5.0,7.0,346344.3859995145,43.80847932250662,413029.43097688054,4815.209423608443,27.599840442925814
USA,2011,10.52396424501107,0.9981724558993328,53.68396591833822,5.0,1.0,2.0,2.0,6.0,275923.0025456293,45.970697308494195,433989.1612886175,4569.3020249643905,24.202888423686836
USA,2012,10.463639224947693,1.074664552798523,53.13893557662331,4.0,4.0,5.0,1.0,10.0,107524.91483423255,46.56373401845637,483914.7380866612,4551.850617723063,27.757827541541097
USA,2013,11.303799814412653,1.0603757820736477,56.2882671968937,3.0,5.0,6.0,3.0,8.0,178922.21174578764,44.24681657162742,443094.90364791837,4797.521352351916,27.275510424460226
USA,2014,11.636338715755064,1.0194187729642277,54.47864710031491,2.0,3.0,4.0,1.0,12.0,229515.13453996874,47.25576490889092,459536.63143680687,4592.52071795333,30.111399888992675
USA,2015,11.663116998247514,1.0653763991406,60.74898007287559,9.0,5.0,0.0,2.0,7.0,942265.6430173409,42.774155821129234,437087.58565654047,4088.9501349432,27.92162730428357
USA,2016,10.722358090198496,1.0956646898281772,53.3698512197249,4.0,3.0,5.0,2.0,11.0,458902.1420060229,48.95418651594389,487122.9012825218,4614.245273466511,29.25127884623818
USA,2017,11.098009289230092,0.9289439027556209,60.69172412928754,8.0,5.0,2.0,4.0,8.0,129525.95262757009,50.698409160789886,489321.22081239964,4350.2019111254485,28.9526166603659
USA,2018,11.53124845022006,1.144934767744906,56.85549408306206,4.0,3.0,4.0,2.0,11.0,58930.115881137375,49.45831840749721,453822.9643675322,4639.420656018716,28.250450821567142
USA,2019,11.961172472693553,1.0381766010971871,58.140036181131876,2.0,5.0,4.0,2.0,3.0,406749.47089332814,51.02200084792294,416164.92576709756,4626.757957750323,30.100590908950817
USA,2020,11.179077271696942,1.0318520106594338,59.71160075769526,6.0,1.0,2.0,2.0,5.0,658537.5864886642,46.15088774701839,467309.3813663171,4650.3829825395105,29.203934402627553
USA,2021,11.397512656595815,0.9960408443254052,56.26901401543461,9.0,3.0,4.0,4.0,5.0,1037983.8746364096,47.55397985335819,489530.6543058934,4550.273096642359,30.05116862561739
USA,2022,10.913451577783743,0.993823443695746,60.20233482190838,5.0,3.0,3.0,1.0,9.0,981601.8671153238,48.51975567330401,480127.0844097051,4534.189476730287,27.604481366405082
USA,2023,10.903112514518298,1.034650296914799,51.45258089791525,8.0,4.0,7.0,1.0,9.0,1082002.3839346054,48.68912512045183,484257.9702391942,4680.772551803003,29.743595655644594
USA,2024,12.095804503844484,1.09160557987204,56.58525293202262,4.0,7.0,5.0,1.0,10.0,374176.3605058307,47.56278620499651,492605.2799780461,4761.027262609862,30.21818266738519
USA,2025,12.442747362787626,1.3093611617999557,56.22423144407952,10.0,2.0,1.0,2.0,8.0,1279693.8029790528,46.62636242286491,472624.8448280963,4792.177892819228,27.65465224564977
VEN,1960,0.30234649185628726,-0.3224852295388597,13.3795426692954,0.0,0.0,0.0,0.0,0.0,9635.729285773308,9.185036178375352,6876.052529200642,751.4084115397876,3.3456992392198854
VEN,1961,1.4963479634177907,-0.43380820766189926,8.043533164759367,0.0,0.0,0.0,0.0,1.0,137499.26730911434,7.696615438466926,81397.61683160748,-129.391488460152,5.24821315541627
VEN,1962,0.8700175297699684,-0.44980534286096197,12.11239305552007,0.0,0.0,0.0,0.0,0.0,130292.40157719736,5.947569843477417,13062.117890121179,592.8506471424695,2.091200064781289
VEN,1963,1.375698743470819,-0.2699029176774251,9.437570132366258,0.0,0.0,1.0,0.0,0.0,144687.2492771569,7.979183784114461,19119.516882245545,657.3314822083137,3.40235413842099
VEN,1964,1.4642707081312472,-0.32008850675710776,16.652623385816057,1.0,1.0,0.0,0.0,1.0,113635.61408921905,7.2600019646984615,52232.45705209573,696.5398923462366,3.5239008547226573
VEN,1965,1.2375845850624156,-0.2624444793563128,13.64078520105486,0.0,0.0,0.0,0.0,1.0,28701.937627789783,14.046472246527074,32278.404806907187,401.8373917964455,4.825561300841515
VEN,1966,1.0058207519679292,-0.26835528377039225,13.675282450497061,0.0,0.0,0.0,0.0,1.0,4121.646060825443,8.182968520338067,53566.64564067354,521.082654771434,5.4523655448110695
VEN,1967,1.1508529465889965,-0.33231526626933394,16.798141380825896,0.0,0.0,0.0,0.0,0.0,9623.931502991692,10.76597405564422,53652.87773772592,483.09999722514397,6.161533263333062
VEN,1968,1.1203202734746647,-0.24401956156565072,16.043336449608944,0.0,0.0,0.0,1.0,1.0,602130.6595212392,10.466853912068254,47154.21798375791,883.2928832780382,4.908729595259183
VEN,1969,1.2763156740170432,-0.3240931904882077,12.633254773832629,0.0,0.0,0.0,0.0,0.0,165077.1970379357,9.570401404579126,85612.53634492563,1025.2590750974844,3.5976552667973034
VEN,1970,1.8322060864759724,-0.09799753612449986,15.782882694787455,1.0,0.0,0.0,0.0,0.0,114831.14048260593,11.354719580607648,28664.050366325268,473.9435881866636,4.841242470102883
VEN,1971,1.584685461435793,-0.3003040686080006,15.66750628508393,0.0,0.0,1.0,0.0,0.0,123002.63578170091,11.328484439542228,68855.68013264895,959.7255133590503,4.162158296682415
VEN,1972,2.5234671841403657,-0.1887011178367061,12.731221023509253,1.0,0.0,1.0,0.0,1.0,253467.4325277917,16.978535683863253,57306.79273095451,763.5159577496623,5.016870900854155
VEN,1973,3.1315170877788074,-0.23623730291012437,15.997572671083724,1.0,1.0,0.0,1.0,1.0,116985.2356201713,11.73248128651158,119045.41272115544,1436.666732556629,7.3175450749420055
VEN,1974,2.098257957172094,-0.08559572234541554,17.940229938262615,2.0,0.0,1.0,0.0,0.0,405931.4774416956,6.693872731581175,80470.19137019839,1221.7286028580027,4.694406440730423
VEN,1975,2.7355511115809397,-0.13463367161235007,18.83389886158821,0.0,1.0,0.0,1.0,2.0,79019.83869488089,18.134490354587474,139999.1986160786,1074.6925463183052,6.3340088183878684
VEN,1976,3.0622042200004973,-0.12498755926342758,16.18522701287764,0.0,1.0,1.0,0.0,0.0,123577.46313868431,12.755032223830794,89187.56137370602,1198.034074861226,8.78596350889832
VEN,1977,3.234299000789159,0.010920150736030587,23.58741480549076,1.0,0.0,1.0,0.0,1.0,758496.0283034611,14.831974395638245,110591.47670917686,1611.3838679398295,8.954975809357222
VEN,1978,3.2056392688130475,-0.02728520626422401,21.318503177820524,0.0,0.0,1.0,0.0,2.0,85924.22529003085,14.1928870101666,143654.3478638584,1401.3741638134902,7.35805123627894
VEN,1979,3.7990511762129873,0.04091538672268912,22.58087741189553,1.0,1.0,0.0,1.0,0.0,316919.3559780002,14.890733822721325,101778.82821862196,1053.4510614991027,7.732952667882198
VEN,1980,3.870119493546322,-0.04819980072940504,24.448675164349346,0.0,1.0,2.0,1.0,0.0,136034.71717508856,14.585374747831535,172853.78926382057,1920.5960947633075,11.735958802359626
VEN,1981,3.112424826974258,-0.04990455971420697,22.48233423399062,2.0,1.0,0.0,0.0,1.0,195920.4063720329,13.501678058190432,145887.8174776709,1849.554086006507,10.618118593507964
VEN,1982,4.565058204056289,0.1046174671590308,26.642165876451116,2.0,1.0,0.0,0.0,2.0,14565.951573139526,17.336794933520387,165971.1765706488,1630.8400867762878,9.542667232950825
VEN,1983,4.826032851494467,0.1053918560913557,25.672924776546235,2.0,1.0,1.0,1.0,4.0,59018.29224117102,21.08860904976656,180197.5136117236,2000.6852991525832,11.233225100498483
VEN,1984,4.136062968500668,0.21706468383504282,25.475720837092247,1.0,0.0,3.0,0.0,1.0,35471.07071579681,17.241027381071717,175919.93346150362,1821.2473879363536,13.44269703158941
VEN,1985,4.863531946561044,0.19767239386402868,30.310652173295765,2.0,0.0,2.0,0.0,2.0,628591.7560828283,23.126352990046087,169188.33075062334,1924.041022015808,11.319483279189432
VEN,1986,5.508006079573167,0.2585057709588472,33.79480164138192,3.0,1.0,1.0,1.0,5.0,1125416.6215785358,28.27848681366838,203605.93471102547,2157.69895783347,11.955933862346047
VEN,1987,5.273555610407789,0.15102137070604613,33.08994759313163,0.0,0.0,1.0,0.0,3.0,24814.317449066537,24.795377080891488,163171.16901765883,2441.12080021751,14.22446711459224
VEN,1988,6.293871408371962,0.471340559469176,34.815744047227184,4.0,3.0,0.0,1.0,3.0,28785.22640065891,22.131151008433203,192931.3657431406,2526.3372321803645,12.711471720803747
VEN,1989,7.3219660283983234,0.3468939412311335,32.44946410964725,4.0,2.0,3.0,2.0,1.0,295227.1634737764,27.281591125962745,234539.8228694242,2753.1072189235047,14.358023186876245
VEN,1990,5.798058031234885,0.45580695762713597,31.005950677078857,4.0,1.0,2.0,1.0,3.0,262968.66284640785,29.654625709839458,289106.43501237576,2761.581845524322,15.390966394820559
VEN,1991,5.743160009194389,0.37307936634873384,39.9743031791966,2.0,2.0,2.0,2.0,3.0,402182.73361788434,31.5585805415242,300815.6596911691,3108.9357242324427,12.97970351523107
VEN,1992,6.9977866615663,0.504375187877352,42.6279870891358,6.0,1.0,1.0,1.0,2.0,520596.6679353295,30.164853106165605,299804.84720038733,3289.4503916411495,17.511731785598077
VEN,1993,7.520987383781612,0.41488044581667477,42.57914277500715,5.0,1.0,4.0,1.0,3.0,634263.3211221836,32.2099013548153,249247.31688908685,3070.887167121443,18.94194109307991
VEN,1994,7.252159926332456,0.5940656832406969,39.09491815817323,2.0,1.0,1.0,1.0,5.0,65383.659409882646,33.8539152444366,307249.17476196174,3034.7791007283117,21.49359545665277
VEN,1995,8.493907190230923,0.5674570031721008,38.23638071327063,2.0,1.0,4.0,2.0,1.0,15910.15934714313,34.36577160556568,290135.1045936037,3183.387068098305,20.26426881344259
VEN,1996,7.155349186755779,0.6353853302761181,39.61860856674085,5.0,3.0,0.0,1.0,2.0,923856.103044132,34.77082032435067,321505.604889379,2882.10063600903,18.641853242402842
VEN,1997,8.582587588177088,0.7249383578794737,39.20005718937318,4.0,2.0,3.0,0.0,6.0,271040.3049021921,33.63103473092204,358240.5553562945,3445.3327297346705,20.076662885719045
VEN,1998,8.08633656103118,0.6053559449065575,44.23027751035551,5.0,5.0,3.0,0.0,3.0,1543780.2838710784,38.19629998912882,361711.4283164878,3397.900589638697,23.924938992161024
VEN,1999,9.664561576256741,0.6827598657509824,49.56167002645633,1.0,2.0,3.0,0.0,4.0,336712.64691169985,35.787123227378444,387779.1474963019,3475.8041108284024,22.542020667187597
VEN,2000,10.052869982316725,0.806279668294949,46.19877235181964,9.0,2.0,4.0,2.0,7.0,321032.59101315663,43.75321737731095,330638.138581525,3727.073425188059,23.937024999173374
VEN,2001,8.687163676368428,0.9682738869159282,48.268812530626576,2.0,3.0,0.0,3.0,8.0,446270.81902835943,37.32210414234767,349860.28879613755,3332.9705296198017,22.20455586962617
VEN,2002,9.022039657091268,0.8185930668255096,51.8652315857114,6.0,4.0,2.0,2.0,8.0,86723.92521442653,41.3894236546564,422079.41407850577,3870.029539935477,23.216109730158294
VEN,2003,10.03136534000281,0.9046268623020085,48.28151087254693,3.0,3.0,3.0,0.0,1.0,138482.17892030664,37.4881739431053,431100.1996875418,4041.3725307217,23.906808477927065
VEN,2004,9.50251459479472,0.8749365041050524,55.198023069728066,4.0,2.0,2.0,1.0,2.0,1133953.7636701989,40.025623778333525,400885.98977069394,3709.414026885078,25.74963462532759
VEN,2005,9.875995025915865,1.063498809490334,55.85895982842582,7.0,4.0,2.0,3.0,6.0,116353.1859883575,40.465108466703924,408386.64193053823,4460.878001037698,24.292225835158014
VEN,2006,10.082809770852018,0.7914516828570588,51.273140909995014,6.0,4.0,3.0,2.0,3.0,131289.0725683641,39.364480362340046,445438.7947462145,4314.561835851038,26.140306658525137
VEN,2007,9.119837386725697,0.9604252594398931,50.832901085775234,3.0,2.0,4.0,2.0,6.0,358442.0775884884,41.756642816342946,436198.5115016664,4577.327511052856,25.674008770837506
VEN,2008,10.360756049640205,0.8429947734742549,54.6505418709514,6.0,1.0,5.0,2.0,8.0,522675.83429069805,44.42754768245915,444344.40375246486,4435.339172884915,24.32979045342891
VEN,2009,10.107159074738624,0.791300715376266,52.62576392555296,6.0,3.0,3.0,3.0,4.0,467.96249283960384,43.58845635271239,412001.7299868178,4473.288375423362,26.352931331001564
VEN,2010,10.345620773865777,1.0330722890140371,51.148465856225776,6.0,1.0,3.0,3.0,9.0,320377.6150551653,47.32004509149272,469194.29964735993,4797.4381583321065,28.20824505504953
VEN,2011,11.575474958245021,1.036604909778816,57.7482555740268,2.0,2.0,5.0,4.0,4.0,271139.5130975542,42.99496324132486,440579.15011800453,4796.3768791142,26.953831817630295
VEN,2012,10.130377910913047,1.0176122623891277,58.05359401220844,8.0,0.0,4.0,1.0,8.0,1083821.9378855897,47.08020599701978,415485.23957510095,4987.454120022442,26.74688742358703
VEN,2013,11.41967893070924,1.0457077351730502,55.832630958666094,6.0,0.0,3.0,3.0,7.0,1002304.0989086488,44.56617325217274,435035.0880797665,4542.572027777889,29.441762611819634
VEN,2014,10.883110305379104,1.3147876403354248,52.68420329098344,8.0,0.0,4.0,7.0,7.0,1311823.800714388,48.79787728998816,443599.6700081789,4422.34485598197,28.21701169903505
VEN,2015,10.966768832870596,1.0579729009234957,53.13327537089437,3.0,3.0,3.0,2.0,9.0,1038082.8469534791,48.348961563633985,499023.2459485448,4371.40480737428,25.94169870021205
VEN,2016,11.659372006281247,1.1301884763506513,56.811152203880546,3.0,4.0,2.0,2.0,10.0,880712.0903230641,49.16802950020225,448118.961266143,4445.365269574599,27.659726497831183
VEN,2017,11.471335899721652,1.0472934447396953,55.6016546108876,10.0,3.0,8.0,1.0,7.0,1131340.1554086192,46.803121541731905,478174.2962842623,4863.442618367356,28.611749003709544
VEN,2018,11.66887445056424,1.1318999245650583,56.28105887470254,7.0,3.0,4.0,1.0,7.0,112400.38151797903,50.411465210235455,418744.3991272524,5371.271163428778,28.72439151356578
VEN,2019,11.956940204404592,1.0974956050700821,59.947229733729124,5.0,2.0,5.0,1.0,5.0,246955.6440503437,43.91816378365623,497348.6377705927,5109.397965703038,29.255047279367687
VEN,2020,11.264100138127574,1.091277124297515,59.46165463467806,4.0,4.0,3.0,0.0,10.0,690483.577118599,48.869979631700396,456584.4267068069,4734.886941403233,28.446213598042608
VEN,2021,11.152230445835553,1.276540274670288,61.289993954189725,5.0,5.0,6.0,4.0,5.0,1558633.6299036134,48.37117879352376,488240.4792919508,4977.4924374950615,28.49636239596948
VEN,2022,10.925632635066476,1.2315096405799244,55.56515580171864,10.0,1.0,4.0,9.0,9.0,676093.3931326552,50.11401360171703,490197.57749352645,4685.87244532568,28.923072911121075
VEN,2023,11.116320268626785,1.1540258289557206,57.36346161465141,7.0,0.0,1.0,5.0,5.0,145123.0356985385,48.22888830956876,498043.0253977132,4717.38364946383,30.116282972052492
VEN,2024,13.324331450520337,0.963990301606962,60.28268100372775,6.0,6.0,4.0,3.0,6.0,1823441.011935975,46.33259184967886,492175.60503757134,4605.121193076897,28.13755788576931
VEN,2025,12.378600105283056,1.1242196929376245,59.65458431496441,4.0,7.0,3.0,2.0,9.0,910695.2405527771,46.224294590758916,533140.7050108917,4634.793498783036,29.078372671054385
VNM,1960,0.45649011755272517,-0.27391009911094666,11.790609901879659,1.0,0.0,0.0,0.0,0.0,58631.42659364227,12.380965586101908,15439.482408675382,363.30192095559073,2.8212914505227973
VNM,1961,2.165869201043962,-0.3389148961382543,12.63404243327345,0.0,0.0,0.0,0.0,1.0,33094.99902957906,8.982915153393074,12577.358552673455,449.83337534822476,2.523952064418307
VNM,1962,1.8613223977640687,-0.32094575680258314,15.71683517662145,0.0,0.0,0.0,0.0,0.0,346109.4181741844,6.110280250470003,1483.473120730836,602.4907442750176,4.277375082647492
VNM,1963,1.5588997741499138,-0.3139509417615424,10.1980884673489,0.0,0.0,0.0,0.0,0.0,33067.78643218733,6.082137493701847,12368.300215991912,1094.541567824911,1.4962232579220873
VNM,1964,1.164863477109835,-0.35703237581017416,14.503682462898261,0.0,0.0,1.0,0.0,0.0,175851.8193162879,7.107127217210767,29056.56304057999,311.29770759080196,5.312200108958981
VNM,1965,0.8206915091282998,-0.2797548292385441,13.757975929871995,0.0,0.0,0.0,0.0,0.0,534894.1365119839,3.768537062472099,40226.083343882085,701.2193200907875,5.842898398204605
VNM,1966,1.2424671134392518,-0.27193554337946996,13.324919122271881,1.0,0.0,0.0,0.0,0.0,594769.0732347474,9.367695975759514,11473.472604866023,1011.5546115712104,4.12693186686395
VNM,1967,2.173944508000753,-0.2349040425036918,16.769288852907707,0.0,0.0,0.0,1.0,0.0,185763.97560559385,10.660960369736653,76417.82543195115,872.7144215552651,2.6677454330399906
VNM,1968,2.7307677507887793,-0.23363880575307477,17.185059842376774,1.0,0.0,0.0,0.0,0.0,66347.14605303806,7.312280788825957,66078.52083671174,737.7735117863149,1.8622156434099648
VNM,1969,2.6419784725060578,-0.16160552211804038,13.088614069809578,2.0,0.0,2.0,0.0,0.0,61962.06882537773,6.4183081817087695,53313.569852069486,408.64206639440596,6.588085671940722
VNM,1970,1.589745185727244,-0.13539463548082242,15.504744641461068,0.0,0.0,0.0,0.0,0.0,309651.28108791116,8.315381467377422,30070.095700756985,1215.4428598188892,8.11515300926305
VNM,1971,1.3524674310332938,-0.2758763067654275,17.208452924610054,3.0,0.0,2.0,2.0,0.0,917916.9233280529,13.098642731027866,60621.04982226562,800.3059901006178,5.7040138135838845
VNM,1972,2.2122968383295514,-0.10353649611195789,16.410036374967927,1.0,0.0,0.0,0.0,1.0,19385.007979363163,13.190545321898602,64965.8918427146,742.7485330540399,4.343978982813384
VNM,1973,1.2594979132620094,-0.24776249003513284,19.18581658489623,0.0,0.0,0.0,0.0,0.0,385634.7940069607,12.43544548455317,51120.239914459235,1084.9531946964107,4.791811843682051
VNM,1974,2.6176100066161183,-0.08420094516326038,19.102060788079466,0.0,0.0,1.0,2.0,1.0,33464.06202531506,16.253379988447197,55837.02090259876,1424.8919156009956,8.35774788545058
VNM,1975,2.513022036651363,-0.05854005913360034,23.70267929120785,0.0,0.0,1.0,0.0,0.0,92947.55846815204,9.408700877071103,111153.46160175679,1252.546567439292,7.344436046307791
VNM,1976,2.5069142930020707,-0.23639957302673112,16.065107732246442,0.0,1.0,1.0,0.0,0.0,225760.16640605108,13.432873948822776,91626.46308509048,1144.052217977361,6.181830819246742
VNM,1977,2.0459434313321685,-0.049897633145741,20.402160873503576,1.0,4.0,0.0,2.0,1.0,97879.26292970586,15.897912228826753,129963.31073395658,1364.855784808057,11.215486461730318
VNM,1978,3.457285051038884,-0.06711934266725345,19.302504546268644,0.0,0.0,0.0,0.0,1.0,299412.05589873396,17.193365186740998,116177.54737453557,1415.7715903068704,9.944883478666462
VNM,1979,3.0657058028505477,-0.061117389587018275,23.997263358841728,0.0,0.0,1.0,0.0,3.0,157921.9568950363,18.046743798003384,144374.61276394367,1363.7700944418439,9.761975093491317
VNM,1980,2.9201241652215284,0.13837446064791262,19.40414134338589,0.0,1.0,1.0,1.0,2.0,74197.7294020732,18.731178659928105,153124.02264022196,1579.8303013639825,8.74919970665644
VNM,1981,2.1725299471755055,0.01018646454900008,25.318306644312013,1.0,0.0,0.0,1.0,4.0,232778.9951502925,20.97613098194208,156879.34338999732,1464.8302993178854,11.827988798095149
VNM,1982,4.049472396628341,0.031530675866376104,23.926154865248524,2.0,1.0,1.0,0.0,1.0,7655.340157382006,20.66377729707737,185209.17102557412,1524.7074716882798,11.91535715189718
VNM,1983,5.334885288151193,0.13695515973134167,24.75520672628916,3.0,1.0,1.0,2.0,3.0,435771.6015867125,17.334117656318778,169077.4958573572,1989.3656487592502,11.141652461572196
VNM,1984,5.530176526768377,0.2217970897426006,24.100939179858507,4.0,3.0,1.0,0.0,3.0,243787.18701598176,19.92208296887872,140523.8542798163,1872.7189219228999,13.445315391483932
VNM,1985,4.578887343641567,0.1927331831962225,27.714343574404754,0.0,0.0,0.0,2.0,3.0,989490.9084622576,18.175016873377583,156079.17628810852,2068.4055397194584,14.035183373676135
VNM,1986,4.768819973998778,0.33540938747361704,32.77686832010471,2.0,1.0,0.0,0.0,4.0,37420.334962585366,25.300763090344706,184967.5173465405,2004.7763631690711,13.620266087040452
VNM,1987,5.663456253909061,0.32337002605847287,31.214902450593353,2.0,1.0,0.0,3.0,0.0,464545.41544145736,26.837899951600217,231864.78074764306,2166.882901305429,12.309984242141889
VNM,1988,5.102837403373237,0.14600869872152103,34.077501179062295,0.0,1.0,2.0,1.0,1.0,128892.08595763434,22.511636627048812,215651.45316267837,2302.168071635562,13.174752057178075
VNM,1989,6.136269686388383,0.3176759429531354,37.91264518096868,2.0,1.0,2.0,2.0,2.0,171639.36861421017,25.52100415521609,243157.8193949289,2394.58595712014,13.08188728650906
VNM,1990,6.690496160071197,0.3550526320518641,35.65938896205644,2.0,2.0,0.0,2.0,3.0,160671.56340226738,23.55029351898099,263865.1400972835,2553.6831732166665,17.854455894232053
VNM,1991,7.242747259741287,0.4783155762406578,34.85196044379115,1.0,1.0,6.0,0.0,2.0,169524.42680955678,28.351779616778607,267066.46594083746,2813.7997462987623,14.654297106075798
VNM,1992,6.765502375117523,0.2697490311900358,38.65983040358088,3.0,1.0,3.0,1.0,9.0,219798.08059000078,27.881788489901744,218203.52502550642,3210.856584413476,17.443094600607235
VNM,1993,6.988976536982324,0.7230288035960722,37.36138547479722,4.0,1.0,2.0,1.0,2.0,8438.365096289532,28.222567213769658,258033.33594803174,3178.693476477368,15.857114330072234
VNM,1994,6.880068103908176,0.60038234377146,38.673326297379674,0.0,1.0,1.0,1.0,3.0,759671.7474056054,31.88522154461529,343804.726311295,3035.2075756801137,21.120365866129145
VNM,1995,7.182826105248408,0.6078450742363827,37.323234561045275,10.0,4.0,0.0,2.0,8.0,880828.9250651888,37.24482916384672,319742.40446466574,3076.9033684235037,17.801324119324786
VNM,1996,7.794822158753269,0.7275755072748044,44.598459039000744,4.0,1.0,2.0,2.0,7.0,16951.266528494387,35.8435445545426,255825.80848668702,2916.517886662077,20.530272936403378
VNM,1997,8.395394546353213,0.8565927596940759,42.44438216928471,3.0,2.0,7.0,2.0,6.0,639592.7895513895,34.502045787941135,336165.2421540999,3282.293500347792,18.514123298569523
VNM,1998,8.960017693051663,0.7736189013712522,44.95396967092028,3.0,1.0,4.0,3.0,6.0,32632.54716764653,35.93956495052045,390273.02529469266,3284.755471213026,22.53840587216503
VNM,1999,8.214091383546346,0.8134242519177358,42.9575703097336,2.0,1.0,3.0,1.0,2.0,729810.6195247849,41.21895687306576,362595.01932585647,3654.274057253899,23.425257924185075
VNM,2000,9.765469581396781,0.7801489277651583,47.642798005788926,2.0,3.0,1.0,5.0,5.0,427184.4869541948,40.729574187037,366905.9135784249,4128.090367861399,22.494257908982544
VNM,2001,8.972095143744376,0.7890941086828325,45.60815218441818,5.0,4.0,5.0,3.0,6.0,167349.72554462813,38.06271226822871,329762.1584996027,3733.353120739359,22.915157889882245
VNM,2002,9.325748815988351,0.7915760180780361,48.07196737069632,4.0,1.0,2.0,0.0,5.0,442500.4207310714,40.7112635215741,377735.36619860504,3570.675221718996,24.654036901576436
VNM,2003,9.107455589479427,0.7912470135309305,51.486314230225744,3.0,1.0,4.0,5.0,5.0,333834.72599778295,38.11574324779261,352133.26972062205,3947.365520652125,23.149932884509063
VNM,2004,8.331176568766749,0.8285330937177711,52.08609270851041,4.0,1.0,2.0,0.0,5.0,484765.4783396687,41.15398132084478,370789.4736556908,3966.6718598498232,25.985554681313488
VNM,2005,10.410432579134504,0.8000746847623913,50.82364862838983,4.0,3.0,2.0,3.0,3.0,314469.39020975586,43.51033191843046,372762.81481508893,4438.956660918819,25.307224677612947
VNM,2006,10.49189666986828,0.9251597001594773,47.180591674929424,6.0,1.0,6.0,2.0,4.0,733715.2124241395,44.73661678531382,459576.2027760395,3767.558689122632,23.094264518621195
VNM,2007,10.061886106196377,0.8180821696882336,59.758763170974866,5.0,1.0,2.0,2.0,4.0,23278.923763446957,41.60876130124214,441086.35194785247,4040.9786111823805,28.260337992959133
VNM,2008,10.407232416048693,0.9883116180907167,57.272094180658456,9.0,4.0,3.0,2.0,8.0,215232.7149549285,45.87065444678811,464170.8384894791,4512.133910162057,26.285786520688706
VNM,2009,10.800417595005381,0.9889199923758161,55.301263344070854,5.0,1.0,3.0,1.0,4.0,424019.2333753728,44.47911007202698,402055.3295534226,4019.643897902682,25.883485340507157
VNM,2010,9.730702529035884,1.0210301486355469,52.156844444916686,7.0,5.0,1.0,3.0,6.0,465844.04207997164,43.98667739250436,445277.33606016875,4574.58649854671,26.893834588029474
VNM,2011,10.441181266776333,0.9836745604854198,54.26117853596444,3.0,0.0,1.0,1.0,9.0,98928.65937327039,49.38652458430881,420408.75002437196,4330.887238380323,25.939537759662166
VNM,2012,11.30957156590617,1.2865480470229442,53.65392446957445,6.0,2.0,3.0,0.0,12.0,41824.692928101314,44.70046730840284,427741.57223194506,4772.344656098071,26.992947256102894
VNM,2013,10.230869530006835,1.1630125343906554,58.60349179699816,9.0,1.0,3.0,2.0,5.0,11607.984703923503,43.406546216818825,466242.2501845719,4560.2160557415,28.553623801553602
VNM,2014,11.212309801315705,0.9673602856029463,56.49762240243347,3.0,5.0,4.0,5.0,8.0,295678.28697084484,44.74425339988634,462957.9656221414,4571.5666246361,28.633937932028847
VNM,2015,10.347596392097241,1.0972563589601625,54.24668135303825,6.0,3.0,0.0,5.0,12.0,225593.78022580853,48.21912175031319,469288.20765131386,4784.185606155494,28.74354374198115
VNM,2016,11.473105405950792,1.0407380360156595,55.36619123502071,2.0,3.0,6.0,2.0,10.0,478164.6379062751,44.66868334145109,434159.6076594809,4679.527998957606,27.22268035227663
VNM,2017,11.255312553023487,1.0180842521722127,59.65430255357494,6.0,1.0,3.0,1.0,9.0,344741.66948896716,49.0322671928897,471759.70886714605,4413.537210014885,27.031627291229736
VNM,2018,10.412071183017343,1.0010755528718953,61.134035822107755,9.0,4.0,1.0,4.0,11.0,293077.7466019428,45.50007446694104,480070.5048788761,4608.178718002297,28.937972661749875
VNM,2019,12.06995915341107,1.151131634335272,61.213150754794725,8.0,1.0,3.0,5.0,5.0,1098230.4814945168,47.48417574121872,457129.13530650927,4372.498096364306,29.618791919565915
VNM,2020,11.032212301799106,1.0696081841103275,59.52128650375661,5.0,4.0,11.0,1.0,6.0,582949.1235367589,52.83866646946608,469549.6937246865,4573.979347087349,27.64643110838671
VNM,2021,11.038371416894242,1.2084544740162784,57.213075080939106,7.0,3.0,5.0,3.0,7.0,631036.34549568,46.074548002352316,437439.3919492693,4294.775931375867,28.474089658827495
VNM,2022,11.664921476245002,1.2168374206876125,49.93792929683899,5.0,2.0,4.0,2.0,4.0,295806.344091292,43.692415687147665,426671.1935126175,5365.401769435384,29.452837426610653
VNM,2023,12.251397799286195,1.2529992479806982,58.96434059588874,6.0,2.0,6.0,4.0,7.0,933678.7966368945,51.47614671626307,532357.5574950788,4826.630163450351,28.869955090064366
VNM,2024,11.04450461005524,1.080136315196551,58.380654867967216,5.0,2.0,5.0,5.0,7.0,103936.08733564164,45.39599448408771,488995.2273354948,4973.480298553996,30.715806582658413
VNM,2025,11.698375260021987,1.191129679653191,58.884343703235565,5.0,2.0,4.0,5.0,7.0,327780.6623121113,46.853032986565715,476418.2128431633,4665.950381497501,27.348126828395642
ZAF,1960,1.3616774984811353,-0.2536268652508236,12.226702127934356,0.0,0.0,0.0,0.0,1.0,149475.55382378591,5.889143390522218,-12333.389211494105,727.1169903213936,3.484626469661333
ZAF,1961,0.5429679138552135,-0.3164482439757791,15.427148221700001,0.0,0.0,0.0,0.0,0.0,132216.39929693105,3.104934809192093,41706.07753968549,507.9392313756166,5.387531495849167
ZAF,1962,1.2198189388709175,-0.27664763973076695,13.151135465262868,0.0,0.0,0.0,0.0,1.0,57023.87114435832,3.4697723908159874,37658.04205144571,461.4584905308907,5.306827692899377
ZAF,1963,0.45712893507749197,-0.37584814671002265,11.165018478141146,0.0,0.0,0.0,0.0,0.0,190465.19760059848,7.643795072316525,46668.55340533611,534.893046636869,4.890109246999033
ZAF,1964,0.9493054386765404,-0.3365251059648341,11.144209465970754,0.0,0.0,0.0,0.0,2.0,234650.4581691629,7.577401506447494,32226.54308219727,870.631756884191,2.4391492850565983
ZAF,1965,1.5562436823762595,-0.3153180028540971,12.667404271897569,0.0,0.0,0.0,0.0,0.0,160775.7304078726,5.7586851681295155,60279.61893614016,779.7100125481377,2.6445752178885975
ZAF,1966,0.5405146128993974,-0.1983874871903198,14.34329341072332,0.0,0.0,1.0,0.0,2.0,134057.49912296367,8.119147092879889,82432.447321692,252.40999918217506,3.2988120684295
ZAF,1967,1.8011870259980753,-0.12001309535179097,17.540114389433462,1.0,0.0,0.0,0.0,0.0,50061.89701305486,10.113338422543876,84655.22095874784,425.47628123301195,3.820760489692469
ZAF,1968,1.6358388904935373,-0.3048129575479339,11.636302852568164,1.0,0.0,1.0,1.0,1.0,165238.8198319619,12.393340044298597,30343.502658999714,737.0608767497198,5.095372895964908
ZAF,1969,2.072295167539409,-0.13929723451440484,14.655275365058758,1.0,0.0,0.0,0.0,1.0,29852.555470072137,8.352037408729846,117804.37255891736,938.7743208280976,4.924336543213188
ZAF,1970,1.999584230341532,-0.3828495181826681,16.320921149693575,0.0,0.0,0.0,0.0,0.0,16986.46197140057,11.248194140895388,76903.83173610677,806.392870766939,5.1114774169927335
ZAF,1971,2.780628202409436,-0.2873615931065866,11.921159299076304,0.0,0.0,0.0,0.0,1.0,349774.8209339321,14.768146459851849,30332.98320776956,793.3671057871902,5.2819461811865525
ZAF,1972,2.203291335378156,-0.2497405726541616,15.008557537608372,0.0,0.0,0.0,0.0,1.0,270684.8580253127,13.070804275779189,82694.8836898807,735.4156618069597,4.743476918316034
ZAF,1973,2.029442362313629,-0.2610562710216023,16.02354190483627,1.0,0.0,1.0,0.0,1.0,259147.55447488805,10.219640747912955,83804.38931852521,1240.544886709577,5.679304892056352
ZAF,1974,2.502109635203432,-0.2579164873972856,16.40915480867753,1.0,0.0,1.0,0.0,2.0,671380.4954157623,12.787317694815336,81913.96478816002,1112.8999081710863,10.110482219428738
ZAF,1975,2.910289890469021,-0.07507924893880603,19.601000052871935,0.0,0.0,0.0,1.0,1.0,125811.75988700942,13.62488858887708,86956.50341895457,1552.3074191878818,8.086817319853921
ZAF,1976,2.80297982201359,-0.10061963751195968,19.489406548316417,2.0,1.0,0.0,0.0,3.0,137802.35501696396,15.336011413270683,117230.28178170638,924.3045011676211,7.566912462968411
ZAF,1977,2.9862379174528084,-0.026983541059684993,19.32003559136948,1.0,0.0,1.0,0.0,3.0,148186.0209752113,14.725316235355429,125486.13170387721,1469.0128002273939,5.8960108016698864
ZAF,1978,2.7583197692724126,0.025598161291292866,22.643667391430707,1.0,0.0,1.0,0.0,2.0,178415.07687095864,16.504553162763212,101868.57863269783,1516.6374574225401,7.094685180034486
ZAF,1979,2.9908407580643517,0.020833190501614415,26.794681514359745,1.0,0.0,0.0,1.0,2.0,210356.8751016113,18.53258907085703,112250.88622698908,1672.8562721488788,8.933526912766396
ZAF,1980,2.78632831447012,0.08292732828402208,27.545212360354135,2.0,0.0,0.0,0.0,1.0,451546.9269364887,14.735767041404031,120855.45275145558,1758.2913820009937,11.43378200896603
ZAF,1981,4.830087347144945,0.05691821290061205,19.645595438593958,1.0,0.0,0.0,0.0,4.0,75497.77261131431,15.035911785032578,140875.37546279293,1539.3826766186282,10.414086432371862
ZAF,1982,3.3500721066824677,0.0010813591313605098,26.943956403207224,0.0,1.0,2.0,1.0,2.0,179332.774981242,20.32100797022512,177819.5590606814,1714.6681955075946,10.982487279160782
ZAF,1983,3.917420131333443,0.21552469899659793,26.145553166432098,0.0,2.0,1.0,0.0,1.0,226864.19117090487,19.586678338412987,196577.76123027605,1898.624062038563,12.8447483925792
ZAF,1984,4.161868300701063,0.11982093941623712,28.105073045873617,1.0,0.0,1.0,1.0,3.0,61138.14261882183,22.887465894829184,172470.98766019347,1729.7517171142115,10.561834539489936
ZAF,1985,5.356299207921726,0.12921736617603857,27.881325856050896,3.0,0.0,3.0,1.0,3.0,408533.49017557007,24.436596981021278,216811.06453362168,2316.877205776567,14.539784563282906
ZAF,1986,4.945495843688886,0.22786631375572497,30.359588569095408,1.0,3.0,1.0,1.0,2.0,19981.00496517596,18.895656020910472,212275.12052275555,1604.6593616693044,12.699963781310771
ZAF,1987,6.111362748453319,0.20786709955762456,31.656392649597098,1.0,2.0,0.0,1.0,3.0,310791.48474993336,22.266757537948084,216672.64322998596,2026.9885056527085,15.53696448636514
ZAF,1988,5.28965192196628,0.2868711737408809,31.060920741003798,6.0,1.0,0.0,1.0,2.0,81296.94349658623,24.975898184858895,272227.7484632382,2021.4271478668002,16.94282308736353
ZAF,1989,6.123160987270876,0.38755761375877334,31.510121756490044,2.0,0.0,1.0,0.0,2.0,3125.33768802802,24.07258861792601,246246.81038656094,2791.0415332089224,14.030418119737563
ZAF,1990,5.76967544437564,0.42786733913969016,33.87826079345129,2.0,1.0,2.0,0.0,3.0,142298.82971613234,26.43582938173876,247121.94477540004,2700.6681984762577,16.000051064891377
ZAF,1991,7.770721404477508,0.3681402946522536,36.834607535088914,4.0,1.0,1.0,2.0,1.0,214434.27182589483,25.74703666304198,283815.35322170204,2642.1636456067513,17.804175719513104
ZAF,1992,6.140221878151527,0.4407179658640652,38.98919071983456,2.0,1.0,2.0,1.0,6.0,662967.3460112672,28.755692345444114,244657.3882959857,2906.853110679016,16.993997198528337
ZAF,1993,7.2842358517146195,0.6050546672802739,40.855498283933315,5.0,2.0,2.0,1.0,1.0,208285.2137001738,28.676342028653263,282174.072400626,3061.9778313081424,17.722052826229046
ZAF,1994,7.749329797829155,0.5976122655986386,38.69890794795532,6.0,1.0,0.0,1.0,7.0,1000447.8141765607,32.716348600547164,306276.1980959568,2822.522270881012,18.205498609966483
ZAF,1995,7.896216789855939,0.7619401330708507,41.832577978349576,1.0,0.0,1.0,2.0,3.0,762537.6830637952,35.04111527842415,329555.5218881173,3259.8577553855644,16.824031033958867
ZAF,1996,7.818507117741965,0.7274603438605949,44.68907179117301,4.0,0.0,2.0,0.0,4.0,89924.73598521687,34.97421091032185,329197.0018952149,3660.9502878148332,21.558855262961092
ZAF,1997,8.109512477587192,0.7606438809538609,46.323375846268625,9.0,0.0,1.0,0.0,1.0,72362.02871439868,40.91337663229798,302263.84103003115,3808.2464229622547,19.29570702100022
ZAF,1998,8.459898129355532,0.5929296857677158,44.351641921051815,2.0,2.0,0.0,5.0,6.0,121584.65915722652,38.16129520249893,323217.6675377617,3743.407605942894,18.11431671017162
ZAF,1999,8.591393129251164,0.79862803233068,44.995145818901165,3.0,1.0,3.0,1.0,5.0,197262.1565652926,39.02076463273322,345010.18115783716,3702.162328263681,23.372231267040682
ZAF,2000,9.46140414640213,0.765445181672255,47.03073951609123,4.0,2.0,0.0,2.0,6.0,394119.97393038747,37.71290521079687,371825.5010139015,3953.244257394808,23.14837886313432
ZAF,2001,10.39904194025888,0.7563376246691283,44.63873659751237,4.0,2.0,3.0,1.0,6.0,60610.62064274826,38.07127523477206,343021.5275481521,3992.0646042084,21.161973080347927
ZAF,2002,9.017477233859198,0.8430808808410305,47.94221539736211,10.0,2.0,2.0,1.0,2.0,353109.4684531038,42.448107278775275,419650.7495711837,3647.937100521241,25.039387052215783
ZAF,2003,8.749465591731456,0.9329528956370127,51.15321514831075,6.0,1.0,3.0,1.0,7.0,410764.7065420826,39.793256835110874,400938.71224599204,3778.7148536547334,24.935048296193468
ZAF,2004,9.674352540621719,0.9235607489740678,51.71406225153834,8.0,2.0,0.0,1.0,6.0,519087.098780539,41.176847773489584,408418.56103964255,4219.408289014827,24.461598454447497
ZAF,2005,11.385439345378135,0.8378412578024652,50.20305479877246,10.0,3.0,4.0,1.0,4.0,389372.233345482,41.403437953078544,404649.25579616916,3985.500747943056,24.4015698945999
ZAF,2006,9.606098552457535,0.9906261293016889,52.14521475941414,2.0,2.0,3.0,2.0,4.0,863255.6264541867,43.6557327962928,380166.2728033265,3969.5569630350665,25.125212655707873
ZAF,2007,11.166141614669689,0.9018485725002674,50.215110895096544,1.0,2.0,4.0,2.0,6.0,515604.661126231,45.05500101676487,425187.5749892314,4577.015072722988,25.96407189926783
ZAF,2008,11.333390721738345,0.9903729456763627,54.66617712553818,8.0,1.0,2.0,2.0,7.0,1317995.8619932896,46.011439070688844,447884.75750368845,4348.041019821141,24.924062509798524
ZAF,2009,10.185439305843428,0.9675584356210326,53.30002269150893,4.0,5.0,2.0,4.0,8.0,624652.4588306568,43.461676043097675,431251.8939248087,4373.229243745257,27.92223153994866
ZAF,2010,10.95633166727718,0.9917660246257617,53.34997526965377,4.0,1.0,1.0,2.0,9.0,300770.6449287606,45.045728187860725,467193.23740121454,4157.055438298199,27.440210580731808
ZAF,2011,11.681714614549362,1.08674452409026,53.640849349985885,2.0,3.0,7.0,1.0,7.0,125309.57519313564,45.83621634684587,444005.67809601076,4381.802653946301,26.756256531302007
ZAF,2012,10.634870924055814,0.9571837198232321,54.855240876766096,6.0,2.0,3.0,0.0,6.0,5711.278812942443,48.80568387035396,467590.35755669774,4450.4671431910665,29.64731963763172
ZAF,2013,10.835027241270296,1.209818868318385,54.3241578369273,6.0,3.0,6.0,3.0,4.0,51877.517237163964,41.88062697351808,451766.99834892363,4359.019062559561,27.02636419648107
ZAF,2014,10.709047464799422,0.9212368000661644,57.48672276531029,3.0,2.0,3.0,3.0,6.0,116728.03939821331,46.28298092677146,467961.5375588685,4323.453951025783,29.84016198023179
ZAF,2015,10.5441458096073,1.030813497305622,55.21888212889738,5.0,3.0,3.0,2.0,3.0,137199.01872900507,45.13947741631815,483806.50533353357,5054.225064201313,28.285717196827903
ZAF,2016,10.83157357763856,1.1189954786459846,60.525489222901115,8.0,4.0,3.0,1.0,8.0,772330.9429653764,45.690581867041445,438543.58658957557,5006.25886392564,29.124760335217307
ZAF,2017,10.572040751956242,1.1459877636236306,60.51435845585363,10.0,3.0,5.0,2.0,9.0,281734.0860749746,45.25259707888128,484726.8536589546,4679.356459726541,27.722786360819722
ZAF,2018,11.360369971412066,1.1002432609160737,54.9049324804203,5.0,0.0,4.0,5.0,6.0,229530.9347615832,48.63343497461492,497700.2781915569,4418.588932109425,25.777377670776005
ZAF,2019,10.957499416739477,1.1119630428344083,57.566582519652314,9.0,2.0,2.0,1.0,7.0,31869.72587856962,42.13893157435784,528625.5467050921,4349.412379098071,29.210718861411557
ZAF,2020,11.589029357737664,1.1569626097421026,56.00206478778118,9.0,1.0,7.0,6.0,4.0,464172.69895150117,47.554310720619725,478109.72699019226,4670.9797426138475,27.008981533183896
ZAF,2021,10.609626571610423,1.1125428338976477,57.028018344974164,7.0,1.0,5.0,2.0,8.0,576575.3126972337,43.961701085048134,426114.28371766483,4267.821035081793,27.935220650705293
ZAF,2022,11.739850321360523,1.2487893441599698,63.047782529273775,5.0,2.0,4.0,6.0,8.0,1293078.2101736537,46.67940267867761,436024.42869431776,4709.514764132887,29.00950400902264
ZAF,2023,12.070210476289816,1.2102340263023104,57.452511993578696,6.0,2.0,6.0,5.0,13.0,435032.5751774777,47.91837413266586,460115.4268632004,4357.783203049069,28.105541193514902
ZAF,2024,10.482204161489232,1.2181532045629302,59.28579185777104,11.0,1.0,5.0,6.0,6.0,4882.573085019713,47.63401016873098,515880.99449680175,4826.059328366171,29.051329508357274
ZAF,2025,11.877991874021756,1.0758078929281967,59.88769169745288,3.0,2.0,1.0,2.0,5.0,43035.6683750844,50.21353275493494,540182.1872024662,4908.38954179829,29.45864573590324
